https://www.cpp.edu/prospective-student-gateway/index.shtml,133
https://www.cpp.edu/faculty-staff-gateway/index.shtml,113
https://www.cpp.edu/~alumni/,134
https://my.cpp.edu,95
https://www.cpp.edu/index.shtml,73
http://www.reddit.com,90
https://www.reddit.com/new/,88
https://www.cpp.edu/student-gateway/index.shtml,137
https://www.reddit.com/register?dest=https%3A%2F%2Fwww.reddit.com%2F,9
https://www.cpp.edu/~cppmag/building-a-better-california/the-american-dream.shtml,24
https://www.reddit.com/controversial/,82
https://www.reddit.com/login?dest=https%3A%2F%2Fwww.reddit.com%2F,4
https://www.reddit.com/original,121
https://www.reddit.com/top/,87
https://www.cpp.edu/#main,73
http://polycentric.cpp.edu/2019/03/spring-pizza-with-the-presidents-on-march-21/,135
https://www.reddit.com/,90
https://www.reddit.com/hot/,90
http://www.cpp.edu,73
https://www.reddit.com/r/all,89
