dedicating,1
projects,1
hands,1
fairs,1
Alumna,1
Recipe,1
String,1
your,3
Alumni,2
Success,1
via,1
Dream,1
Design,1
Rights,1
music,1
Michael,1
diverse,1
91768,1
Story,2
you,3
beer,1
navigate,1
SEARCH,1
Discover,1
California,2
community,2
AM,2
an,1
0,1
1,2
planning,1
2,1
as,3
Here,1
See,1
3,2
at,6
4,1
5,1
Excellence,2
Haimo,1
science,1
plant,1
professors,1
Museum,1
restaurants,1
guest,1
Chamber,1
poster,1
Sale,1
A,1
MyCPP,2
B,1
Set,1
I,2
Website,2
J,1
tomato,4
turn,1
M,1
The,13
how,1
greenhouses,1
humanities,1
U,1
Jobs,1
Watch,1
national,1
Z,1
Workshop,1
Graduate,1
getElementsByTagName,1
connect,1
CA,1
Directory,1
Faculty,2
Social,1
a,10
Center,5
committee,1
address,1
Showcase,1
d,3
f,3
benches,1
jobs,1
i,2
j,4
staff,1
right,1
l,7
Shpachenko,1
m,2
sample,1
food,1
Readers,1
the,31
p,1
sale,1
counselors,1
s,9
Thursday,1
partner,1
t,1
returning,1
w,4
Submit,1
showcase,1
Your,2
Hall,1
Career,4
Handshake,1
Take,1
Quartet,1
Email,1
generates,1
Apply,2
dl,2
Giving,1
Index,1
enjoying,1
resumes,1
insertBefore,1
Teaching,2
hold,1
spring,1
Angelenos,1
baking,1
agricultural,1
Friday,1
leave,1
Southern,1
Business,1
which,1
area,1
Searches,1
PolyCentric,4
need,1
For,1
its,2
createElement,1
parentNode,1
Dr,1
About,1
take,1
vision,1
parser,1
University,6
Video,1
State,1
Early,1
hesitate,1
Lopez,1
some,1
Alexander,1
getTime,1
Bird,1
Directions,1
provided,1
searching,1
for,8
Mathematics,1
enticing,1
Annual,2
related,1
behavioral,1
provides,2
EOF,1
Activities,1
Garden,2
Nutrition,1
Report,1
perform,1
go,1
Tasting,2
7th,1
Talk,1
Info,1
Pizza,1
ranging,1
with,9
Villiers,1
2019,1
soprano,1
eHelp,1
Schedule,1
Previous,1
FivePoint,1
Professor,2
college,1
GTM,1
career,7
Popular,1
Token,1
Prospective,2
internships,1
President,1
Helps,1
https,1
id,1
if,1
letters,1
gtm,3
violist,1
Don,1
musical,1
in,15
20th,1
advisors,1
is,5
sense,1
it,1
Student,2
MAA,1
Japanese,1
script,1
IX,1
Ready,1
lively,1
field,1
400,1
biological,1
don,1
works,2
American,2
js,2
Rose,1
savor,1
air,1
Academic,1
unforgettable,1
world,1
Commencement,2
known,1
Events,1
Sciences,1
peer,1
Mathematical,2
Rudolph,1
opportunities,1
off,1
Temple,1
LA,1
oral,1
accomplishment,1
com,1
All,1
use,1
while,2
upon,1
Read,7
Returns,1
that,1
revenue,1
Aratani,1
Education,1
www,1
academic,2
function,1
than,2
all,1
new,1
Tepper,1
greenhouse,1
Box,1
Have,1
Polytechnic,1
Range,1
picking,1
Advisory,1
friends,1
200,1
63rd,1
true,1
Skip,1
Library,1
oriented,1
Reserved,1
Graduation,1
passionate,1
university,1
KoppArchival,1
Visit,2
mixed,1
best,1
Committee,1
transform,1
and,33
of,21
design,1
Safety,3
on,6
Bronco,1
or,4
src,1
social,1
Auction,2
Closet,1
West,1
Coley,1
Award,1
activities,1
semester,2
Emergency,1
Main,1
formerly,1
PM,2
coming,3
On,1
Franklin,1
Soraya,1
00,4
attire,1
Friends,1
Staff,2
taste,1
about,2
Extended,1
Document,1
professional,1
cover,1
enrichment,1
Students,6
annual,3
Petersen,2
January,1
meeting,2
they,1
events,1
10,2
shopping,1
goals,1
based,2
12,3
vibrant,1
15,2
Hour,2
17,2
undertakes,1
wonderful,1
something,1
benefit,1
000,1
input,1
mission,1
6ee52dcdGoogle,1
re,2
21,1
Highlights,1
24,1
access,1
entertainment,1
document,1
Metadata,1
March,5
students,7
Nursery,1
into,1
Athletics,2
Association,1
artists,1
are,6
Proceeds,1
variety,1
plants,4
supports,1
Question,1
where,1
Agriculture,1
graphic,1
popular,1
PSKJRNV,1
receive,1
Distinguished,2
one,1
Calendar,1
launch,1
Megan,1
ceremonies,1
Baltimore,1
Guests,1
Music,2
RSCA,1
Event,2
Learn,4
to,23
experts,1
fabulous,1
open,1
country,1
joint,1
dataLayer,2
Jennifer,1
Manager,1
individuals,1
research,1
interviews,1
Arts,2
sciences,2
Last,1
Maps,1
Search,1
Tickets,1
To,1
has,1
Andrew,1
campus,1
ultimate,1
engineering,1
develop,1
ve,1
Collins,1
museum,1
googletagmanager,1
mezzo,1
College,10
know,1
fields,1
Us,1
full,1
Beauty,1
benefits,1
LLC,1
needed,1
aspects,1
assistance,1
What,1
Linda,1
auction,1
Plant,1
Integrative,1
News,3
supporting,1
Password,1
prestigious,1
org,1
learned,2
start,1
was,2
Title,1
what,2
Deadlines,1
Clothes,1
ones,1
Switkes,2
window,1
time,2
Come,1
Important,1
competition,1
during,2
Math,1
Security,1
issues,1
Conference,2
three,1
Automotive,2
commencement,1
Privacy,1
her,1
Lanterman,2
Holdings,1
review,1
Work,1
broad,1
Development,1
Special,2
surrounding,1
Huntley,1
Campus,2
goal,1
Kellogg,1
var,1
work,2
push,1
creative,1
Drop,1
Studies,1
provide,2
wines,1
Next,1
Get,2
pride,1
Society,1
Resources,1
Current,2
3801,1
Hospitality,1
enjoy,1
Research,1
presentations,1
our,1
More,4
physics,1
Avenue,1
place,1
grown,1
event,1
Presidents,1
picturesque,1
established,1
Administration,1
explore,1
more,3
jsoup,1
Tomatozania,3
Plan,1
gathering,1
help,1
site,2
His,1
mingle,1
Tag,1
interests,1
Day,1
board,1
perfect,1
craft,1
Mar15,2
experience,1
Mar19,1
his,1
Creative,1
major,1
presented,1
from,4
tassels,1
rain,1
discover,1
Environmental,1
Letters,1
Pomona,15
Media,1
Cal,12
most,1
Deborah,1
concerts,1
Fields,1
Mar12,1
Content,1
job,2
honored,2
largest,1
Accessibility,1
mathematics,1
part,2
Science,1
their,2
Poly,12
envision,1
Ihnen,1
inclusion,1
can,1
Engineering,1
award,1
Feedback,1
ready,2
America,1
win,1
Technician,1
will,4
Establishes,1
advantage,1
cuisine,1
resources,1
Management,1
Change,1
posting,1
Date,1
shine,1
Contact,1
async,1
Colleges,1
Mentoring,1
