BBC,13
Twenty,3
half,13
upload,5
HemigalinaeChrotogale,4
Ray,3
diverged,3
guards,6
Western,35
Chronostratigraphy,1
ten,2
dewclaws,3
energy,4
recallsDogs,4
cdc,1
BCE,4
Wilderness,3
roii,1
scratch,3
Aplin,3
Bourlon,4
require,4
Cumberland,1
Domingo,3
Strauss,3
antonii,1
ThomasSports,1
Svante,4
Ralf,4
standards,9
depictions,16
Diet,6
Haustiere,3
Culpeo,5
rounded,1
A,391
Neogene,3
ceb,1
B,110
C,262
role,19
Druzhkova,3
Huth,1
D,112
E,102
Selection,6
F,82
G,167
Spectacled,4
H,150
I,29
J,164
K,73
L,201
M,344
N,71
O,47
Seinfeld,1
result,16
P,226
Q,11
R,82
same,42
S,161
T,65
U,55
V,107
Indonesian,4
W,43
procedures,2
X,24
Y,8
Z,26
after,53
Categorization,1
hand,4
Food,1
a,971
topcoat,3
Center,4
b,183
c,66
Cahill,1
d,54
Plio,1
e,96
posture,7
f,14
g,18
h,9
i,14
j,66
k,8
cfm,1
l,27
eating,32
blood,3
m,19
violating,2
n,30
RfC,1
o,7
the,2258
straight,12
p,85
Red,17
stasis,1
MobSongs,1
entering,3
Geologicalrange,3
r,7
s,284
abyssinica,4
Act,2
t,11
Freeman,3
readers,9
u,1
v,1
w,9
Adversaria,1
x,20
y,3
obvious,2
information,41
compressus,1
wikis,2
Trinomial,3
doginteraction,4
Res,3
Rev,3
reopened,3
resolve,2
Muthappan,6
Checkingfax,1
Paradoxurus,4
Nobleman,1
good,8
faithful,3
empty,3
reproduce,3
tie,2
Adv,3
Jourgensen,1
serious,6
tip,2
disperse,1
Carcopino,3
VakavitiNederlandsNedersaksiesN,3
Rapa,3
Delacroix,1
forsteri,4
disguised,3
gone,1
divergence,13
sand,6
chy,1
Shelby,6
jerdoni,4
provided,4
Brooklyn,3
WikidataWikipedia,1
Homini,1
salting,1
root,1
Present,7
hard,1
temerarius,1
Islands,21
Age,8
Gary,4
Crossbreeds,4
Rare,4
quarters,3
multiple,12
Chronostratigraphic,1
Ensemblvte,3
Biagi,4
uploads,1
ranging,11
better,10
userpage,1
omnivorous,1
Tobycat,2
permit,3
cancer,9
Rufus,1
ckb,1
taking,6
Gaubert,1
Cormocyon,4
Rugby,1
existShutter,1
Molina,4
signatures,1
Daryona,2
gained,3
Ribbon,4
Katcher,3
block,6
VaccinationTraining,4
siplicidens,1
flow,1
order,16
protecting,7
Duckworth,1
Parvovirus,1
morphology,6
Cerdocyon,13
Ain,3
predatorsAnimal,3
Wilton,1
resonance,3
exertion,1
itemCite,8
radiations,1
anal,1
cancers,1
castrated,3
APEX,2
IfNum,1
guttulus,4
Parlor,1
remix,1
tarijensis,1
subsection,1
pine,8
BLP,2
Rupert,3
toc,9
protection,186
toe,2
tschPolskiPortugu,3
Prevention,16
Barking,4
Cryogenian,1
SNP,4
top,6
syndrome,9
have,260
Richard,14
BMC,3
BMJ,3
toy,7
biomechanical,1
Ligia,1
implications,4
backlogs,1
Nonetheless,1
question,1
drugs,3
Overpopulation,6
Four,5
chilla,2
pardus,4
wishing,1
Territories,3
Tisquesusa,1
carnivores,24
Walrus,4
Comptes,1
regard,3
Sablin,6
rose,1
BNF,8
Ale,1
com,37
All,10
stably,1
Ilana,6
findings,4
Alt,4
Angela,7
Disruptive,1
Archived,68
abilities,13
Jinchuan,3
Copyright,1
Raza,2
Random,3
latidens,1
eversmannii,4
Phlaocyon,11
owns,3
Archives,6
puppiesCanids,1
Huang,1
circumstances,2
nynorskPlattd,1
including,42
NovaMagyar,1
Courtesy,1
Lineage,1
constitutes,3
Amy,3
toxocariasis,12
mounting,3
violation,2
Dire,1
metabolism,6
Dogat,3
Godinho,4
Clubs,2
Ann,9
specialized,1
became,15
Eruditescholar,1
cemeteries,3
chicken,6
Larson,13
Leopards,3
captivity,1
Podberscek,3
Any,1
PhlaocyonBorophagini,1
bloat,3
SRM,1
microsatellites,1
times,4
footed,12
muscle,5
Jasinski,1
says,2
That,4
Carnivora,24
Dominic,6
SSC,1
comments,1
Than,3
aforementioned,1
Getting,3
Their,18
entirelypets,3
apolloniensis,2
FULLWP,1
Centre,2
Carnivore,1
lojban,3
intelligenceDog,3
Major,4
dudleyi,1
quantitative,3
bonding,3
activities,3
stable,6
flickr,4
csi,3
respond,6
Wilcox,5
incident,1
netoTi,1
albicauda,4
Banning,3
Apr,3
IGDF,3
css,5
Stoat,4
defines,1
worked,3
Wanderer,1
Currie,2
notation,1
Comstock,1
state,4
SundaSuomiSvenska,1
defined,5
Rennie,3
warring,8
Carpocyon,6
genet,56
genes,25
Village,5
Bonnie,5
ECPWP,1
Ludovic,3
opposite,1
jackal,31
Midwestern,1
cub,5
rulesContent,1
Sexual,3
clouded,4
Are,9
offering,1
Sean,3
creating,1
Influence,3
cum,3
Gross,3
Arm,3
Stock,1
Group,10
Art,9
cut,1
rztliche,3
probably,5
Edouard,1
weighed,6
two,46
Nicolas,3
Asa,1
Mesopotamia,6
Sweden,1
tear,3
attack,10
Iberian,4
reported,19
Ask,1
Milankovitch,1
distribute,2
Aso,1
prevented,1
Wisconsin,13
creation,6
occurred,5
replaces,1
accused,3
replaced,5
aureus,13
Run,1
team,3
services,6
They,26
Haussa,4
Tsets,3
mongrel,3
ratingDate,1
dogReferences,1
watch,6
platycephalus,4
leptodus,1
bunArts,1
Greene,1
caninelegislation,1
Know,3
reflecting,3
Rendered,3
Aub,1
domestic,119
terrestrial,11
deception,3
There,13
Collingwood,3
Polynesia,9
Search,14
This,63
AmericaDog,1
eastern,3
Marquesas,3
Estimation,3
widely,24
Diego,9
Odyssey,3
GoldenRetrieverSammy,4
Bergamasco,1
Plains,3
Judicial,3
surprising,3
CASCADEWP,1
ancestral,1
These,30
suited,1
Kojola,3
arboreal,1
Sansalone,1
memory,16
Gujarat,1
optatus,1
scientist,1
concept,4
Dennis,3
warranted,1
cinereoargenteus,7
Skoglund,3
house,1
fetes,3
indefinite,3
Mountain,16
progeny,3
Rognon,3
construed,2
offerings,3
Others,1
hours,2
Geology,2
Hynek,3
earliest,8
Gaussians,1
proplatensis,1
hotels,3
short,25
ordines,3
reducing,1
feces,9
measured,6
Histriophoca,4
Hayes,4
Tasmanians,3
taxonomy,1
extant,12
gland,3
coati,16
Conference,1
required,3
climb,1
unblock,2
coats,9
crumpled,3
jackals,6
golden,27
Europaea,2
specifically,6
Poetry,3
enter,10
savings,3
Operations,1
vomiting,3
warmth,4
rhead,1
dates,30
Ladino,3
Zoomorphology,3
leightoni,4
laLingua,4
wayback,3
Beginning,1
EnglishSloven,1
Ethnocynology,3
Himalayan,1
groupsvteDogsBehavior,1
requires,9
Annales,3
Navbox,3
documentationHighly,1
Regina,1
Nordic,3
bright,1
Villard,3
consume,3
Prohesperocyon,4
trails,1
falkenbachi,1
hazards,3
Borough,3
Amsterdam,9
uploaded,3
manners,3
manul,4
bengalensis,9
Butler,7
survive,4
nucleotide,2
hound,5
Wayward,3
Facts,1
Guangshuai,1
tvjl,10
Characteristics,2
BDUIU,3
teacup,4
endorsement,2
speedy,1
Atwater,1
friendly,3
srlsi,3
SighthoundsLaika,4
dam,3
domini,3
shows,33
Interactional,3
outlined,1
shown,21
Beech,4
Owston,4
pointing,3
migrated,5
keeps,3
day,8
ambush,3
Manfred,3
Zalophus,4
Environmental,1
fulgens,4
Arctocephalus,4
Making,3
island,5
Rancholabrean,2
created,1
Laurentius,3
socks,1
Kelpie,1
format,1
Semi,6
positioningCenteredPair,1
Pennsylvanian,1
fried,1
Coatis,8
Voyagers,3
raisins,3
Sam,3
San,3
critical,4
Carnage,1
CBE,1
Digital,1
Kings,1
tend,13
guarded,3
sixteen,1
yearsPrehistoric,1
dated,6
exotic,3
introduction,3
editors,17
Oscar,6
NorskPolskiPortugu,1
Navigation,20
changesUpload,9
built,1
therapy,21
chromosome,1
tedfordiGenus,1
concentration,2
troglodytes,1
Abdominal,3
Hardcover,5
Torsten,3
third,4
Bat,6
build,1
Sci,14
Skull,3
Sch,4
Pedro,7
further,11
Bay,8
OdysseusTroy,1
demands,3
Valdespino,1
quageo,1
Much,5
areas,10
del,4
sires,3
den,2
viewing,4
TFA,1
der,8
Whitcomb,3
des,2
Thus,3
Simon,4
Bassariscus,4
overwritten,2
TFH,9
Bison,4
scanner,1
Sponenberg,1
pseudo,1
luskensis,1
announcement,1
Space,3
going,4
carefully,1
Parker,5
impact,3
Arab,4
Sea,5
Rough,4
beginnings,1
avoidances,3
Arctogalidia,4
See,45
Ollivier,3
Gunnar,3
CiteSeerX,3
Internationale,7
Hero,3
Nutrient,3
Maryland,1
average,22
borophagine,1
bodies,5
virtues,3
studbook,1
Genomes,7
choosing,3
Tiger,7
journal,15
bennettii,4
citations,6
Federico,2
distinctive,4
Fisher,4
Emmy,1
Yamamoto,3
unlike,3
annurev,7
Rhyacian,1
term,11
acquisition,3
override,2
Hazard,3
Mudi,1
staff,2
possible,15
right,13
stage,3
complicated,3
autopromotion,1
BehaviourAlmost,1
maximum,1
Isabella,1
diversification,2
under,27
desert,1
slenska,1
Emma,3
Archaeocyon,6
dia,2
did,13
marylandica,1
Terminus,1
proposing,3
die,3
michauxi,1
Around,3
ashtrays,3
CollageofNineDogs,1
retrieved,9
divisions,2
anachronistic,1
limosus,1
She,3
Kenneth,4
later,7
Hindu,4
livestock,11
airlines,3
possibly,1
stray,3
Brooks,3
static,1
autoimmune,3
test,1
Luigi,3
enforcement,2
Periodization,1
thereafter,4
NewfoundlanddogSmoky,3
Sibrava,1
brown,9
synonymis,3
Columbia,4
University,80
acceptance,1
final,1
pugnator,1
uls,40
palate,3
unconfirmed,3
bred,18
Wade,4
Schwander,1
PLOS,8
back,24
cohort,3
training,16
Koch,6
Entlebucher,1
heavier,3
subepochs,1
states,6
Sandbox,1
duration,5
Lianming,3
sheets,1
load,10
Alexandr,1
ndez,4
company,3
Philippine,3
Genomic,3
Paleobiology,1
Big,3
Submitted,3
billions,1
abusive,1
Novaro,1
Odobenus,4
relay,3
length,16
Bohemian,1
dpiVertical,1
monogamous,1
SPCAs,3
Lacy,5
raccoon,14
baby,1
subtaxa,1
Illustrated,6
clicks,1
Miocene,6
showing,5
upcoming,1
Calymmian,1
Waldheim,3
Verzeichnis,1
reared,1
cuja,4
antiquus,2
construct,3
Geoffroy,4
thick,1
dmy,4
December,42
sockpuppetry,1
uterus,6
balance,6
Aquariums,1
Quotations,3
Despite,3
lock,1
text,9
grams,3
Rodgers,1
Sly,1
beverages,2
pardicolor,4
researchers,1
made,20
hyaena,7
dnr,3
ailments,3
being,34
Viverra,4
Florida,5
dioestral,1
contents,3
warned,1
doc,1
dog,740
Gabriele,1
status,9
doi,263
Driscoll,3
don,2
cancrivorus,4
Roura,3
reblocked,1
sheepdogs,4
known,43
maned,5
Yorkshire,3
dwarf,8
parameterGood,1
polecat,20
Eizirik,1
Outcrossing,3
specimens,1
Educational,1
url,6
PopUpMediaTransform,1
ferox,7
Pacific,6
microorganisms,3
entities,10
Blaire,1
Sow,1
Peter,11
Manske,1
Potassium,1
use,59
subject,11
strigidorsa,4
Ellegren,3
nursing,7
main,8
Lake,3
Cavendish,1
Amorim,3
Essential,3
Template,104
arrangement,1
guidelinesLists,1
strip,1
Andrewa,1
Magnus,1
hypersociability,9
lungs,3
manga,1
credit,1
alter,1
bearing,3
Bot,1
secondsLua,10
includes,22
establishment,1
Boy,1
Estrela,1
brood,6
olFryskBahasa,1
labelled,1
Belgian,2
originate,3
varieties,6
CRC,3
Edmonton,1
Collection,1
melleri,4
BorophagusCaninae,1
Winefield,3
Canadian,6
paradigm,1
Maine,3
fidelity,3
accountLog,10
Sri,5
Information,12
Laveaux,3
County,2
uncommon,8
tinaDanskDeutschEestiEspa,1
Otariidae,4
Round,3
threats,2
Leopard,16
suppressed,1
included,13
make,14
categorize,1
Spady,4
assisting,6
unspayed,3
attempting,1
CSS,2
opposed,4
Tephrocyon,2
ScotsSeelterskSimple,1
Nasuella,4
animalsDogsWolvesCosmopolitan,3
Ecology,17
Canini,5
rapidly,3
Canine,25
Oxetocyon,3
Reading,4
Canina,1
due,26
conform,3
definedUse,3
dug,1
Kauhala,1
Crawford,3
Photoreceptors,3
threat,3
properties,3
curl,3
Owner,3
cinereoargentus,1
psychological,15
Ralph,1
Extended,16
empirical,1
Wang,20
trees,1
observed,1
Print,15
Distinct,1
wellbeing,6
meaning,1
Bush,7
Samoyed,3
magnetic,9
orbit,3
band,10
boxer,3
baculum,1
Argentina,4
singing,12
divergent,4
Tier,3
Sun,10
benefit,7
Emotions,4
cracking,1
Paleolithic,1
Land,1
Synapse,3
Mariana,3
Wroe,1
male,25
shelter,3
seizure,3
participated,3
latitude,3
Ludwig,1
PURPLELOCKUpload,1
Differences,6
long,32
Apeztegu,3
chonokhariensis,1
Chira,1
Tchaicka,1
identifiable,1
guideArticles,1
womb,3
relationship,17
But,1
breedsDog,1
cusp,1
Kasparov,1
variables,3
expression,12
star,5
wolf,164
bieti,4
Bekoff,6
bans,4
Finnusertop,1
many,58
cardiovascular,12
Reviewer,1
controlled,5
biasMaximum,1
Koepfli,5
Schapendoes,1
Olinguito,4
increasing,3
Oncilla,4
Proschowsky,4
Lloyd,2
Australia,13
gadgets,1
semistriatus,4
wool,6
protects,3
Climate,2
approximate,1
numbers,4
rapid,5
seven,4
Cognition,12
Viewer,1
Elliot,3
Hunderace,1
Arts,1
exemplified,1
Sammet,1
usedAdobe,1
kennel,2
condita,2
admitted,3
Lycalopex,23
Mortality,8
Downey,3
look,6
Llandovery,1
Serra,1
grounds,2
salted,2
disrupt,1
nuts,3
Ward,6
coefficient,3
superprotect,1
Terrier,4
needed,8
Coimbra,3
mass,3
Time,3
muzzle,2
Schrago,1
speed,2
Vosa,3
rangeUnknownSerial,1
common,28
cipio,1
interest,3
China,21
themselves,7
Canids,14
Iranian,1
daycare,4
Late,25
winning,1
stew,3
apply,17
fileSpecial,10
lycaon,2
separated,6
Zhang,8
gonadectomy,3
Yates,1
Croatian,1
layout,1
Cassidy,3
Wolfgang,1
separates,3
formula,2
Tigers,3
Elaine,14
base,3
numberf,1
Thomason,1
trend,3
Beware,1
Ringed,4
Prairie,1
Hemisphere,1
Verrier,3
moschata,4
Dendrochronology,1
spotted,32
loss,5
McNab,1
Laws,1
lost,6
GBIF,7
Hydatidose,1
preliminary,6
controlling,3
Child,2
Dusicyon,6
indica,4
van,5
work,12
exceptional,3
Smith,26
Natur,11
Palika,3
Proposed,1
cattle,1
Steven,2
Survey,3
Belgium,4
registration,3
Amazon,4
theory,3
stated,1
love,3
DanDee,1
Heading,1
gender,3
Vulpini,4
Benyacoub,1
forehead,6
Transmontano,1
watchdogs,3
bootstrap,9
foundation,1
variability,1
puppies,28
brunnea,4
across,12
Chao,1
ear,2
eat,3
Scandinavian,1
guigna,4
Slender,4
meridensis,4
Bisong,3
Arbitration,6
linksCS,3
Korean,7
ProgramNormal,1
uniquely,6
Cunliffe,3
Castroviejo,3
hunted,1
Paleontology,3
Kimat,3
regulations,3
GREENLOCKMove,1
Grippe,1
exists,2
Taxonomic,7
alternatus,3
hospitals,3
Paleogene,1
Jedrzejewski,1
Graphicaltimeline,1
Characters,1
existence,1
transclusion,1
grays,6
hunter,14
boxercab,2
oyan,8
Beneficial,3
Coonhounds,4
Dogbitelaw,3
CynarctusAelurodontina,1
Americans,1
Natufian,3
Betina,3
revision,1
visitors,3
Can,7
tzebuergesch,4
Illuminated,1
eds,4
edu,11
Cat,6
pygmaeus,4
Feists,5
Chee,1
spherical,3
scientific,6
Chien,1
Source,10
Meat,7
Makunin,1
walking,7
parameter,6
extinct,19
miacoids,1
February,41
Pinniped,12
Bureau,1
Walter,3
microtis,7
Hatnotes,1
Gampr,1
advantage,1
Pharaoh,5
Service,4
Cleaning,1
DEL,1
instead,8
attacking,4
pavidus,1
Dogos,4
Reeder,4
Wwcensor,1
wiktionary,1
PMID,203
exception,4
temporary,5
markedly,1
Disambiguation,5
habitat,3
optimal,4
year,46
allowed,4
Corsac,5
substrings,1
handy,3
branch,1
Malamute,3
via,2
awaiting,2
visual,4
understanding,3
absent,1
aebcd,1
near,1
GSSA,1
shortest,3
Geographic,4
AB,1
spayed,1
AD,5
Asturianu,1
AH,1
testcases,2
proportional,1
AL,3
community,21
AM,1
version,29
AN,2
Melayu,2
reproductive,5
GuidelinesIn,1
AR,3
planning,1
stop,7
Finland,3
Mech,15
howls,1
Where,5
Holocene,11
insoluble,3
appropriate,8
BC,8
Ab,2
Ac,3
brevirostris,1
Ad,9
Volpino,1
least,23
browns,6
Civility,1
TMHGalleryHook,1
Chin,4
immediately,8
BM,3
hybridized,2
Al,1
Am,3
An,37
BP,15
Machine,12
Audrestch,3
The,470
BR,3
As,40
At,4
Au,1
variations,3
Beek,3
BY,1
Az,1
taxon,3
wikipedia,36
musician,1
Herder,1
CA,6
computers,1
Clutton,7
CC,4
Basque,1
CE,1
Be,7
density,3
learn,4
sRom,6
Bj,1
GSSP,2
representing,3
hopping,1
neck,5
CO,4
Michigan,3
CS,23
Enforcement,1
Userbox,1
dybowskii,4
Register,3
severe,6
By,12
tearing,3
Tim,3
multicuspus,1
noticeboard,2
feathering,1
leash,1
Bibliography,6
subdivisions,1
Cb,1
Cc,12
DG,4
evidence,28
Ch,3
DI,3
fasciata,8
stud,5
DJ,6
DK,2
official,3
DM,3
UPROTWP,1
Co,1
Epidemiology,1
Cr,1
Cs,3
assessment,1
Hairy,4
elongated,1
generated,10
Violations,1
Hairs,1
leave,3
mutineers,3
emryi,1
signifies,3
Sernander,1
ADMIN,1
EA,3
Borophagus,10
De,5
need,8
Janet,6
termThis,1
often,32
Do,8
users,44
obtaining,4
Du,3
EV,6
EW,3
Palleiro,1
underworld,3
Viewing,1
guideline,1
neuter,10
http,9
slideshow,2
FA,3
useful,6
sanctions,1
oestral,2
Editorial,1
Abed,3
Ed,9
Textbooks,3
DockingThere,3
companion,15
roles,18
El,6
differentiis,3
During,5
FT,1
Hlist,1
gates,9
vol,1
von,4
Wlodzimierz,1
constituent,1
UNP,3
monophyletic,3
end,9
Cindy,3
Cockerpoo,5
GJ,3
females,14
PLoS,7
dhjo,3
Balto,3
GR,3
Elinor,1
Fu,4
noted,5
forum,2
environment,5
Asia,25
DNA,20
HB,3
collies,4
Macrogalidia,4
HE,1
reproduction,16
slightly,6
discretionary,1
education,6
called,38
eon,3
ToB,2
Go,1
DNR,3
occurs,10
Chow,6
mating,7
Albums,1
psychiatric,3
newly,1
gradually,3
Eunjung,4
ReadYou,4
Brubaker,6
taxus,4
Hidden,8
Ardennes,1
ID,1
He,4
DOG,4
Seuso,3
II,6
africana,4
digitize,1
shape,9
Whatever,3
Transclusion,10
IP,10
specify,1
Tomarctus,4
Toh,8
Andamanese,3
Medscape,3
apes,3
leopard,16
Top,9
coyote,9
Swift,6
weapons,6
If,17
JH,6
Toy,3
authors,20
PROSome,1
JL,3
Guinea,12
In,187
persecuted,3
JR,1
Is,15
It,34
cell,3
Lobodon,4
valid,3
era,12
rights,1
KB,2
Cynarctus,7
zoological,1
share,4
elegans,4
ORANGELOCKOriginally,1
USA,5
Usage,31
Jo,3
television,8
vte,1
Jr,4
Helheim,3
litters,10
Academies,3
species,86
LA,3
Stenian,1
temperament,6
esg,1
strongest,1
Variety,3
Pleistocene,34
sagittal,1
bloodlines,1
Kj,1
DRN,10
LP,3
UTC,10
Serval,4
esu,1
vteChronologyKey,1
LT,3
Bites,6
martes,4
screen,1
Journal,74
unprotect,2
naked,1
LX,1
lepophagusC,1
vandalism,28
Boundary,1
Mammal,9
disorders,13
planiceps,4
Pinbury,1
victoriae,4
MB,22
etc,2
MD,9
links,32
tameness,3
ancestors,12
oscillations,1
secretions,1
OhanaUnited,1
below,17
MS,3
remedies,1
surviving,1
Pearce,3
bullae,7
MV,6
spicy,3
Gloucestershire,1
estrus,9
Umaine,3
impending,3
pallida,5
Ma,4
NC,3
Introduction,4
substituted,1
tribe,1
companionship,15
NJ,9
Delhi,3
NO,1
Berl,3
Chur,3
Macintosh,1
elderly,6
Malti,4
trick,3
dreamt,3
Committee,10
Framing,3
Franca,4
running,2
Understanding,3
Raccoon,13
Record,5
preweaning,3
Behavioral,9
No,3
Tonian,1
Ruppell,1
rates,2
poodles,3
rabies,6
Virtual,3
Specific,1
requirement,2
Dincauze,1
PA,3
PC,3
PD,1
Award,1
Oe,1
Of,5
Abou,6
Eucyon,9
Relatives,4
DVM,6
Bert,2
strategy,3
Attacks,1
forms,17
On,3
Otocolobus,4
PP,1
maintain,5
establishing,1
Beth,1
feliforms,2
angolensis,4
Mammalian,3
Walther,3
skills,11
Indians,1
surgically,3
Cui,3
represented,7
Best,4
shoots,3
ext,227
waves,3
articleDonate,10
Pp,1
cvsm,3
withers,6
remain,3
voices,6
countries,13
Two,4
Abra,1
eye,5
RC,3
himself,1
RE,4
Volume,4
Fran,2
RL,4
RP,3
continent,4
Meyer,6
Potos,4
argued,3
Galidictis,4
Kusak,3
nets,3
jhevol,3
another,12
variabilis,1
LightandDark,1
Biology,28
SA,4
puppetry,1
Ra,1
Royal,4
SD,3
Sharpe,3
default,1
gray,60
Accredited,6
AztecWinter,1
SP,3
argenine,3
Janssens,3
horror,1
alternatively,1
Magnetoreception,3
SX,6
newcomers,1
black,23
structures,1
Abyssal,1
Hanneman,1
roundworms,3
TC,3
consensus,10
such,107
marten,28
describe,6
So,3
Dixon,1
Saint,6
Other,17
Scott,6
gnawing,3
St,5
Fadl,6
featured,3
TV,4
Arrhythmia,3
Genomics,4
developing,6
remains,18
Photo,2
liorer,1
incorporate,1
fossilized,1
Transclude,2
features,8
Embryology,3
white,14
Negative,3
furniture,3
PNAS,7
Ti,5
UK,12
Categoryhandler,2
Lontra,4
To,6
Wideman,1
US,14
Avoid,3
Truth,1
Manchuria,3
Evaluation,3
coronary,3
Years,4
might,1
sharing,2
Free,13
expressions,1
Canidaegraphicaltimeline,1
Awake,3
museum,6
Individual,3
Glossary,1
orbits,1
Dimopoulos,3
clothing,7
Problem,4
Up,3
next,1
overpopulation,9
Microbiology,3
submit,1
classes,6
Olaf,9
Fishing,4
lupus,54
System,5
WF,1
Warren,2
Relationships,3
Vi,7
central,2
Feral,8
WP,9
trademark,9
Stories,3
factor,10
derived,8
severity,3
news,2
Ninisina,3
zoologists,4
was,86
war,6
grew,3
way,11
grey,7
informationWikidata,9
Constitutional,1
disciplines,1
Within,5
Arctonyx,4
Wp,4
Hypercarnivory,1
play,3
Michelle,1
Monthly,3
PLoSO,7
quickly,3
fad,1
Viperidae,3
decide,1
issues,7
YH,3
Sunkahetanka,3
logged,24
fat,3
Tacon,3
Toxocariasis,6
issued,1
puppiesIn,3
Durrell,4
Railfan,1
Velavadar,1
Bouvier,2
double,7
spurts,1
instituted,1
Gulf,1
Survival,6
lowest,1
Gulo,4
completely,2
Rule,1
Tatra,1
chocolate,18
browse,1
denial,1
study,105
Scholar,3
differences,3
portion,1
Research,33
Swiss,1
vison,4
gain,3
Friend,6
Jonathan,4
web,3
WAZA,1
older,7
categories,10
Peruvian,1
Trends,1
Fain,1
grip,1
wet,4
fdd,1
Paragon,3
great,11
Perugia,1
Gotthelf,1
Dmbox,1
geochronologyQuaternary,1
wolflike,1
Speak,3
Teasdale,3
Dobney,3
Mythology,9
dominance,4
Day,7
statistics,3
grim,3
Implications,1
Removal,1
distinction,3
HornjoserbsceHrvatskiBahasa,1
Encyclopedias,1
section,3
originated,3
looks,1
vteAdministrators,1
few,2
Behavior,30
Exceptional,3
Assistance,7
licence,4
hunt,9
Nick,1
Spotted,20
pyometra,3
meles,4
exceptions,4
Animaldiversity,1
produced,1
nutrition,3
absenteeism,3
gait,3
outside,7
effect,7
produces,4
Frantz,3
explaining,1
topic,3
Foods,6
perceive,3
who,65
option,2
Cynictis,4
Earless,4
game,4
contribute,3
GABAergic,3
why,1
faith,2
died,18
oldid,9
Euoplocyon,4
Johann,7
integrated,3
Rewards,3
cornmeal,1
diet,13
Thigpen,3
unbounded,1
win,3
Until,1
begonia,3
Dec,3
Anthony,3
Abdel,1
Del,6
From,17
Helogale,4
Greenlandian,3
barriers,2
various,12
raki,1
attention,7
Acad,1
reduction,4
MediaWikiPlayer,1
Formation,3
extent,3
Bordeaux,3
Mesocyn,1
Bowen,1
evaluates,3
Prehistoric,2
Subatlantic,1
Handbook,9
Swedish,3
skins,10
fit,3
aT,1
Geophysical,1
addition,10
ab,2
ad,4
grow,1
ancestor,6
ordinarily,2
harlowi,1
Breton,3
al,14
am,1
an,166
former,5
shrine,3
Stedman,1
extend,3
Webster,5
as,402
at,148
au,3
genus,14
Millan,3
Sandboxes,2
protectionPolicy,2
looking,4
formed,4
admins,2
bc,1
be,222
Eumetopias,4
Kaminski,3
Chantelle,3
bellied,4
bh,1
bk,1
alpinus,11
fennec,6
bo,4
pusillus,4
bp,1
Agust,1
sudden,1
by,302
lagopus,7
Dolgopolov,1
Mongooses,4
tooth,1
foot,2
ca,1
cb,2
cc,1
Die,3
outstanding,4
cf,4
keeping,13
Definitions,6
Patois,3
Blocking,4
Periodstart,1
cm,18
familiar,3
co,4
ShareAlike,9
food,31
Tully,3
cr,3
valueCS,3
tropical,2
partner,3
Randi,1
Distributed,5
Farm,2
policyvte,1
Popp,1
phosphatase,6
Arctic,10
freely,1
da,2
db,3
Piacenzian,1
de,21
di,2
Titledisambigtext,1
Iriarte,1
language,12
sites,4
do,44
Difference,1
colonized,2
Stone,5
du,3
Puces,1
attacks,12
Version,2
startup,10
ceafddf,1
rare,1
won,1
Carnivorans,1
Braquedubourbonnais,3
workbench,1
Buffalo,3
ed,47
which,124
needs,7
Reviving,1
patterns,9
kusimanse,16
fM,2
el,1
Mallory,3
en,14
favored,1
es,1
familiaris,50
et,17
never,6
Guadalupian,1
nosed,28
ex,1
Miller,3
Treeing,1
Commonscategory,3
elephant,8
fe,1
versionContent,1
limbs,6
Acid,3
Articles,2
for,373
ASIN,3
fr,2
Eupleres,4
fox,170
content,27
ft,2
attuned,6
perhaps,4
domed,3
alert,6
rate,5
terminology,1
skill,3
VPR,1
EOF,10
contrary,1
GlottochronologyRelated,1
digital,1
gi,3
Post,10
go,4
rurestris,1
Napierala,3
misinterpretation,1
gr,3
Nina,1
astutus,4
conserve,1
Middle,14
form,23
fused,3
maritimus,4
Nine,3
Husky,4
starch,15
zodiacal,3
Seleucid,1
he,12
Bustamante,3
EPI,1
Schwabe,3
Liberian,4
placed,2
Peyvasteh,3
rhyton,3
Token,10
coincided,4
Copenhagen,2
Smithfield,1
relationships,13
hy,1
Gillet,3
appeared,5
Fertility,3
four,23
context,3
Juliette,3
https,14
id,3
portal,6
Capnocytophaga,3
Dog,347
manipulation,3
if,18
likely,24
disputed,7
Don,1
ik,1
in,899
maturity,3
Position,1
ip,3
Ostrander,21
Centaur,3
is,426
it,83
schemes,1
disputes,9
Unregistered,1
Terreneuvian,1
Douglas,7
Neotropical,4
Yellow,12
contrast,1
gave,3
Pediatric,3
become,9
teahouse,10
Lanham,9
Shar,4
noses,1
jo,3
everetti,4
js,15
fearlessness,3
binotata,4
kV,3
nutrients,3
settlement,9
CanineradiationPal,1
fluctuates,1
Sciences,18
ka,5
dire,4
River,1
ke,1
ability,30
kg,16
Structure,1
calibration,3
immigration,1
km,1
roaming,3
SirGents,1
James,20
Use,9
knew,3
suggestion,1
DeutschEspa,1
Diagram,1
Brock,7
places,7
Hedan,3
calibrating,1
Temple,6
slender,8
la,4
lb,17
scavenging,3
le,1
bsczi,3
lg,1
topological,1
Kresnow,6
ll,1
genera,6
Macdonald,1
fur,44
Drs,3
Realities,3
voorhiesi,1
while,25
photos,3
second,6
that,419
suggests,4
faster,3
corresponded,1
www,7
than,93
documented,5
NovaLivvinkarjalaLa,3
sufficient,2
me,3
limit,10
Proterozoic,1
communication,15
commodification,3
Kerala,6
ml,1
mm,5
cruciate,3
Malagasy,11
PortalNewPP,2
primates,3
contest,1
Lichenometry,1
ms,10
author,1
possessed,3
Carolina,1
mw,13
City,13
Range,6
my,1
Caroline,1
plus,1
expansion,20
Neoarchean,1
license,4
Unshelm,3
gaze,3
dish,9
Broad,4
nd,3
essay,1
prediction,1
Gresky,3
ng,20
brachypus,1
Except,2
nl,1
heat,3
no,27
derivativeFX,1
seal,108
mixed,22
Odysseus,3
head,16
elapsed,1
Due,1
of,1947
reserve,1
cladogram,1
ol,1
rescue,10
on,346
Sioux,2
Melursus,4
Krause,7
geoIP,10
or,348
sports,7
Vanessa,3
Wilson,14
malayanus,4
Reports,4
oz,3
guardians,18
families,3
intelligent,4
autoconfirmed,5
Opinions,3
pc,1
hispida,4
megafauna,1
pg,3
parvus,1
Lauritsen,3
Detselig,3
pp,101
increasingly,6
Archive,41
queued,1
adaptation,4
registered,16
Infraclass,4
Neovison,4
ntzschel,3
Wikipedians,1
extremely,1
inevitably,3
Reep,3
mandible,1
Appenzeller,1
hundreds,3
expiry,11
recent,13
January,34
brand,1
they,67
Cookie,10
Yalden,1
PTPROT,1
Setters,4
grouped,2
Armenian,1
caudal,3
blindness,3
Fauna,3
Hanafi,3
them,55
then,15
Headey,3
Acta,3
rd,4
re,2
adopt,3
guardianship,3
expire,1
Matthew,10
London,16
rk,8
Eastern,23
bridge,9
rm,1
longevities,6
Variet,1
Juliet,6
Xiaohui,1
skeletal,1
Cagan,3
retrievers,1
seek,3
sa,13
seem,3
Simple,4
poisoning,9
sh,3
si,9
origins,5
so,16
Files,5
sp,4
Communication,16
calendar,5
st,4
decision,3
necessary,4
emait,3
started,1
Redirect,2
Section,2
closes,3
Salanoia,4
single,5
McNicholas,6
Calvin,3
th,36
Positive,3
teamwork,1
uL,4
tl,1
to,1027
compressed,3
Friedman,3
Hughes,3
targetLoader,10
separate,4
loader,11
Immature,3
reasonable,7
generations,1
endangered,1
Hughen,1
rules,2
Descended,1
biting,1
Melbourne,3
Otters,4
loaded,10
Restoration,4
achoros,1
uk,3
contentCurrent,10
military,7
up,23
us,6
ux,8
Oriental,5
Calgary,3
this,84
reasonably,2
alopecoides,2
edwardsii,4
Please,2
Vanuatu,3
WikidataTaxonbars,3
laboratories,1
nutritional,3
know,3
Beauceron,1
vr,5
suggesting,4
Julian,5
preview,1
oestrus,1
questionnaire,3
Guide,14
Deceased,3
Paratomarctus,4
changes,70
Brisbin,1
wi,3
screw,3
unregistered,15
Taxidea,4
SandboxSandboxes,1
Reveals,1
Axelsson,3
previous,3
RhizocyonPhlaocyonini,1
reading,10
Welsh,6
pedigree,3
Oldest,4
xi,3
Foster,4
uncovered,3
Chihuahuas,3
FAQ,1
compensation,3
Bdeogale,4
Tierra,3
fvets,3
Van,5
Paleoarchean,1
southwestern,2
ya,1
smithii,4
type,14
Serpell,20
beyond,3
terms,9
Ranging,10
CANIFA,3
proof,2
phase,4
nails,1
Navajo,3
iconography,3
churches,3
FCI,3
Marmer,1
susceptible,6
combinations,1
Animal,57
Eat,3
force,4
Show,1
jurists,3
Large,24
north,1
magnetism,1
Udell,9
fbCanis,3
medicinal,3
tools,11
gel,3
Batson,3
get,3
course,3
watchfulness,3
navigationTiming,10
semi,35
power,1
Stradivarius,1
Rena,7
Kromer,1
continued,6
Ettore,1
brain,3
Phoca,4
Paleozoic,1
help,9
Kartzinel,6
Untreated,3
Liberg,3
depth,20
massive,1
Wellerstein,3
Crabeater,4
JSTOR,3
Model,1
self,3
prone,4
gasping,1
Proteles,4
Retournement,1
NomeDomestic,3
Ombox,1
panda,8
addresses,4
Company,1
Disease,9
Vet,9
onion,3
Bartosiewicz,3
bytesTemplate,10
Central,12
hosted,1
translate,3
healing,3
Thales,1
barrier,1
Eds,1
Saletan,3
Horse,1
fertilized,3
xii,3
create,8
Sacred,3
Assembly,1
WHO,9
Blanford,8
breeders,1
xiv,1
depended,1
BLOCK,1
Adam,16
Zealand,10
addressed,1
Developers,10
Malek,1
purposes,4
proto,1
anatomical,1
Championship,1
Catahoula,2
Kubinyi,3
judges,1
here,9
ancestry,3
purpose,1
rspb,1
snake,3
scale,11
Hoary,5
Rhynchogale,4
engaging,7
Friendship,3
security,1
facilitators,3
Colours,3
rueppelli,5
observations,3
Finnish,3
quascirev,3
Mephitis,4
tympanic,3
Encyclopedia,14
Subcommission,1
Luca,1
fossana,4
implementation,2
bytesHighest,10
Rachel,3
Ortolani,3
anbehav,6
follow,1
Cretaceous,2
factors,3
magical,3
Vic,3
References,8
medicineDo,1
gambianus,4
Vil,6
huntaway,1
selousi,4
Lucy,3
vanishing,1
Cesar,3
Vir,3
frenata,4
Hernando,1
Water,5
LCCN,6
healthThere,3
bookDownload,9
exceeding,2
numerous,2
England,12
undergoing,3
recognized,7
Therefore,3
without,10
crucidens,1
introduced,5
sciadv,6
persistent,9
Thing,1
thus,4
Procyon,4
Citing,4
oestradiol,2
Remembering,3
hest,3
groenlandicus,4
marrow,1
Kevin,4
WMF,2
Related,3
Shows,3
Technical,3
Analysis,1
recognizes,4
much,11
Hydrictis,4
hese,3
othmani,1
Kutta,1
Interspecific,3
Angeles,1
Woking,3
Molecular,9
Boxer,1
occidentalis,1
Systema,3
Krey,3
brachyops,1
Shots,1
Waters,5
Somerset,1
resolved,1
hypercarnivorous,1
Social,22
secondsReal,10
subpage,7
kuhni,4
Pandolfi,1
fertilization,3
townsendi,4
cardiaque,1
oregonensis,1
illustration,2
Bourbonnais,6
god,9
novel,7
adopted,3
standard,22
Treasure,3
reports,1
Eli,6
correct,1
bicuspid,1
Nikhil,3
crassicauda,4
gos,1
Mucuchies,1
weddellii,4
NZOR,4
Global,5
Jewish,9
gov,3
Matisoo,3
Ilan,6
Short,12
Christ,1
contributed,3
Webarchive,3
area,1
cinerea,8
visibility,5
DMXAlbums,1
Sockpuppetry,2
lack,9
Heritage,4
Vol,6
tails,8
success,11
State,1
Checks,1
balanceAuto,1
External,11
Scientists,3
Brascamp,3
allergies,3
deleterious,6
EoL,4
young,5
regional,1
Standard,2
Wolff,1
figurines,3
Colorado,3
paintings,1
Protectionpolicy,1
Diplogale,4
Maraghi,3
processExposure,1
Organisation,6
Report,3
People,18
Dognapping,3
evolution,21
Admin,1
Gregorian,3
Johns,5
Pastoral,4
Joel,3
zibetha,4
named,4
considered,25
revoking,1
maculata,4
John,26
Values,1
Crocuta,4
Eskimo,7
parastyle,1
entire,4
changing,4
wrist,3
approach,8
Ukrainian,1
camel,1
Nelson,3
arid,1
ACME,3
castration,3
Simien,2
loyalty,7
understand,9
underlying,4
Plants,6
Offers,1
Concannon,3
Square,1
Columbian,3
Consensus,1
intelligence,3
coyotes,4
million,27
largha,4
Era,6
strongly,2
legacies,1
guk,6
bull,3
Virginia,3
discredited,1
larger,23
Americas,9
American,122
Injury,6
Clinical,6
Amgalanbaatar,3
restrict,1
zeylonensis,4
Unstrip,20
Side,5
Bibcode,47
typeList,1
native,3
categorizes,2
Threatened,1
documentary,2
Johannes,4
particularly,8
dominant,2
savannahs,1
Hadean,1
opportunities,3
inconsistent,1
names,18
Ankylostome,1
castrating,3
servalina,4
ingestion,3
Lifespan,6
servaline,4
predecessors,1
franchise,1
almost,13
melampus,4
equally,3
Penguin,1
supernatural,1
Paleoproterozoic,1
prevents,9
sustained,3
sapiens,3
associate,3
harmful,1
Bradshaw,3
terriers,10
earlier,4
CommonsWikispeciesWikiquote,3
whether,6
Genetics,21
Tonga,3
Hansen,3
MtDNA,1
skeletonAnatomy,3
However,23
basis,5
affected,4
Nemours,3
Seeing,3
quantify,3
WikipediaWikipedia,10
Library,6
basic,1
Archean,1
Balaton,3
ChurchPOP,3
personata,4
bush,7
policies,8
combat,2
units,5
disallowed,1
sympatric,6
Auto,1
Wilkins,6
twentieth,1
extra,10
convey,3
convex,3
land,13
High,4
idealized,1
venaticusTrue,1
Northwest,3
encyclopedia,10
conduct,3
objectives,3
Interactions,7
walk,1
Lagorai,1
civettina,4
decay,1
Cincinnati,1
discussion,10
Eye,3
Pesonen,3
tigrinus,4
lesser,3
mutt,1
arrangements,4
pointers,3
events,2
marslandensis,1
Pascale,1
separately,3
abundant,9
Somalian,4
edited,16
want,1
Fossil,10
Discourse,3
input,1
Taxonbars,3
deserts,2
dogAll,1
Namibia,1
Bounty,4
difference,7
must,7
molecule,3
populations,16
Pridoli,1
megalotis,6
sophisticated,3
Should,2
Kate,3
Identification,3
ware,3
Asher,3
Garmr,3
archaic,1
colors,3
Hound,8
incompatible,3
Basualdo,3
found,67
SUPERPROTECTSuperprotect,1
Cynic,1
multifaceted,3
Wikip,1
Crossarchus,4
limits,2
TimeErasEpochsCalendar,1
Katz,3
beating,3
concolor,8
Religion,9
entirely,1
religion,7
hereRelated,9
Stephan,3
Atelier,1
miniature,3
Dispute,2
subseries,1
chart,1
Kasz,3
pnas,6
ybp,1
goods,3
needing,4
had,27
guides,3
chama,7
late,12
school,3
differing,1
has,130
entoconid,1
PPDRVIf,1
brush,4
Mustela,4
nynorskOccitan,1
last,20
trapped,1
Daryl,1
weighs,1
adapt,1
Budiansky,1
weight,16
Cadieu,1
muzzles,1
warn,2
Collins,3
warm,1
measure,5
incontinence,6
Simi,3
mammalogist,3
citing,3
wars,1
Neutering,9
Protomarctus,3
Brown,17
Metonic,1
Wikisource,4
impossible,1
Sennenhund,1
War,7
cautleyi,1
video,1
exercising,1
Tresset,3
venomous,3
wiedii,4
sumichrasti,4
BanjarB,3
ends,1
early,28
disease,24
Mastiff,9
Friis,1
Bamanankan,3
yet,3
contentious,2
hdl,8
alike,1
Fan,8
Palaeolithic,4
reproductionGray,1
wikimedia,1
initially,3
Olson,5
time,96
Furry,3
anxiolytic,3
Stephen,6
Meaning,4
TephrocyonCynarctina,1
wheeled,3
sickness,3
Oglala,1
phenotypic,16
multi,1
Helene,1
her,12
deletion,5
carbon,7
authorized,3
Development,4
coloring,6
articlesArticles,1
having,9
hypercarnivores,1
endemic,3
Ukraine,4
Suburban,1
House,14
Nickelodeon,1
blatant,2
Jurassic,1
Web,9
Dwarf,1
Saluki,4
JanuarFile,1
Wei,1
Site,3
Opinion,3
Conservation,21
Diversity,5
Article,6
aggressively,3
confirmed,34
Being,3
layer,1
sanitation,3
beaches,3
ways,1
Publishers,2
Lead,1
heartworms,3
nskiSoomaaliga,3
Classics,3
editor,15
Feb,6
griseus,6
consistent,2
tennis,1
Chesapeake,1
pheromones,3
Dominion,3
violationsPending,1
small,23
zerda,6
before,28
Phylogeny,1
hip,4
Mellivora,4
CFile,1
semitorquatus,4
mammalian,1
Bytes,9
kathiah,4
his,18
Retrievers,4
sobriquet,3
beat,3
Patent,1
bear,32
Seizure,6
potential,6
vestigial,1
wildcat,8
Who,1
Order,15
repeatedly,1
manually,3
Why,9
history,61
wilsoni,2
Stockholm,3
Arnold,4
Collared,4
sinensis,1
twice,3
camps,6
cristatus,4
Shetland,1
saxatilis,1
Wis,1
Genes,6
Genet,6
yakolai,1
values,1
infarction,6
reveals,9
eared,18
EPPO,4
Bannasch,1
point,8
wolves,130
Virgin,1
debut,1
visits,4
Pakistan,5
sounds,3
attachment,6
hyena,12
alias,3
Appropriate,1
banned,1
angustirostris,4
wildlife,3
haplotype,8
restore,1
Fig,1
Lateral,3
alternative,3
Only,2
posting,1
morally,2
prairie,1
Laura,6
phenotypes,1
Fix,1
Times,6
meat,43
pedestrian,1
persisted,4
ferret,20
attendance,3
copulatory,2
been,144
Subtribe,3
Size,7
Paleocene,2
beef,3
advance,3
Design,1
Sranantongo,3
dental,6
Dejong,4
olEsperantoEuskara,1
Dholes,1
diverse,1
strict,1
GMB,1
you,22
beer,1
QSRv,2
premolars,2
Personal,10
hattai,1
rolesAuthority,1
nynorskOccitanPolski,1
preference,3
webbi,1
anakuma,4
active,5
Freitas,1
Apache,3
Cryptochrome,3
Ferrets,4
lacked,1
court,1
colocola,4
variationThe,6
Scotch,1
bulla,1
deals,3
Tomas,6
dealt,1
natives,3
GND,10
ADHD,3
hog,16
Alentejo,1
hop,1
hot,1
Clive,6
characteristic,3
TOCright,1
how,16
larvata,4
protectionEditing,1
Deprecated,2
Arsenal,3
Sardinian,2
bulls,4
Haraway,3
parental,1
lures,3
Hawkeye,1
chip,1
Pardofelis,4
Australasian,4
Mangerud,1
Feeding,3
Wok,3
meet,1
calls,11
Bornean,4
wizard,10
thrive,6
ovulation,12
passions,3
publications,1
Kuvasz,1
Ovcharka,1
Notably,1
putting,1
sometimes,12
Authors,2
Maqbool,3
Spaniels,4
Subspecies,3
Sulawesi,4
Procedure,1
Elkahloun,1
Verifiability,1
talonid,5
For,32
count,31
pathways,3
zones,1
Notable,3
Fox,2
vision,9
Graves,3
Wenlock,1
Elephant,4
Suricata,4
blank,1
waiting,5
beginning,2
Tradition,3
Annette,1
Language,3
Storytelling,3
Contributors,1
exposed,3
averaged,6
Simoons,3
notice,11
Korea,12
bloody,3
hallow,3
myocardial,6
Petrucci,3
anddroving,1
killed,12
Football,1
although,26
approximately,4
SALTWP,1
Cairn,3
decades,5
Proponents,3
Pollinger,5
PPWP,1
Photoshop,1
makeCollapsible,1
clawless,4
Davide,2
Aragon,4
HindiF,3
tracking,1
religions,3
guidelines,12
action,2
iamonensis,1
SICI,3
Loponte,3
Leon,1
Solovyov,3
falconeri,2
chow,2
Lescureux,3
barks,1
sensitive,1
hiphop,1
Petroleum,1
altered,3
accompanied,6
Hotam,1
Buhund,1
biological,1
Lens,1
Acronyms,1
Maturity,3
acting,4
Aelurodon,9
inference,3
anatomy,6
Eurasia,2
Helarctos,4
Practice,4
instantaneous,1
headed,11
phenomenon,1
Antonio,3
products,2
Cladogram,2
Advances,9
chihuahua,3
stillborn,6
Archaeology,10
Marques,6
Vietnam,6
bibliography,3
Ancient,27
conspecifics,1
mDNA,3
periods,7
ambrusteri,1
morphological,10
Johnson,7
Myth,6
Tierarztl,3
could,8
topics,3
Tremarctos,4
torch,3
marks,1
Subdivision,1
menu,10
Anecdotes,3
able,10
bizaadDolnoserbskiEesti,4
Osbornodon,10
Palau,6
Boreal,2
codes,1
programExif,1
Chordata,9
concerned,1
GFDL,6
vetulus,5
transclusions,4
selectively,7
Hovawart,1
radio,1
carcinophagus,4
Coast,1
geographic,1
LatinaL,1
international,1
regardless,4
Records,12
calculated,1
LangSwitch,1
Eras,1
artifacts,3
Wye,1
Newnham,1
Between,1
difficult,4
pardina,4
friends,3
crassidens,1
undergone,4
coded,1
Finds,3
GoyaBooks,1
Representations,3
present,24
Spanoghe,3
problems,14
fulvipes,6
belong,3
Gittleman,1
mongoose,136
CAactioncenter,1
Going,3
Meekhayla,1
best,12
movements,3
Philip,3
dendrochronology,1
transform,4
advise,3
remnants,3
Northern,13
rooted,1
genuine,2
certainly,2
immune,3
West,17
Phlaocyonini,1
Spivak,3
Mediterranean,4
attraction,3
compactlinks,10
lions,4
regulation,1
sensory,6
Vulpes,45
Archaeological,10
hirtula,4
hypocrisy,6
FelidaeFelinaeAcinonyx,4
flavescens,8
Origin,26
dachshund,3
orbital,3
Staff,1
United,38
Pseudalopex,1
OSDCPTJKPgN,2
reflect,2
edits,22
Stage,1
Ernie,3
hippophaga,1
based,17
pointer,7
Komondor,1
vitamin,3
pointed,3
Impacts,3
Editors,4
Ponting,4
Protectiontemplates,1
Castro,1
Fighting,4
functional,7
fact,2
Eduardo,1
Palawan,4
CatDog,1
fundamental,1
subsecondsDateTimeOriginal,1
translocated,1
Microtomarctus,3
putorius,8
Gelasian,1
Under,5
free,16
commodifying,3
Marsha,1
Origins,13
YBP,2
Pact,3
protections,1
face,3
ummz,1
Baltimore,1
Barbara,3
oldest,7
anthus,8
showed,22
stenocephalus,1
After,1
household,6
Daniels,3
invite,1
Gronau,6
Alexey,1
Philadelphia,1
coordinated,3
ratio,3
Zody,4
Therapy,8
Wesley,1
dingo,24
Eric,1
Page,8
ice,2
Click,1
Fennec,5
Erik,4
Full,4
coordination,3
falsely,3
Nastasia,1
PortalvtePastoral,1
meatDog,3
MediaWiki,7
orientalis,4
commands,3
Frison,4
Jeremiah,1
please,1
PROWP,1
finding,3
basal,9
Tallest,3
Gilchrist,3
Gal,11
Lunar,1
extends,1
laboratory,1
Alaskan,4
Latin,13
judging,3
vital,3
Border,4
Smithsonian,6
Portals,2
gulo,4
Timothy,3
isPlattd,3
Populations,4
Latga,1
Claudia,1
imageCustom,1
detect,3
rule,2
Paid,1
stenosis,3
NHMSYS,1
poem,3
modePatternLight,1
HDS,6
Cystophora,4
gatherers,7
characteristics,8
disulfide,3
growls,1
Papiamentu,3
Dogg,1
antedates,1
Nerdai,1
Dogs,221
Caiba,1
removal,4
subsecondsSupported,1
comment,4
venerable,1
imparts,1
Brygos,3
Dogz,1
Indonesia,5
Dictionaries,1
arnensis,3
discussions,1
Asian,34
safety,6
thooides,1
Spaying,3
Synonyms,3
Etiquette,1
placental,1
arise,1
upiakIsiXhosaIsiZulu,3
wollebaeki,4
Corgi,2
filing,1
Cheyenne,2
Freedman,11
Maned,6
Pomerania,1
Society,31
Biotechnology,1
AsturianuAtikamekwAva,3
Description,8
flFile,1
church,3
isolated,6
Reuters,3
privilege,2
Polynesier,3
Criminal,3
Proc,1
Zihni,3
blaze,3
Dilemma,3
Rollback,1
explains,4
biologists,3
Cynarctina,1
LimmuEra,1
REVDEL,1
Coren,6
Housing,3
Neoliberalism,3
Pale,5
anatomically,1
appearance,15
Paleontologica,1
Xie,4
culture,3
editorPolicy,1
Known,6
FrankyLeRoutier,1
hyenas,3
first,60
Astronomy,1
Geography,3
Crandall,3
Tomus,3
preferably,1
jubatus,8
Sheepdog,11
fewer,4
clearly,6
Shannon,3
Dono,3
sandboxes,2
Pitulko,1
preferable,1
Ecclesiastical,6
UPLOAD,1
from,392
mephitis,4
Spanish,3
Cenozoic,2
Atlas,9
insights,3
Japan,4
archeology,2
Soviets,3
Villafranchian,1
Heredity,1
ilo,1
Caucasus,3
Wallace,4
Ruusila,3
suricatta,4
monophyly,1
focal,1
Content,2
Judaism,3
determinations,1
Vladimir,1
spitz,4
Caninae,16
Bloch,1
pone,7
Embryo,3
death,15
Bradley,13
Extent,3
Societe,1
JPGFile,1
according,4
powder,3
Gestation,3
Crossbred,4
Oceania,3
Zoos,1
paper,6
Disadvantages,3
atmospheric,3
Earl,1
colored,3
camouflage,3
value,9
ina,5
enforced,1
quantity,1
Zone,3
hookworms,6
tricks,1
Gompper,9
SignaturesBroad,1
Epagneul,3
Hooded,8
subtitled,1
stages,3
fishermen,3
growth,2
Wikidata,10
Societ,1
Ersb,1
Feffer,3
Ibizan,1
Transwiki,1
inaSoomaaliga,1
Plexus,1
RLPAGEMODULES,20
resolution,3
Titleblacklist,2
properly,3
EnglandPeople,1
poor,1
Past,3
Profiles,1
Anxiety,3
Tierney,3
Samee,1
unlikely,3
Alternative,1
Hollow,1
Lauren,6
carnivorans,2
indicators,6
subfamilies,3
vulpinus,1
Enhydrocyon,6
adapted,3
Pliocene,6
Cultural,18
Park,3
airport,1
persons,7
Mike,3
Islam,6
Part,10
Bandogs,4
Mikl,9
cigarettes,3
East,16
Blocked,4
shortly,3
Doggies,1
providing,1
weeks,8
falseCPU,9
ameghinoi,1
pork,3
manual,4
manufacturerNIKON,1
Paul,7
playfulness,3
Ersbell,3
Newsletter,1
Templeton,1
Heidi,7
Stripe,4
close,6
SundaSuomiSvenskaTagalog,3
ire,1
curled,3
linked,2
densely,1
Oberkassel,4
Wenping,3
Cougar,4
pelage,1
Century,3
rationale,1
Fazio,1
sulfoxide,3
Threlfall,3
fast,1
trials,1
chinga,4
Interface,1
Older,1
nine,2
communicate,12
Russian,1
senses,3
rural,6
Jackson,11
ochracea,4
ferrilata,7
acid,9
post,14
theorized,1
Bridgett,10
Biol,3
Southern,17
VlamsWinarayWolof,3
Camera,1
UyghurcheVahcuenghV,3
Cynodesmus,4
Lupus,2
DaneGroups,1
Protected,8
educational,3
Xing,3
its,62
Cultures,3
remedy,1
Cherin,1
Isles,1
Pampas,9
article,71
respect,1
estomac,1
Extinct,4
Indo,15
carnivora,1
shell,1
applanim,3
carnivore,13
Jaguar,4
Retinal,3
Rincon,3
production,3
smallest,3
Neoproterozoic,1
choose,2
datingAstronomical,1
paste,1
Edward,3
Mira,3
Urban,3
previously,2
IsiZulu,1
archaeology,4
Evidence,4
Gillespie,1
EnglishArticles,3
pageTalk,1
identify,4
Bengal,6
Tesem,1
cigars,3
nitrogen,3
roWalon,3
Info,1
Brockman,4
White,12
BLACKLOCKAs,1
NordfriiskNorskNorsk,1
Club,26
wolfhound,3
Brain,3
Belen,3
sickle,3
ogeneNeogene,1
Bite,1
Users,3
variation,29
Meles,4
preemptive,4
number,22
Sirius,1
Sammy,2
property,3
Mesoproterozoic,1
Wanser,6
delicacy,3
shorter,4
Gun,4
Orient,1
Protocyon,4
testing,7
distributed,3
isolation,2
Sources,3
script,1
animation,1
Journals,4
carnassials,3
silver,1
Justice,1
IndonesiaInterlingua,4
Flint,1
exclusion,6
CASCADE,1
epoch,13
olEuskara,1
local,2
Astronomical,1
Argos,3
nudipes,4
Prionodontinae,4
Gwi,1
Gesellschaft,1
monotypic,1
amicusSwift,1
Mythological,3
synthesis,3
polar,1
Study,10
Plicht,2
dogThe,3
Cynanthropy,3
Indeed,1
Samoa,3
Paperback,1
Julia,4
Fear,4
powerful,6
removed,6
Julie,3
cite,8
SensesThe,3
epilepsy,3
shed,3
infamous,3
movers,2
copied,1
unlocked,1
Gya,19
points,1
rear,2
copies,1
Factor,3
modified,7
Voelker,1
maintained,4
Marbled,8
Carpathian,1
pregnant,4
border,3
Miwa,1
read,3
documentBFBFAFEBBCFADForg,1
touch,3
fictional,3
canavus,1
prompted,1
real,1
canidsDog,3
Newby,3
Talaizadeh,3
April,26
sediment,1
Mioritic,1
unit,1
uncharacteristic,3
hybrid,2
Domesticated,19
substantive,1
organisms,1
Skin,4
Poiana,4
Lunisolar,1
Nyctereutes,18
Dynamic,13
Brace,1
Formal,1
ingested,3
Format,1
scagliarum,1
today,13
Safety,4
saying,1
Cardiology,3
universal,3
Escu,3
looked,3
blunt,1
truetrue,1
Ramirez,6
Mallorquin,1
Circa,1
pagesWikipedia,7
productive,1
AsturianuCatal,1
Mexico,4
tricolor,1
hypothesis,6
Leroy,6
puppets,1
profuse,1
reason,11
barking,7
mmScene,1
Lietuvi,5
identification,4
Panama,1
Least,4
jam,1
Aboriginal,6
Foundation,16
jas,8
jaw,1
using,46
Admissibility,3
Trial,3
platensis,1
Irion,1
containing,1
EarthCenozoic,1
pregnancy,9
Roles,6
Lindblad,8
rings,1
Conduit,3
letter,1
alternatives,1
Manhattan,3
lobed,1
Pridobljeno,1
Obermaier,4
annually,1
mobility,3
Edgar,3
pxHeight,1
tallest,3
Shelters,6
housing,6
frequently,8
vertebratesScavengersApex,3
dilatation,3
ligament,7
portalRecent,10
oceneEoceneOligocenePlioceneMiocene,1
Association,11
taken,7
Pawlik,4
Osborne,3
penis,1
takes,4
popular,16
detection,7
Bernice,3
Leash,3
shear,1
biogeography,3
DavidCane,1
Taxon,4
cyclesGeologic,1
erminea,4
Great,8
Urinary,3
Hak,3
Han,4
Watchdog,1
communicationDog,3
ICS,2
danceGroups,1
Rethinking,2
jhered,1
Parragon,1
Revised,1
centered,3
acridens,1
Patricia,1
dmca,3
numberingOthers,1
occasional,3
unsw,3
Hamann,3
individuals,17
racemisation,1
debate,3
CanidsMammal,1
vulnerable,3
either,6
Predators,6
Ursus,4
dogsReferences,3
Greyhound,1
Huskies,3
those,40
Genets,4
estimates,9
Helgen,4
nicotine,3
feist,4
significant,15
arbitration,2
Irish,9
Pennsylvania,1
longer,13
signals,5
Johnsen,1
Cheryl,4
parties,1
worst,3
Greco,1
leaving,1
watchlist,10
parameters,2
gastric,3
distance,5
Mitochondrial,8
show,19
Yet,3
description,4
thous,7
canimorsus,3
Galibert,4
Mustelinae,4
Genera,1
Linda,1
recession,3
Ethics,3
malicious,1
Stanley,9
Almada,3
Paracynictis,4
mwCached,10
Hanni,3
Cascade,3
Notes,5
domesticus,1
MelayuNederlands,2
vanished,1
learned,3
Garafian,1
substance,3
nineteenth,1
estimated,20
clarification,2
semiannually,3
Citebook,5
owstoni,4
Knowles,1
shearing,2
guidance,3
modeAuto,1
Unported,1
Hyenas,4
stranger,3
Greek,7
Green,6
delicate,1
Sharp,6
gerona,4
Manual,2
Sovada,1
largely,7
dietary,2
Ikeda,1
Database,1
CommonsWikispecies,1
Utilisateur,1
coryphaeus,1
Espa,6
slenskaItaliano,5
waits,3
gene,5
chested,3
III,4
hollow,1
epic,3
BIES,3
Molossers,4
Studies,6
Redolta,1
Aonyx,4
reset,3
style,2
Princesa,1
Module,1
Turkmenistan,3
Terminology,6
McGreevy,4
guard,15
modelsExtant,3
harsh,3
ungulate,1
ensenadensis,1
stress,3
thierryi,4
Chapter,10
Teblick,1
Ages,4
tribes,6
consulted,1
interwiki,1
Associates,1
Newly,1
Fern,4
Wikispecies,5
Galician,1
Armanaziz,1
Share,2
cushioned,1
Schuenemann,3
questionable,2
mature,1
spissidens,1
vandalismWikipedia,1
Paulmcdonald,1
Angolan,12
influence,6
Coben,3
episodes,1
temporarily,3
exceptionally,3
reportParsed,10
important,13
Italiana,1
Halichoerus,4
libyca,4
bones,5
Selous,4
Woods,3
eaten,3
Conformation,7
largest,4
Boyko,4
ListsClassification,1
investigations,4
shelterEvery,3
proliferated,3
administrator,18
joy,1
America,45
imitation,1
jpa,1
Tribe,5
Axis,1
sheep,1
adds,1
jpg,36
rest,1
original,63
terrier,9
AsturianuAva,1
differ,1
sociability,3
Anchor,1
Turner,3
investigation,1
front,2
Yor,3
You,11
Pending,21
recessive,6
Recognizing,3
borophagines,1
projects,11
Black,27
Enhydra,4
jqs,1
MIME,1
Neptune,9
complex,9
hookeri,4
Leptonychotes,4
Phillip,1
Hoc,3
Divisions,1
Hog,8
hiyaw,3
Hot,1
inseminated,3
How,15
Machugh,3
drive,4
Atlantic,2
Centers,3
traits,8
Subboreal,2
lling,1
Uncalibrated,2
PratyushSinha,1
Cerdocyonina,1
durrelli,4
ISC,3
thermo,1
subsequent,3
national,5
indicate,5
contain,6
vomited,1
ISO,2
Quaternary,25
words,3
benefited,8
medicine,3
entered,5
Flickr,6
difficulties,1
Reflist,7
digits,2
Israel,4
Regarding,3
Eurasian,24
Power,3
Miscellaneous,3
pillars,1
Suppression,3
crossbreedsReferences,1
developed,21
genetically,4
Zabielski,3
TimeThumbnailDimensionsUserCommentcurrent,1
differentiate,1
defamation,1
BooksCriteria,1
contact,12
derbyanus,4
Kallio,1
North,58
Collections,3
Norwegian,2
striatus,4
disadvantage,4
tigris,4
Granting,1
Laskar,1
Yue,3
garbage,3
Authentic,3
Sannse,1
canines,12
vitticollis,4
Stahler,6
searched,3
anxiety,4
Oxfordshire,1
Norsk,1
Ediacaran,1
Airport,1
parts,9
CORPORATIONCamera,1
helps,4
western,3
Freund,3
Norse,3
gezi,1
party,1
however,16
Alexander,4
visiting,1
trained,3
sources,10
Instead,3
relates,1
Coyotes,4
KeeperIMG,1
retrieving,4
wikibooks,2
signs,6
related,31
candid,1
Huh,3
civet,76
Grandidier,4
aisHrvatskiBahasa,1
Rice,1
SuomiSvenskaTagalog,1
outperform,3
Mailman,3
unacceptable,1
lowercase,1
reviewing,2
weasel,56
Material,2
Pteronura,4
breed,107
Mesocyon,5
Jackals,2
KyfishfishfishEdited,1
eventsRandom,10
Morally,1
euthanized,9
appealing,1
Marianas,3
Sled,9
elaborate,3
Retriever,4
expert,3
corridor,1
sick,3
Hitte,3
Tzolk,1
inactive,1
corner,2
Wiley,7
Pionnier,3
mungo,4
Leonard,8
majority,12
join,2
Retrieved,181
Kurd,2
prehistory,3
Apsos,3
unincorporated,1
Carbyn,1
Rico,3
Cardiac,3
chasing,1
Structural,6
Earlier,4
intermedius,1
Contents,9
Documents,3
Happysmileman,1
breeding,30
brought,3
alive,3
proportion,4
Monograph,2
pursuit,1
canid,22
emerged,3
Sawyer,3
cycle,15
Pallas,4
YellowLabradorLooking,1
lutra,4
world,25
timeConcepts,1
Proto,9
canis,10
guardian,12
Flynn,1
Heptner,1
side,4
Together,3
South,36
Tools,11
Capitan,3
indirectly,1
Jane,3
Ochotorena,1
Kurt,4
Sinope,1
century,21
traditionally,4
antisocial,3
subpages,1
report,22
Callorhinus,4
Church,4
auto,1
knees,3
srpskiBasa,1
sign,1
Bernstein,3
ratioFocal,1
Tyler,1
Turnspit,4
high,17
split,6
falls,3
Moyes,1
isotopes,6
Ensminger,3
publication,1
typeRoles,3
chaus,4
Reprod,3
expressed,4
different,37
directly,6
administrators,33
officially,1
Miacoidea,1
Pagophilus,4
level,24
disruption,12
Europe,7
adjusted,2
poker,1
Smoky,1
Terms,9
restrictions,3
Hegiri,1
roots,1
establish,3
compositionRGBOrientationNormalNumber,1
attaches,3
belongs,1
focused,3
David,17
Lopingian,1
Advice,1
errors,1
parents,7
consumed,15
Before,9
Dictionary,6
Aymar,3
mastiff,7
kac,1
artistScience,1
Otaria,4
QuaternaryPal,1
total,11
Wendell,1
Genus,54
Sechuran,6
Subspeciesbox,3
Citejournal,6
ShortcutWP,3
pageContentsFeatured,10
Polish,5
Synchronoptic,1
Donna,4
social,54
raised,7
cross,3
Suborder,14
control,11
Scale,1
Christianity,3
PicardPiemont,3
javma,3
Variants,10
Afraid,3
declined,1
earth,6
fatalities,3
implicated,3
inflict,3
Eurasier,2
Unrestrained,3
lineage,10
elbow,3
metadata,2
aisFryskFurlanGaeilgeGaelgG,3
vary,23
mellitus,3
Friends,1
upper,13
Chiodo,3
episode,3
sequencing,1
Gina,1
scent,12
injury,3
exhibit,4
parkIt,3
doghouse,6
Preventive,4
inadequate,3
renaming,1
megamastoides,1
africanus,1
Mastering,3
remaining,1
accept,1
orcuttiC,1
gazella,4
JCM,3
collie,4
Biomarkers,1
Praxis,3
Ailuropoda,4
Jawa,2
access,2
primitive,4
hind,1
Protepicyon,3
onca,4
inbreeding,21
Parasites,3
stratigraphy,2
badia,4
srpskiSrpskohrvatski,4
referring,1
kel,3
Kawachi,3
herbivorous,1
key,9
Golden,17
situations,4
Caniformia,10
Omnivores,3
Tsutsui,3
Markers,1
loads,10
Ice,4
Protectedpages,1
Master,1
ingestibles,3
Ring,8
Gasow,1
mortality,8
californianus,4
vast,5
fourth,1
Veterinary,34
conspicuously,1
UploadedwithderivativeFX,1
laughing,3
estimations,1
Mirand,3
available,23
biographies,3
belowViverridae,4
contexts,1
Modern,8
molar,7
dynamic,2
ProtectionPolicy,1
sector,1
extreme,1
americanus,4
Cuvac,1
Mangaia,3
degree,2
Obsidian,1
banning,3
Kansas,1
Anatomy,7
Ahmedzai,3
especially,8
once,13
demonstrate,7
Automatictaxobox,1
grapes,3
Carson,3
Britannica,1
Richmond,1
wheelchair,3
Taffy,3
montanensis,1
Ortega,6
records,5
CalibrationDates,1
pending,26
SMcCandlish,1
skinneriCanis,1
Accessed,3
Mungotictis,4
recreated,3
What,24
Bringing,3
lybica,4
Picard,1
kit,1
NordfriiskNorsk,1
throughout,11
typeA,1
morbidity,1
vittata,4
coverage,3
types,20
British,27
criticised,3
Chassaing,3
allocation,1
jacobita,4
Tierbezeichnungen,1
Dobrynin,1
transmit,1
Largest,3
Denzau,3
Subject,4
Kingdom,10
ones,1
docked,3
Gaming,1
geringensis,1
backed,10
reach,2
comparative,4
Serres,3
Baiting,4
Dogspotting,1
react,3
calibrated,5
bourloni,4
Moreover,3
folklore,3
Geologic,3
sight,1
teeth,15
urinary,3
between,74
KinyarwandaKiswahili,3
exhibited,2
inclusive,20
Frederick,6
collar,3
Determining,3
breedsCross,1
Medford,1
Barstovian,1
Hemigalus,4
following,13
wolfdog,3
Resources,4
sire,6
habitats,1
wear,3
unsuccessful,1
SILVERLOCKSemi,1
Anatoly,1
Lesser,4
blocked,8
McHenry,1
place,9
regular,1
informed,1
Tierheilkunde,3
dispute,6
Reference,8
Fischer,3
aggression,6
lead,11
fraction,1
hits,3
metersMetering,1
site,26
When,21
highlights,1
SvenskaTi,1
cranium,1
Policy,22
Ile,1
ayisyenKurd,3
sausage,2
parks,6
ichneumon,4
describing,1
only,71
should,63
mechanisms,1
obesity,3
Adoption,4
individual,14
comparing,4
temminckii,4
accepted,5
Ordovician,1
Clouded,4
Delaney,3
continents,1
Deborah,4
Mixed,4
Vertebrate,1
Brave,1
Subantarctic,4
Inc,20
namespaces,1
Ballantine,1
JPG,3
week,4
User,86
Uses,8
guarding,8
inclusion,3
Inu,3
ready,10
studies,9
Amino,1
informational,1
greatest,1
player,1
mediated,1
purebred,18
limited,4
studied,1
While,6
Police,7
Nervous,3
balancing,3
corresponding,2
resembled,1
namespace,5
boxesShortcuts,1
NewPP,7
informal,2
Rescue,3
Lynn,1
owners,13
Gender,1
appearancesMammals,3
approved,1
Lynx,4
would,28
legs,5
Michael,14
Montage,3
endorses,1
striatonigral,3
pennanti,4
Lyme,1
Small,24
solid,1
notably,3
popups,10
galaticus,1
cooperative,4
size,74
applies,1
left,4
poorly,3
Marta,3
accessible,1
statistical,4
Iro,1
notable,3
example,22
minds,3
thousGenus,1
Institute,1
spanning,3
Metatomarctus,5
feeding,7
Diogenes,1
jpeg,1
Clarify,1
Based,3
ReferenceTooltips,10
Instituto,3
policy,38
Malinois,1
address,2
Docked,3
Harris,1
abbreviation,1
premolar,2
consisting,1
Edits,4
police,6
temporalis,3
Layout,1
Bquote,1
fifth,4
Marsh,4
Preprocessor,10
nureongi,3
Iti,3
violent,3
Morrison,3
Its,9
Jamieson,3
Mivart,1
Sinsheimer,6
Lyncodon,4
implement,1
Koreans,6
export,9
others,6
Rawlence,1
making,12
relatives,7
Leathlobhair,1
onto,3
Fuego,3
kya,3
littoralis,8
Keith,1
soles,1
Unique,1
uLatinaLatvie,1
Cuisine,6
rbaycanca,4
applied,20
vocalization,6
Fiber,1
Wikipedia,134
Extant,6
itatsi,4
methodOne,1
Bobcat,4
controlNoneContrastNormalSaturationNormalSharpnessNormalSubject,1
Basal,5
disclaimers,1
society,9
ACPERM,1
expanded,1
Phocarctos,4
behavioral,11
IRMNG,4
margarita,4
crossbreedsMixed,1
Dogbreed,1
Skeleton,1
tigrina,8
November,7
Young,5
Schuster,3
Firminger,3
Multiple,9
GICC,2
citation,3
blocks,1
Sutter,1
Minnesota,6
uEuskaraE,3
tundra,1
Mammalia,12
well,27
TheStar,3
syntax,1
Dingo,9
Userpage,2
monobook,1
gadget,80
fouling,3
glandis,1
Dryas,5
experiment,1
procyonoides,8
PCPPWP,1
Available,2
Karakachan,1
cooperation,5
Montana,1
Memoir,1
sardous,1
sSrpskohrvatski,1
inter,3
JAMA,3
catecholamine,3
bringing,3
schools,3
Benji,1
Vandalism,4
SubpagesWMF,1
Bishop,3
coated,5
respectively,1
Academic,9
Caspian,4
matter,1
Espilio,1
walls,3
irons,1
lutreolina,4
Annie,1
ReadView,1
product,1
globalization,3
Bandipur,1
Mythologies,3
Eocene,6
produce,6
Smart,3
Oswaldo,3
Vesa,3
scientifically,1
changesPolicy,1
minor,6
Metrological,1
Thousand,3
Indochina,3
inhibitory,3
Humboldt,4
Heidenberger,3
upon,2
identical,2
Notability,1
Nurocyon,3
Musiani,1
donnezani,3
Education,6
Evolutionary,10
function,13
raise,2
Dogtime,3
Suzie,1
Coat,19
traffic,3
Cynarctoides,9
frontiers,1
law,6
comparison,2
Daag,1
Vets,1
differs,4
revert,1
less,24
cohabitation,3
Zazaki,3
institutions,3
eras,2
Hearing,4
ereurop,1
emptively,1
Eddy,3
were,109
altaica,4
naming,1
Otarocyon,4
Caracal,8
avus,1
othmaniTribe,1
Bench,1
subfamily,7
Afrikaans,3
Chinvat,3
schauinslandi,4
artificially,4
grison,8
Companion,16
Publishing,16
ungulates,1
Dentition,2
TURQUOISELOCKCascading,1
Glenn,3
Stratigraphic,3
Marshallsumter,1
Christopher,3
lengthy,3
Point,5
opening,1
doctor,3
industrial,1
redirects,3
basilatus,1
quem,1
nemann,4
avius,1
Chibanian,2
sport,1
prey,15
Blass,3
led,15
Edit,18
Dawgs,1
olFran,1
mountain,23
visualEditor,20
leo,4
Aging,7
let,1
press,3
night,6
Placing,3
pack,23
Code,1
each,39
labels,3
Barrels,1
Icelandic,1
KEN,3
clade,5
Detection,7
items,12
Sydney,3
Raven,1
Puli,2
entertainment,2
killing,2
descendants,3
Union,3
promote,3
Rhizocyon,2
societiesAcronyms,1
does,14
Domestic,27
graphic,1
javanensis,8
Puma,4
legislation,4
Nature,21
Foreign,3
Against,3
Novel,3
Renaissance,3
Services,3
pads,2
Longhairedyorkie,4
coincident,1
Waggers,1
fashion,1
medical,7
principle,1
Vanak,3
procreate,3
Scientific,17
fuscus,4
source,9
smell,6
unable,1
HornjoserbsceHrvatskiIdoIlokanoBahasa,3
Cattle,2
dogs,864
Ciarmela,3
homes,9
Unlike,3
acquired,6
Ultimate,1
chest,3
CentralBislama,3
Creation,3
Pumi,1
Jonica,3
verbal,3
develop,3
melanoleuca,4
involved,10
dominated,1
Barry,3
converted,1
Bullets,1
fixed,3
page,177
full,12
away,3
Otherness,3
aspects,7
Daly,4
galapagoensis,4
mice,3
Sloth,4
KomarovWild,1
Aidi,1
Pseudo,1
cascading,6
Wide,1
socialization,3
enhance,3
pagesPermanent,9
convention,1
diardi,4
pain,3
appropriately,3
enlarged,1
titles,5
pair,2
Jin,1
equal,3
Sunset,3
emblems,3
Dale,3
paid,3
subsecondsDateTimeDigitized,1
Blanc,1
Yurchenko,1
Quarterly,3
Oaks,3
CANIF,1
Support,3
palm,44
suburbanization,3
Bellwood,3
Count,2
three,22
McCabe,3
Training,7
nigrata,4
Andean,5
Oligocene,6
Pusa,4
colonize,1
Network,5
PPINDEFWP,1
season,4
controversial,4
Salvius,3
Kooyman,1
batter,1
suppressing,1
annectens,1
mythology,27
Dana,1
culpeo,2
Dane,3
provide,17
undesired,3
Kerstin,1
Life,7
Reptilia,3
angustifrons,4
parameterWikipedia,3
consultation,3
Pure,2
primary,11
Canislupusfamiliaris,3
rubiginosus,4
Taxonomy,11
megaspila,4
log,2
enterprise,1
Cook,7
centimetres,3
formation,4
hereUpload,1
Kruglyak,1
low,7
Novembre,4
distinguishable,3
IndonesiaItalianoNederlands,1
merely,1
inuktitutI,3
phases,1
Kennel,32
meant,3
means,12
dihydrate,1
Cone,3
initial,9
Stable,1
tWalonWinaray,1
jasrep,1
chimpanzees,3
Biographies,2
Incorporated,1
Ephemeris,1
interests,3
diabetes,6
None,1
crushing,2
Variations,3
Heidenheim,4
Critical,6
experience,6
launched,3
roysktFran,4
Like,10
Uploaded,2
Creative,11
denote,2
zone,4
inappropriate,1
disappeared,1
wheelchairs,3
Murphy,3
Cardigan,1
saevus,1
Core,1
combination,1
Cope,1
tropicalis,4
Jon,3
Melogale,4
particular,8
done,5
LandracesGroups,1
puzzling,3
August,42
Jos,1
Fodor,3
perceived,3
falanouc,8
hydration,1
Ethiopian,16
Derek,1
Rodriguez,3
Dominique,4
Ownership,4
Wild,4
Friendly,1
York,32
relied,1
thompsoni,1
mathematics,1
part,25
grinding,3
progesterone,1
SeinfeldCharacters,1
Hilary,3
conversations,3
Pointing,3
adoxus,1
synonym,3
temperaments,2
MelayuBaso,3
Will,3
park,4
desktopArticleTarget,10
villages,3
ornatus,4
Famous,4
Cynogale,4
Corn,1
Data,3
zoom,1
Date,10
ears,2
Second,3
Single,1
lithe,1
interaction,1
Herpestes,4
Wiki,1
interfere,3
dingos,6
Helen,5
etiopathogenesis,3
Meerkat,4
reductions,3
evolved,7
sketched,1
Kpgjhpjm,1
Dawg,1
crack,1
bind,1
depending,2
Osteometry,4
record,5
Lion,4
Mesoarchean,1
Compared,6
Hesperocyonines,2
past,9
profile,3
bill,3
Lapponian,1
Cacomistle,4
whose,8
Forster,3
bile,3
ViverridaeParadoxurinaeArctictis,4
Perloski,3
Chemical,3
Note,2
domain,1
Linn,3
unprotection,4
assigned,1
adult,19
muskoxen,1
Zhihe,3
relative,5
Animalia,9
Nichols,1
pulmonic,3
Called,1
gawnae,1
Increasing,1
Oryx,1
narica,4
Disclaimers,10
Mumbai,3
existed,5
Mongrels,4
Falklands,1
October,28
adoption,3
FeliformiaNandiniidaeNandinia,4
Typically,1
verificationArticles,3
Chart,1
Jul,3
compositionThe,3
mind,3
iNaturalist,4
Blue,1
familiesBartonian,1
Linnaeus,9
Hogan,6
Maiorino,1
MongrelA,1
operational,1
therapists,3
mink,8
pagesUse,3
Kamal,4
foxes,9
policiesWikipedia,2
unilaterally,1
Duane,1
neodymium,1
gwatkinsii,4
Geologists,1
Fossa,8
Your,12
Wahlberg,3
Citeweb,5
Accounts,1
Neutral,1
Ovodov,3
added,6
ASPCA,6
subdivided,3
emergency,3
down,13
Recruitment,3
Lisa,6
Jacqueline,1
habit,3
Evad,1
legal,8
club,4
boundaries,1
List,29
Protection,17
seated,3
Alike,2
info,3
Evan,4
interferes,1
Interaction,14
varied,3
upwards,3
regarding,3
Because,9
Hesperocyoninae,10
month,8
Kister,2
Protecting,1
varies,12
Early,20
paws,4
tackle,1
Gaddi,1
Confirmed,2
Lopez,6
serval,4
rather,6
Harbor,4
importance,3
IntelligenceHealth,4
marianae,1
aelurodontoides,1
JSON,1
title,15
mainspace,2
Alzheimer,6
With,4
Chang,4
bite,18
hemisphere,1
nuclear,4
Gobicyon,1
human,139
alexandri,4
Symbolism,3
ticks,3
spelling,1
custom,3
Historic,3
velox,6
shortcutsWP,13
permission,1
clades,6
adustus,7
beach,2
xxxvi,1
Willits,3
Litt,1
Nielen,3
articles,39
johnstoni,4
Jensen,2
Lourens,1
brothers,3
Interdisciplinary,4
Johnston,10
navigation,11
Gonzalez,3
cigar,3
pancreas,3
usually,14
Even,1
Patterns,3
pardinus,4
letters,3
fear,10
init,28
grypus,4
silvestris,4
sense,10
classification,8
Island,17
Rajasthan,3
Tomorrow,2
Tralfalgar,1
countershading,3
Canada,2
physically,3
field,6
served,1
usergroup,1
messages,3
Canaan,2
retinal,3
Kamolpatana,3
Magellan,1
skin,3
Mcgorray,3
mention,3
sesnoni,1
inserted,1
acprof,6
Cruelty,6
recur,3
GalidiinaeGalidia,4
peregusna,4
Raffaele,1
man,13
may,120
Protectedpagetext,1
Adams,3
Roman,4
Pastore,1
uetulus,1
authorizing,1
Chailicyon,1
Hyaenidae,7
feet,5
mcgrewi,1
Snow,4
recognition,1
itemsTaxonbars,3
feel,1
Collie,5
Collis,3
hodophilaxC,1
Chris,6
Nederlands,1
Chambers,1
ideal,3
solids,3
Berlin,3
Miniature,1
Walker,3
Byzantine,1
Eared,4
becomes,1
feed,3
Burmese,4
lists,6
WikiProject,4
ubiquitous,3
Neuhauss,3
Ritchie,3
ovaries,6
bottlenecks,1
conceive,1
med,3
nonsense,1
incursion,1
Geological,2
Shuoguo,3
Spitz,5
Elkhound,1
men,3
refToolbar,10
Bulldogs,4
Domini,2
physical,26
mythologies,3
blurred,1
crocuta,4
diversified,2
depicted,7
gerontology,3
eventLogging,10
structure,14
charinsert,10
Heikkinen,3
Crested,4
biscuit,4
Sanchez,3
glands,5
depend,2
sized,5
about,36
Languages,10
History,37
branching,1
granted,2
character,2
graphique,1
sizes,3
above,6
churchyards,3
stick,1
recursion,10
height,9
Herpailurus,4
Konrad,1
Categories,10
Behavioural,8
beaten,3
Egenvall,2
sterilized,3
sumatrana,4
quality,2
avoided,1
illicit,3
animal,64
McCormick,3
Pbsouthwood,1
Suisse,1
Bernard,1
receives,1
Georgia,1
arctos,4
alloparental,1
Debra,1
Key,1
maternal,3
WikipediaCommunity,10
Marco,8
Office,6
shared,7
association,6
mid,3
March,24
eliminate,3
Monique,6
locis,3
into,55
mil,1
umich,1
tinaCymraegDanskDeutsch,1
Unmentionable,3
supports,9
dirus,4
mix,1
Military,3
tinaDanskDeutschDin,1
redirect,4
striped,28
middle,3
though,3
Calendar,3
blacklist,1
appeal,1
everyday,3
belowMustelidae,4
appear,2
mammary,3
texts,3
Tayra,4
associated,25
descended,1
badgers,8
open,5
Fluorine,1
project,2
chronology,1
ArticleTalk,8
Santa,1
Northgrippian,3
dhole,8
roughly,6
tobacco,3
First,17
Pezzani,3
displaying,4
cooked,1
Jaguarundi,4
bears,1
Morden,1
William,7
Kim,1
Kil,1
Boarisch,3
temperate,1
forces,3
Kit,6
culinary,3
proposals,5
Stela,1
Fuegian,4
sibirica,8
allow,3
Yibin,1
decemlineata,4
LLC,3
Weichselian,1
distinctiveness,1
ranges,6
bitten,9
proper,1
barbatus,4
poisonous,6
Schebetta,3
Phillips,3
Disability,3
Control,7
lotor,4
mmv,18
Folklore,3
clusters,1
Schipperke,1
registry,2
recently,10
Philippines,3
Followers,3
Tyrone,1
polymorphisms,2
sideIn,3
Bruce,3
Willis,3
earthling,3
mnw,1
pxBits,1
parasites,3
Juan,7
unprotected,2
Pixel,1
belowFamily,8
Mental,4
Conventions,1
reliably,1
theobromine,6
arctic,1
whole,5
Periodid,1
relation,1
reliable,4
Winklhofer,3
Carlson,1
Lebrasseur,3
attempts,1
still,16
geochemistry,1
beastly,3
nicknamed,1
photographed,1
lepophagus,3
packs,8
talon,1
Vidal,1
toward,1
books,10
mammals,18
among,26
internal,4
Tibetan,12
signature,4
enjoy,3
Miklosi,1
specified,4
Commodifications,3
believed,7
include,43
persecution,1
Yearssince,1
aged,3
households,6
binturong,4
stink,8
Amaral,1
Pets,3
Doggie,1
obscurus,4
Steve,3
cutting,3
ages,10
PeriodPleistocene,1
Petz,1
linsangs,4
voice,3
injuries,12
Appreciation,6
prepared,5
tailed,28
coarse,9
urbe,2
Ancestry,1
emptive,1
Sports,7
Annwn,6
imply,5
Behaviour,22
Preboreal,2
cascade,1
componentY,1
capture,1
failed,11
sequence,4
alerted,3
unreliable,1
cleaned,2
HelpAbout,10
mud,1
Manchego,1
Category,9
Sock,1
nuchal,1
Assessment,1
jres,1
Science,51
libel,1
incubator,1
Fossilworks,4
Oxford,34
PolskiPortugu,2
Ahmed,3
distances,1
JAVMA,3
stirtoni,1
Galdos,3
Newfoundland,6
humid,1
controversy,1
command,3
Contact,10
ineffective,2
Extra,6
Liberiictus,4
prepares,3
variable,3
revised,1
reversion,1
leading,1
Berkeley,3
mww,1
urge,3
music,2
worshippers,3
omnivore,6
Richards,4
Street,8
because,26
July,47
moving,4
Braque,3
marchei,4
behaving,1
google,3
Biological,11
systematics,4
Wumbolo,1
bronze,3
Hoek,1
contains,8
Gerontology,5
selection,16
mya,1
ensued,3
science,20
Jungle,4
aboard,3
returns,3
Hyaena,13
detail,2
playmate,3
June,47
forest,4
Qian,1
Authority,4
Caedocyon,3
debated,3
Newcastle,1
matrix,1
Whisperer,6
Linking,1
Palaeontology,1
sleep,1
malamute,1
NapulitanoNordfriiskNorskNorsk,3
Tail,10
prohibition,1
behavior,38
sunysb,3
toes,4
Hogg,2
decreased,9
Tomasello,3
Epoch,3
canine,32
onset,3
toed,1
Jump,20
pushing,1
Facilities,6
descent,1
aperture,2
decreases,3
bloodhounds,3
pathway,3
debates,3
appearancesExtant,1
wangi,2
Vormela,4
Take,3
Hachik,3
Paracynarctus,4
namespaceProject,1
historical,4
vteExtinct,1
Miguel,1
sled,8
PREEMPTIVEApplying,1
layers,1
discrimination,3
female,35
rias,3
Aires,1
doesn,1
labrador,1
breedsRare,1
obligatory,1
Nomenclature,4
Domestication,5
Malgorzata,1
Benjamin,1
Uthman,3
Attribution,11
Lorente,3
WolfdogsBreeds,4
volume,3
risen,3
materials,3
buildings,3
Little,6
Vermont,2
Leonberger,4
technical,2
Greatedits,1
NGRIP,1
Annual,11
responsible,3
dating,30
Ewen,1
Home,6
hemangiosarcoma,3
Hendricks,1
Ewer,1
Wikiquote,3
capabilities,12
rich,13
agencies,3
Bluey,6
Talk,3
jacksoni,4
tapeworms,3
Measuring,1
visited,10
Indian,21
arisen,1
VietnameseCalendarsPre,1
contributors,3
family,58
Sothic,1
referred,15
atmosphere,1
copyright,5
UTRS,1
aisFryskGaeilgeGaelgG,1
Wiktionary,5
Bernese,4
Excerpt,3
judge,3
nap,1
Pablo,1
similar,7
partnership,2
practitioner,3
typeStandardScene,1
foundations,12
tackled,2
Caucasian,1
Voyage,3
Homo,4
thousands,5
Student,3
crossing,1
Ancheta,1
Deutsch,2
Some,23
Medical,19
jama,3
Galactic,1
Parsesource,1
crossed,1
Uerpmann,3
Hond,1
Fiji,3
indicated,14
simensis,7
against,8
Moscow,2
Tadaklan,3
indicates,2
sterilization,3
Style,5
accreditation,1
Tara,1
Sequencing,3
pictus,10
nigrotectal,3
Living,4
Sons,4
JawaKab,3
Litchfield,6
Carboniferous,1
veterinary,4
genome,15
Lorenzo,1
stored,1
Lap,4
haydeni,2
manifesto,3
Hopf,3
clubOther,1
Law,2
zootaxa,3
Poinsettia,3
Film,2
uneditable,1
Luminescence,2
Lexicon,1
True,1
Mississippian,1
losses,6
Traits,3
Siepel,3
pages,82
gaejang,6
enhancements,8
genetta,4
Otocyon,9
PPLISTThe,1
Shearman,1
nasua,4
skullDentition,1
ner,3
Hose,4
substage,1
took,6
catching,3
new,35
Malaki,3
Ursidae,4
positions,1
Themenliste,1
tool,8
Weddell,4
stimulating,3
Niess,4
Fila,1
Isthmus,1
Grice,3
File,26
boundary,1
brachyurusGenus,1
influenced,1
Ithaca,1
reaching,3
media,12
around,13
Darwin,8
Steppe,4
domestication,47
Sherman,3
desynced,3
Germonpre,7
brasiliensis,4
Lea,1
specific,10
Lee,6
Michod,3
Pierzynowski,3
Standards,3
obtains,3
risks,6
inherited,4
Leo,3
Sheep,3
Fine,9
risky,1
territory,8
ring,1
shift,1
decided,1
Bikol,3
locally,5
Hunted,1
Nyerges,3
shoulder,6
fully,15
models,3
Hunter,2
Mechanisms,1
Academy,3
Canidae,47
vontsira,4
Marcie,3
dictionary,2
dogIn,3
slow,3
Paleodb,1
Coyote,6
Observations,3
urva,4
Highlights,3
undisputed,4
perro,1
BLUELOCKExtended,1
Fringe,1
Boitani,12
automatically,8
argonTephrochronology,1
biocon,3
otter,48
protectors,3
Canon,1
Sarah,8
permitted,1
tschPortugu,1
Chaser,3
Neofelis,4
Alienation,3
disabled,5
expectations,3
Coppinger,8
genetic,41
jaws,3
dogDomestic,3
Mullin,3
Reynolds,1
Martin,11
GFile,1
qiuzhudingi,1
Proleptic,2
Systematic,1
Liu,1
perru,1
Liz,3
maculicollis,4
supported,3
resulted,1
Breed,17
documents,1
Jennifer,1
Commission,9
Breen,4
principlesNewPP,1
WikiProjectsUser,1
research,19
Comparative,7
sciences,3
canids,50
segment,3
olEsperantoEstreme,3
stripe,3
Guard,9
ASPRO,1
attractive,1
sannse,1
Feine,4
engineering,4
mentally,3
Trinitrobrick,1
imaging,3
Jaffe,4
preventative,1
Texas,1
abdominal,3
Kruger,3
involving,3
digitizing,1
faeada,1
Easter,3
blind,2
Grimm,3
color,15
September,29
Reaktion,3
hidden,2
nearly,13
civetta,4
Gibbard,5
non,27
dogsIn,3
nor,5
not,185
mammal,4
Martes,4
PERM,1
JavaScript,3
now,5
Speothos,13
statement,10
lived,13
breaks,1
locking,1
Jean,1
Chihuahua,4
what,8
Five,2
detailed,2
refer,2
risk,12
thibetanus,4
rise,2
haired,6
Mesozoic,2
criteria,1
Canis,144
MPI,3
when,62
fireDateTime,1
Privacy,20
copulation,3
Devonian,1
Francis,1
Canid,6
Ehlers,3
identifiersWikipedia,14
Basenjis,3
give,1
nrg,3
lives,12
Log,1
Local,3
Worldwide,3
survived,1
CanidaeG,1
BusterD,1
capensis,8
invasions,1
Los,1
ships,3
Cozumel,5
OsteologyAll,1
determined,3
Theriodictis,4
phylogeny,4
radiocarbon,17
footDogs,3
Feist,1
martini,1
hypothyroidism,3
MRI,6
purity,1
direct,6
TempUndelete,1
cameracadLens,1
mammalogists,3
enabled,4
Spay,3
Mauri,3
modern,37
Mauro,1
Without,1
Cebuano,5
Quignon,1
masking,3
Shalter,1
dishes,3
wrong,3
MSW,4
tinaCymraegDeutschEestiEspa,1
Kristofer,4
goudotii,4
organization,12
Liane,4
heads,1
certain,7
WoRMS,1
levels,12
Nilgiri,4
offspring,4
secundum,3
BioEssays,3
Ignore,2
Intelligence,12
trivirgata,4
Polar,4
springing,3
secundus,1
cycles,4
spelled,1
used,46
Incidence,3
nigripes,12
Leopardus,4
atrata,4
notification,1
mesomelas,7
Cactus,1
camelDuring,1
Kangal,1
marked,5
otherwise,4
Microsatellite,1
visible,16
borne,3
survival,18
Marshall,4
Startling,3
Pagani,1
solely,4
Mifflin,1
AfrikaansAlemannisch,3
effects,21
Boltz,3
refers,6
Auton,1
keep,9
conventions,2
Ltd,6
namespaceConduct,1
weigh,2
acute,12
relaxes,3
lutris,4
Permanent,2
Cross,1
culpaeus,7
endurance,3
corsac,9
Earth,4
along,6
rocks,1
parallel,4
Antiquity,5
Lua,10
Perspectives,3
searchSuggest,10
penicillata,4
enzyme,3
selective,4
Oversight,1
Floruit,1
stimulus,1
Sardu,1
migrans,3
approaches,1
Xylitol,3
contained,3
Today,8
Treatment,3
nivalis,4
Boxerfemalebrown,4
Denmark,4
uses,6
approached,3
Politics,3
Declarations,3
user,51
evolutionary,2
nyi,6
inhabitants,3
Carnivores,5
humanist,3
camels,1
ItalianoBahasa,1
bring,4
tooltip,3
Paradiso,1
promoted,3
uninvolved,4
marmorata,4
giant,4
Schukken,3
lynx,16
Statherian,1
Images,2
Paabo,3
odessanus,1
Wayne,25
boiling,3
puppy,7
Devil,3
competitive,3
Portugu,1
Stratotype,2
Christine,3
insured,2
Theory,3
diversidens,1
recourse,1
claws,3
search,17
extinction,5
Jelowdar,3
nickname,6
Phenotypic,3
disclaimer,1
Upper,5
PDFPrintable,9
Isle,1
Cynotherium,3
nynorskNouormandOccitan,3
couture,3
Steller,4
acknowledgments,3
gabbii,4
leptonyx,4
deleted,4
Increasingly,3
caspica,4
corndog,1
Administrators,13
Christina,3
Place,3
essential,1
faithfulness,6
Types,5
thunder,3
Helle,1
Modifications,2
warning,3
Docking,3
Stumpy,1
Various,4
Phocidae,4
MelayuNederlandsNorskNorsk,1
sourceView,4
image,6
caracal,4
Talking,3
Scribner,7
LeboaShqipSicilianu,3
mainland,1
dogsHerding,1
Atelocynus,9
condoni,1
bulbus,1
Italy,2
arose,5
WordWorldMusic,1
Dual,1
frame,1
mountains,1
compelling,3
origin,16
clash,3
mistaken,2
srpskiSuomiSvenska,1
Crab,13
random,2
personality,3
brightest,1
rossi,4
json,2
trouble,1
gestation,7
reporting,7
Cohen,1
Phenotypes,3
rosmarus,4
preying,1
Although,18
kept,6
Damien,1
pottery,1
significantly,19
very,12
practice,23
Kirkness,4
Qimugta,1
delayed,3
Beringian,1
Pygmy,4
rodent,3
vessel,3
Inbreeding,12
paludinosus,4
NBN,1
NBS,1
kese,1
Nowak,3
Nazhivin,1
Castellano,1
Andiron,1
issue,5
Kinkajou,4
lower,11
Pantalla,1
metal,1
vera,3
index,9
Durbin,1
resulting,6
Bermicourt,1
conservation,4
Livestock,8
Man,3
evasion,1
indef,3
continuing,1
Map,1
diagnosed,3
Mar,3
URLWikipedia,3
Lorna,1
May,33
orcesi,1
mediate,3
Gilbert,3
indefinitely,9
Upload,8
eventually,8
Schwartz,3
BosanskiBrezhonegCatal,1
settlers,3
Israeli,1
alertness,1
library,5
Jews,3
woodworking,1
Laboreiro,1
NDL,8
vets,3
unitsStandards,1
Georgian,1
barbara,4
camera,1
modifications,3
Wynne,9
draw,2
Lycaon,14
off,7
Djmirko,1
generally,11
predilection,3
disabilities,3
Phylum,9
characteribus,3
complete,2
Cancer,5
Paradigm,3
Anatolian,1
Mainother,1
articleStyle,1
Laika,9
Indefinite,1
claim,3
widespread,3
Morris,1
Eldridge,3
toxic,9
months,7
Teeth,1
IATA,1
Alan,1
follows,1
Prussia,6
chosen,1
coat,13
expand,20
Mem,3
Men,1
survey,9
Senses,6
geochronologyGeological,1
code,2
Bonet,6
Ludlow,1
Slater,1
timescale,1
fight,4
Highland,3
unofficial,2
brief,7
allows,4
pretty,1
Cooperative,3
considerably,4
PadlocksNotes,1
Included,1
Monachus,4
painting,4
radiation,1
manuscript,3
psyDeutsch,1
Christian,9
Ruvinsky,1
phylogenetic,3
strategic,1
AleR,4
Neill,4
bushy,2
States,35
Significant,3
Daily,3
estimate,4
Pascal,3
breaking,3
proposal,3
Alex,7
tzebuergeschLietuvi,1
edit,120
monticinensis,1
old,11
settled,3
Shernomay,3
diseases,4
Javan,4
ancient,23
Servaline,4
pampas,2
node,20
Mil,4
modelNIKON,1
cognitive,9
lifespans,1
Illinois,4
twelve,9
Wincanton,2
Qiaomei,4
elites,3
activity,3
yoga,3
vetulusGenus,1
DExposure,1
Jones,1
Desmocyon,4
variety,1
Siberia,6
Hawaiian,4
vector,16
aiding,6
Agriculture,1
pump,1
Thomas,10
Convert,1
zodiac,2
one,70
galushai,1
Alkan,3
cameraScene,1
reviewers,3
OCLC,7
connected,1
pull,3
Bulletin,13
buying,1
assist,6
Dutch,1
partially,3
LugandaLumbaartMagyar,3
Aelurodontina,1
Neocynodesmus,1
Hemingfordian,1
urine,4
Yale,3
Came,1
rulings,1
carcasses,1
Prickly,3
regularly,1
olivacea,4
Yama,6
Crow,1
longevity,16
details,3
taneo,1
Significance,3
Another,9
treated,6
cristata,8
smiling,3
ensure,4
Views,10
admixture,13
Cane,1
Galaverni,6
upright,4
Kids,3
modules,5
Common,15
genotype,1
opt,1
leuconotus,4
Conflict,1
punk,3
solve,9
dachshunds,3
Tedford,9
Blackbuck,1
region,4
yearly,9
support,20
Odor,4
Camp,3
Meller,4
pulverulenta,4
Prisco,1
hormonal,3
shaped,3
Yang,1
vehicles,3
learning,6
cold,5
resolutions,1
pedigrees,2
ische,1
pure,14
tVolap,3
life,10
yagouaroundi,4
NPR,3
Zhokhov,2
ISBN,174
shapes,3
Debate,3
Mundi,2
Cplakidas,1
orc,1
Akbash,1
cases,15
Mod,1
wide,19
Health,41
org,59
regime,1
Request,4
filters,1
Yorker,3
Cape,16
View,9
Bearded,5
Extension,3
Walkowicz,5
Bonn,4
Artlist,2
Mot,1
Signs,3
Symbols,3
Munch,3
location,1
Luengos,1
proportions,7
pups,8
inTalkContributionsCreate,10
perspicillata,4
UPPROTBase,1
software,1
Moon,1
Saying,3
competition,6
oso,6
displays,1
repository,1
Calabrian,1
therapeutic,3
problem,20
Pardine,4
Book,24
Shortcut,1
Ectasian,1
connection,1
presence,9
abandoned,3
cont,8
felipei,4
Carr,1
componentsHorizontal,1
Lancashire,1
Carl,3
come,9
samples,5
Care,4
exist,1
Vishalk,1
Reviews,9
grooming,4
canadensis,8
Those,1
sexual,3
Posada,3
Lutra,4
netoVeps,3
German,19
Bewley,3
Shirow,1
trainability,3
distribution,1
out,11
Case,4
Nast,3
More,18
Cruz,4
breedsWork,4
showPeople,3
dark,13
ova,3
copy,6
precise,1
According,9
Cats,3
Sisterproject,1
Herpestidae,4
leucurus,4
hoaxes,1
Cambrian,1
flavus,4
Malayan,8
Louisiana,1
date,8
caniforms,3
reveal,10
Permian,1
data,14
theoretical,9
Baikal,4
Pastor,1
Thalmann,10
unprotections,1
Most,14
own,21
wiki,5
cork,3
World,56
Requests,13
vulpes,9
Perini,1
Ddstretch,1
realistic,1
King,14
Certain,3
Constanze,4
Vila,6
activist,1
development,6
foina,4
hilli,1
Prionailurus,4
Isotope,1
Laekenois,1
like,44
resource,3
Mattiangeli,3
Period,3
glaciations,1
branches,2
taxonomic,3
Natl,1
Klappenbach,3
core,5
ShortcutsWP,1
proposed,8
Revision,2
Assume,1
forefeet,1
ground,4
zhoui,1
Both,3
lycaonoides,1
note,1
Brehard,3
Asiatic,9
line,3
link,19
Forensic,3
recovery,6
phylogeography,3
Move,6
Knipper,4
Advent,4
Whelan,3
Cerberus,3
oxalic,2
sexagenary,1
nose,5
limb,4
cost,3
aims,1
cognition,6
will,37
Chicago,15
confidence,1
groups,27
Dorey,3
allowing,9
Attack,8
Athabascan,3
African,67
microtisGenus,1
ScienceCourseware,1
Tornjak,1
McConnell,1
Also,3
Nehlich,4
wild,21
functions,3
Eemian,1
megamostoides,1
your,8
Austin,1
Sardella,1
rupture,3
these,39
begins,3
shortcutWP,3
Beryl,3
Kirk,4
protected,94
Mya,240
Garcez,1
Wildlife,15
Tyson,1
Commons,29
interspecies,3
Zoologici,3
WHITELOCKPending,1
sister,9
microformatsCommons,1
includeonly,2
parvula,4
neutral,1
Exposure,2
Daniel,9
Leptailurus,4
analysis,9
lion,24
exposure,6
externally,5
historically,2
dawn,3
Kapampangan,3
Olingos,4
appearancesTaxa,1
Laurasiatheria,4
flight,6
commodity,3
independent,2
achieve,3
Crate,4
concluded,1
Mesoamerican,2
talking,6
Diary,3
plausible,3
Ronkainen,3
Rusty,8
arrived,2
Wolfhound,3
MOVPWP,1
collaris,4
carnassial,6
Holly,3
equator,1
Urocyon,16
sedimentary,1
americana,4
licensed,11
cows,1
Gambian,4
Paula,3
faced,4
forests,2
Aardwolf,4
photograph,3
Timeline,1
licenses,1
component,1
Coile,1
blue,6
Orlando,3
startUp,10
Russo,1
Relationship,3
Medica,3
days,24
brachygnathus,1
faces,1
liberal,3
Xiaoming,11
discuss,1
Cooper,1
chili,3
Humans,13
McCune,3
Beuren,9
analyses,9
wish,2
Biologies,1
belonging,2
Sable,4
pad,2
amounts,6
Bonnett,2
perrosPolski,1
Dead,4
Balablitz,1
Vito,4
enormous,6
Holmi,3
pacivorus,1
list,14
European,45
ReadEditView,5
Nigos,1
About,15
Compiled,3
rueppellii,1
Ocelot,4
external,3
Wingfield,3
Slambo,1
scenes,3
claims,1
agility,3
pygmaea,4
Expensive,10
Press,94
Biologica,3
Vallhund,1
medius,4
Dewey,3
EpochHolocene,1
anoestrus,1
medium,1
interface,20
electrophoresis,3
Alabama,3
Bears,5
remove,6
fatal,3
Over,1
producing,1
Plagiarism,1
disambiguation,14
xylitol,3
ridge,1
Javert,1
Dalziel,3
live,30
Obedience,4
Leonardo,1
Diana,1
Trinkaus,4
flavigula,4
Fertilization,3
UnderstandabilityDates,1
perform,9
peak,3
Dhole,7
Cynomys,1
Arbcom,1
Municipal,1
occurring,5
with,419
service,13
there,55
RockMagnetist,1
Magazine,1
Nat,3
Sloven,6
mmWidth,1
lifespan,9
License,9
Interfertilidad,1
Superprotect,2
pardalis,4
habitually,1
Marine,4
Dongen,3
Aortic,3
Egyptian,10
allozyme,1
portrayed,3
Honghai,1
Floyd,1
per,14
skunk,40
pet,88
riffautae,2
period,19
ISSN,34
birth,4
Deep,1
assisted,24
Elizabeth,6
Qimmiq,1
even,8
Paraenhydrocyon,4
restriction,1
CABI,3
Cynologie,14
vandalized,1
assumes,1
integrating,2
kinds,4
ProcyonidaeBassaricyon,4
Mahlow,3
Clarence,3
Ichneumia,4
contributionsPolicies,1
Pieter,1
rapper,1
cyclones,1
indicating,12
Karst,1
Population,13
Among,2
Books,11
dogsHairless,4
Beagle,3
Xenocyon,4
robust,6
bosintang,3
TPROTWP,1
Solar,1
attributed,3
competitions,6
Infrequently,1
Ferret,4
Humane,12
dogue,3
Neo,9
php,9
attributes,9
depletion,1
Cwynar,1
New,75
prohibit,3
Hakala,3
imposed,1
Slovak,1
Beale,3
broadening,4
estrous,9
descendant,2
manner,1
pig,3
Pinschers,4
Counter,3
members,11
clockLinguistic,1
stock,1
verification,3
Ectopocynus,5
Berns,3
everyone,3
licensor,1
taurine,3
kings,1
Rorem,1
splayed,1
Malabar,7
clinical,3
Falkland,2
Changing,1
Garcia,4
breedingPure,1
rarely,1
Collage,2
rising,3
unclean,3
cause,21
ttingen,3
pagesPage,1
Klaus,1
jquery,1
represents,2
Williams,15
genetics,5
grasslands,1
intended,5
Terriers,4
leucosteus,1
working,12
skull,6
conformity,3
department,1
wikimediaEvents,10
garlic,3
buttons,10
predator,1
transclude,1
editable,1
chief,1
sourceDigital,1
contributing,7
Nie,3
Antarctic,4
followed,6
despite,1
Epicyon,5
English,23
velvet,3
Legged,3
formerly,1
Pilot,1
Namespaces,10
Paleoclimatology,2
Dent,1
greyhound,1
Francisco,2
Smooth,5
Catalan,1
perfumes,3
rufus,11
displayed,3
dpiSoftware,1
began,2
absorption,1
Africa,8
violations,4
png,1
Aller,1
recognize,5
mediawiki,40
bamboo,3
Project,2
Dena,1
actions,12
Cisuralian,1
exposureWhite,1
scallions,3
ShepherdLivestockguardian,1
ONE,7
Shuldiner,6
giving,4
scrutiny,1
homozygous,3
ImFile,1
Pointers,4
digestion,3
Adult,1
escape,3
gives,13
latest,7
Andrea,6
phenotype,2
Telegraph,6
Subdivisions,1
Giemsch,7
Lawrence,1
Shackleton,1
Estimates,6
Birmingham,1
shaping,3
retractile,1
davisi,1
Doberman,3
implies,4
bison,3
Derr,6
embryo,3
peteducation,3
placing,6
Beach,1
continue,1
Tannen,3
Competitors,6
Striped,22
Robertgombos,1
Species,23
given,12
Andres,1
pre,11
Andrew,14
tinaChiShonaChiTumbukaCorsuCymraegDanskDeitschDeutschDin,3
Andrey,1
insufficient,1
vitulina,4
Policyshortcut,1
Non,4
Briard,1
sprinting,3
Not,13
median,18
maritime,3
Antarctica,3
employees,1
correlated,3
Bollettino,1
curved,1
Demons,3
ajhg,3
thicker,3
Review,8
ceremonial,1
Council,13
agriculture,4
Reproduction,16
documenting,3
processingNormal,1
Haab,1
retired,1
usertalk,1
Sputnik,3
Fennici,3
Dmitry,3
scents,3
Overview,2
generic,3
curves,1
Fonseca,3
typical,3
Nakagawa,1
Danish,1
Basenji,4
prostate,3
Marion,3
pets,48
forming,3
Habj,1
Glickman,4
program,9
AnthropoceneReferences,1
rumagn,3
identified,3
ALMM,4
options,1
Special,4
CAST,3
Afternoon,1
meets,1
caves,3
gustatory,3
heritage,2
light,13
apparently,1
Wally,2
Pyrenean,2
aurata,4
Current,7
musschenbroekii,4
infection,9
Malkemper,3
macadamia,3
artist,1
methods,5
Wikibooks,3
MephitidaeConepatus,4
Rafeiro,1
Suggest,3
cleft,3
Deletion,2
macdonaldi,1
SKYBLUELOCKAdministrators,1
Indicators,3
predatory,4
Kokko,3
predators,10
Sunda,8
patagonicus,4
organs,3
Sacks,6
disclosure,1
supplanted,1
touching,1
SarduScotsSeelterskSesotho,3
Ascaridiose,1
Skulls,1
BioScience,3
Minks,4
antiquity,4
organized,3
Homer,3
Pavel,1
Venkataraman,1
taxoides,1
Variation,1
incidence,6
hypercarnivore,1
Deleting,1
replace,2
stomach,1
Gilbey,3
major,12
Dickman,3
companions,3
Technology,1
Leptocyon,6
worldwide,2
feasible,2
consider,5
Banded,12
group,33
macroura,4
mariae,1
Rock,1
Especially,3
tree,2
Cargill,1
Dominance,3
Markings,3
archive,1
Giraldez,3
Tadigotla,3
Altdeutsche,1
commandSee,1
Gods,3
ITIS,7
Flat,8
richardsonii,4
Pyrenees,1
induces,3
huatlDorerin,3
request,19
digitigrade,1
Germanica,3
Tarantian,3
their,165
Loving,3
Licensing,1
Michele,1
general,20
cuspidatus,1
Vasisht,3
Kasia,1
applying,3
process,9
requirements,10
philosopher,1
clear,4
Phylogenetic,6
Sage,3
lupaster,1
Tervuren,1
Shepherd,30
sock,2
marking,3
listed,24
Michell,3
Cornell,1
Coleman,3
Danika,1
account,9
mostly,4
Majorero,1
editnotice,2
Texts,3
centralNotice,20
Arnemo,3
Corina,4
Claire,4
taylori,1
stimuli,3
National,23
agriculturists,1
Fleming,3
transmitting,3
hunting,36
soft,3
knowledge,7
tria,3
happen,3
festival,3
Buikstra,3
domesticated,41
California,9
population,34
tags,2
Brian,4
enthusiasm,1
islands,3
alleni,4
flexible,1
trying,5
Ratnakumar,3
zygomatic,1
millions,2
Alfred,4
photoperiod,1
Vigne,3
viewtalkedit,2
Infant,3
soil,3
sourceUnknownFlashFlash,1
Cutler,1
Caring,3
originating,3
involvement,4
integral,3
blocking,3
hearing,9
consisted,2
emigrants,3
uBio,1
tail,20
emotional,12
Readers,1
Medicine,13
Half,2
inaSloven,5
legged,2
Radiocarbon,11
Wolves,22
Minvielle,3
Naumov,1
transcluded,7
series,6
serum,3
Zootaxa,3
represent,8
arches,1
compete,3
Taming,3
Sand,4
Poecilogale,4
Distl,3
Landseer,1
Bugzilla,2
Carea,2
correctly,4
Proceedings,7
designated,1
seals,12
prior,3
trait,3
talk,102
Clade,2
metrologists,1
dedicated,3
commonly,8
Taylor,5
planet,3
deciduous,1
mosbachensis,1
Role,3
take,7
Orosirian,1
beneficial,3
Citeencyclopedia,1
relatively,8
Finney,1
Roll,1
Heidelberg,3
some,86
alphabets,1
Burda,3
dingoes,7
purchasing,3
microformatsAll,3
additional,14
Saharan,4
Farhad,3
Xiufeng,1
primarily,7
PDB,1
vteDogsBehavior,3
PDF,51
Beginner,3
macrotis,6
Dealing,2
just,5
Developments,4
International,17
Rook,1
owner,3
sole,1
sledding,3
affects,3
Soviet,4
strictly,1
home,17
Fossils,4
IndonesiaItaliano,1
Greenfield,3
material,2
Insuffisance,1
Northamerica,1
owned,14
Pousargues,4
josephi,1
Psalidocyon,3
Dominicanus,3
Genetta,4
Stillbirth,3
conformation,10
variants,9
registries,7
Biodiversity,3
Different,3
soon,1
Pembroke,1
Abdelhamid,1
scholarly,1
Thiselton,3
thiosulphate,3
lacerate,3
Libby,3
Theoretical,3
Human,37
song,7
Galictis,4
Root,6
Lessons,3
templates,29
classified,1
Japanese,16
Hare,3
nebulosa,4
heavy,5
transcluding,1
Functional,6
Erignathus,4
Harp,4
underground,1
Gradstein,1
Hart,6
longest,6
mesomelos,1
natur,6
Complete,8
lutreola,4
Persian,3
Merriam,2
Dominican,6
Ommatophoca,4
summer,3
Still,3
file,21
catus,4
Viverricula,4
Suggests,3
member,13
incidents,1
dioestrous,1
Bager,1
butts,3
Ross,4
together,16
within,19
health,59
Sooung,3
amber,3
positive,6
Mobile,10
Whole,1
Ogg,1
observable,5
return,3
albinucha,4
instance,12
asthenostylus,1
Stafford,1
Regnal,1
serve,5
Hesperocyon,5
millennia,9
receptive,4
idhligGalego,4
Guinness,15
Foxes,7
fine,3
find,3
Kulbokas,4
LatePleistocene,1
selected,12
occur,3
Pekania,4
illustrate,1
Mashkour,3
Have,3
inactions,3
film,13
sensorFile,1
experiences,1
heart,9
caretakers,3
task,6
Pink,1
BirdPeople,1
scientists,3
infer,1
true,3
Astronomic,1
operatively,1
valley,1
position,3
Brooksville,1
Slate,3
Andy,1
since,11
Reviewing,1
dangerous,6
Remote,3
dispersal,1
delete,1
Eira,4
Protectedtitles,2
hour,2
Aquatic,4
Create,11
ambivalence,3
Chronology,6
experienced,5
pollex,1
Changes,6
poodle,4
sechurae,6
PMC,68
Families,3
badger,48
underlie,6
Renato,1
Independent,3
Deciphering,4
monachus,4
pulling,6
evident,3
writer,3
Greenland,2
Old,8
Specialist,4
intentional,1
inaSuomiSvenskaT,1
Cambridge,31
nomenclature,1
Department,4
Atilax,4
ongoing,4
contribution,1
sambar,1
constellation,1
beagle,2
Ivan,1
Permission,1
fire,4
Highly,1
taxa,5
Chapman,1
venaticus,8
distinguish,10
numbered,1
Shading,3
Victorian,2
Longevity,11
Afghan,5
sanguinea,4
Anim,3
Goya,1
glaciation,3
cologneblue,1
GOLDLOCKA,1
processing,3
except,10
programs,6
subspecies,17
Guadalupe,4
fricki,1
Siderian,1
YellowLabradorLookingnew,3
ISOdate,1
Bookstore,5
favoring,4
One,12
Lessinia,1
Metadata,2
illinois,1
global,7
disinhibitory,3
skunks,4
Created,1
Subfamily,8
trainers,6
unless,5
plants,6
perspective,1
Samarium,1
Shille,3
Hurricane,1
measurements,1
invade,1
Publications,13
accordance,1
transverse,1
Prototocyon,1
Janowitz,6
Inquiry,1
people,51
introgression,1
peninsula,1
Miaolingian,1
dewclaw,1
sacrilege,3
etruscus,4
Traditional,1
Breeds,33
BioSc,3
Mallaha,3
inside,2
mainly,1
Native,1
homogenization,1
infections,6
Fogle,3
eedcd,1
Jersey,1
five,5
Breeding,4
Gagana,3
fits,3
pagos,8
datingRelative,1
Amanda,1
descriptionAll,1
Diseases,7
preventionIn,3
IUCN,5
spacesRGBSensing,1
campaign,3
zbekcha,5
cristaldii,1
vonHoldt,10
putatively,3
ursinus,8
Hiroshi,1
conflict,2
kills,2
reasons,7
father,3
belowEupleridae,4
derivative,3
assistance,12
Russia,13
Nebraska,1
Anno,5
recognised,2
Aubrey,6
neashtiArpetan,3
surfaces,3
jveb,3
Phoenix,1
definition,2
Anne,3
every,9
Anna,3
Berger,5
Fascetti,3
underside,3
Clinics,3
changesContact,10
temnodonGenus,1
artificial,5
Pitcairn,6
Pedigree,1
Lyenga,1
ratifies,1
Herding,14
felina,4
lambdoidal,1
Hebrew,1
Valkenburgh,2
euthos,1
during,39
wisest,1
consist,2
Lists,2
permissions,2
defensive,3
games,1
crest,1
Bowling,1
neblina,4
Cosmic,2
PWP,1
reduced,10
proestral,2
agree,12
Karen,3
Our,3
resistance,3
Out,6
regna,3
itself,1
Meghalayan,3
versions,3
anyone,2
geochronological,1
natal,1
IUGS,1
Examples,1
Thermoluminescence,1
testicles,3
Legend,3
thumb,1
Hijri,1
Genetic,14
requests,5
diets,1
RomaniRumantschRuna,3
Kaasen,3
uniform,1
Squire,3
causes,1
violate,1
reduces,6
Chatham,3
centralautologin,10
demonstrated,4
event,2
wherever,3
Holdt,3
established,6
spay,7
inhabit,2
caused,3
Own,3
Following,2
jsoup,10
grassland,1
toolbar,10
evolving,1
Results,1
Australian,22
Martens,4
subtemplates,4
cannot,11
spas,3
PREEMPTWP,1
Saarloos,3
spam,2
epileptics,3
Hydrurga,4
reblocking,1
clues,1
span,2
astronomical,1
space,7
reference,4
Ictonyx,4
Hedges,1
ambox,1
omnivores,9
BassetHound,3
inferred,3
assessing,3
Hounds,7
demonstrates,4
bottom,1
Mirounga,4
published,9
accidents,9
fossil,7
diarrhea,3
travelers,1
balanceDigital,1
arthritis,3
covered,6
intervention,7
caloric,3
Louis,3
Bahasa,11
Groves,6
solving,9
Opens,3
arrival,3
friendliness,3
listCS,3
frequent,3
Aitor,3
Akita,4
Hayley,3
grandidieri,4
Tinnes,4
lvares,1
public,5
Prionodon,4
armbrusteri,2
clubs,8
Purebred,13
track,3
proportionately,3
Jeffrey,3
europaeusVulpes,1
Charlottesville,3
DoctorWho,1
Rasmussen,1
listPages,3
Huntaway,1
trade,8
currently,1
round,1
maint,22
Aspects,3
Greater,5
Genome,16
comic,1
horses,5
normally,8
paternal,1
siblings,3
civility,1
references,1
Aneurysm,3
linsang,12
autostart,9
dysplasia,3
Margay,4
Aleksey,1
Toxocara,6
diagnostic,3
Harassment,1
hosei,4
CommonsWikibooksWikidataWikinewsWikiquoteWikisourceWikiversityWikivoyageWiktionary,1
renjiei,1
internally,3
raw,2
Fabricio,1
lighting,1
cultural,1
Siberian,13
Principles,1
Author,6
civets,1
Endangered,1
southern,5
desiring,1
aaf,6
egbe,3
necked,8
aao,1
rolling,3
French,12
dual,3
nglisc,2
arplaninac,1
targeted,3
Evolution,25
departments,3
rck,1
Aleria,3
copyrights,1
signify,1
Assyrian,3
photo,1
Levitis,3
interventions,3
unrelated,3
AfroThundr,1
qualities,6
pagesAll,1
routines,3
Initial,4
Prophet,3
couple,4
PREFERWhen,1
moved,3
tatar,4
secondsPreprocessor,10
Deevey,1
copei,1
red,17
Perry,3
Philotrox,3
act,3
transmission,1
NCBI,5
Schmitz,7
add,3
gesturing,3
EupleridaeEuplerinaeCryptoprocta,4
Springer,3
Bushy,4
helpless,1
Walking,1
curator,1
parser,20
cultures,18
ady,1
Supplement,3
therefore,1
Bridge,3
deletionEnforcement,1
Smoking,1
Armero,3
Yulin,3
soldiers,1
breeds,201
prevent,7
Hilgen,1
Refer,1
Lanka,5
pgen,8
scope,3
Lapphund,2
molecular,5
Defrance,1
incapable,7
afd,1
Furongian,1
Khaled,6
recorded,3
Nitrogen,1
Dthomsen,1
philippii,4
farmyards,3
modify,1
Cuff,4
otherversions,1
Casey,3
Wolverine,4
referenced,1
Pei,4
unreviewed,3
moves,1
Per,3
Carlos,6
age,29
osteosarcoma,3
Pet,47
crab,3
smaller,10
ago,41
accessed,1
Ichiro,3
faults,1
years,97
gestures,1
neutering,3
Made,3
KrinkleBot,1
muscles,6
Josip,3
George,3
Lidicker,3
Reinhold,3
Back,4
Songs,1
cedazoensis,2
fleas,3
eggs,6
League,1
Catholic,3
Silva,11
Rocky,1
uncia,4
PhD,3
journals,1
system,7
likelihood,1
brachyurus,11
spot,1
animated,1
Enterprises,3
Yuga,1
other,140
Archiv,3
Diamondice,1
Meeting,4
humboldtii,4
Cynologique,7
retain,7
DescriptionCollage,1
air,1
userspace,2
Maladie,1
Php,3
incisors,1
infected,3
genomes,1
Advantages,3
identifiers,6
toothed,4
Text,9
Lock,1
Prostatic,3
Wrong,1
future,1
Koolie,1
akc,1
Pit,4
AelurodonBorophagina,1
movement,4
Housebreaking,4
scissor,1
Bahb,1
implicitly,2
body,35
piscivora,4
brains,3
Patronek,4
Biosciences,7
implemented,3
Superorder,4
Mydaus,4
Parliamentary,1
snout,3
nafa,1
all,37
always,7
already,1
Linderholm,3
Crossing,1
expense,3
strangers,9
ansorgei,4
contemporary,4
Degenhardt,1
territorial,1
groomers,3
Rachael,3
jumping,3
Remarkable,1
Rebecca,6
Houghton,4
megalotisGenus,1
Cuon,14
and,1661
negatively,3
ration,7
Spilogale,4
Alvarez,4
Hunting,8
Brito,1
Josepha,3
hoary,2
any,47
Encyclop,1
Series,10
suggested,9
Animals,23
cyclically,3
Mail,3
genomic,9
squirrelsPlaces,1
Patagonian,5
Dunarc,1
consists,4
until,12
Main,62
collapse,3
Habits,1
Houston,3
DogOne,1
Franklin,3
foods,3
thought,4
accurate,1
Psychology,9
taste,9
Carles,6
Male,3
anywhere,1
Emily,9
Administrator,3
durations,1
Alderton,1
Felidae,4
resort,1
shelters,24
lightning,3
Wikimedia,28
Sundaland,4
Emili,3
Geochronology,2
Weiss,3
margin,1
dung,3
Wikinews,3
Make,1
males,9
Mammals,14
erasGeochronology,1
mount,3
Claws,3
NaoeroNa,3
aisGalego,2
increased,34
geoffroyi,4
odor,3
Natural,22
Cascading,8
increases,6
Duffraisse,3
diversity,15
are,399
Star,1
Groups,3
came,3
Poland,3
Female,3
Portal,7
where,30
PantherinaePanthera,4
Wolf,6
Many,6
Netflix,1
art,14
curly,6
Kodkod,4
noticed,1
suppress,1
describes,1
archaeological,10
call,1
Curr,3
watchdog,3
Curs,4
ownership,18
Sirenia,1
Music,1
ask,2
theories,2
Dologale,4
climates,3
olEsperanto,1
through,35
Pre,4
becoming,7
engagement,1
ast,1
run,9
mother,9
mouse,1
view,31
Wong,3
countershaded,3
Look,1
Duffy,4
results,11
WolfdogLists,3
Erich,3
taboo,3
goddess,3
bulldog,1
socialized,3
bold,1
spoofing,1
camp,3
Abyssinian,5
name,9
Bhagat,3
Long,10
vocalizations,2
Class,9
neighborhood,3
cana,6
benefits,33
Marc,7
Scenthounds,4
Lohmueller,1
cuddledThe,3
book,4
Bark,3
edition,4
Mark,10
PROTECT,3
Places,1
Barron,1
Clark,1
Marx,3
analogous,1
Recreational,3
Mary,2
Wood,3
Taxobox,3
bone,2
newborn,3
monk,8
Linneaus,3
bond,8
PleistocenePleistocenePleistocene,1
editing,29
Guidance,2
Jeremy,4
Basa,8
mouth,3
Glaciations,4
restricted,4
bony,2
duty,1
Placed,3
Frontiers,3
Sandra,3
symbolize,3
UMaine,6
leader,1
Hawai,1
Swaminathan,3
usage,46
basset,3
experimental,4
Schleidt,1
Zuwei,1
Eutheria,4
Bath,1
poensis,4
auditory,1
larva,3
Work,9
broad,1
participating,1
greater,3
case,8
generation,2
item,4
images,6
scraps,3
Baun,3
Serenesage,1
Pages,7
Lord,9
saving,1
feral,16
Mosher,1
sinclairi,1
mites,3
flesh,10
longicaudis,4
Members,1
card,1
care,12
cutaneous,3
damage,4
Maremma,1
trespassing,1
Mauceli,4
pattern,3
azb,1
exercise,3
crvi,1
fireplace,1
SciA,6
Eoarchean,1
NatSR,3
protect,19
mastication,2
Extinction,1
Bryc,1
more,131
display,8
born,7
volvulus,3
Moral,1
aloe,3
kill,21
latrans,9
beings,2
hunden,1
Flashpix,1
cats,36
zibellina,4
Sidebox,1
Family,23
Clamp,4
accounts,3
naso,4
hunters,4
bitches,3
habits,4
LatinaLatvie,4
Lucherini,1
simple,6
scavenger,1
Brief,3
Groenendael,1
Robert,16
Lowe,2
cages,3
percentage,6
lineages,4
Maya,1
Lowland,1
connections,1
described,10
Incremental,1
kind,3
Media,4
Nations,1
Applied,6
both,25
most,71
Missing,3
pixels,8
transfer,1
Brien,1
Love,3
Flandres,1
Vikki,3
Fully,3
heritable,1
MustelidaeLutrinae,4
uncontroversial,4
archaeologists,1
Raymond,1
Greger,3
affecting,12
climatic,1
padlock,5
Protectiontable,1
interactions,21
Usedmydates,1
bytesNumber,10
Zhao,1
traced,3
Porter,1
mentioned,3
scripts,1
profit,10
move,16
amount,2
Bothrops,3
Stockdog,1
album,5
Therapeutic,3
also,130
Saeki,1
increase,4
Zhenxin,7
spread,3
typeThe,1
Nasua,4
Hedhammar,5
Flats,1
organizations,4
latter,1
materialFood,1
depression,15
Original,3
simply,4
Dyer,3
bad,5
boys,3
Tarjei,1
assemblage,1
switcher,10
leonina,4
dogsDogs,3
gracilis,4
bat,3
draft,1
Relative,1
faunal,1
hermaphroditus,4
documentation,5
bbf,1
Communications,3
procyonoidesGenus,1
personal,4
artery,3
Sunni,3
clawed,4
aruAz,3
chemical,6
Museum,31
Footrot,1
trueCPU,1
strong,5
ABC,3
abuse,3
affect,3
icon,2
facing,3
proven,2
eyes,13
sea,31
sec,1
Viking,1
see,30
Uranium,1
Lutrogale,4
Masked,4
compared,10
slicing,2
bdb,1
Kumaon,1
litter,42
set,14
joined,4
sex,13
column,1
viverrinus,4
eventlogger,10
FileTalk,1
sample,5
Statistics,6
practices,8
kelloggi,1
ACT,3
Toxicosis,3
Year,1
Wozencraft,16
BeforePresent,1
river,8
eyed,6
Hades,3
Phanerozoicpx,3
ADA,1
Issue,3
bee,1
superposition,1
ADI,3
Galerella,4
Deployable,1
titleUse,1
Malaysia,3
Karlsson,4
denomination,3
Systematics,1
ADW,5
surgical,1
Susanne,7
Rugbjerg,4
Dating,1
insupportable,1
typically,11
Color,1
sealsand,4
Neophoca,4
she,3
Magyar,1
Younger,3
Cache,10
little,5
deep,5
Silurian,1
Inuit,3
confined,3
humane,3
parallelism,1
HSUS,9
capable,14
Bucovina,1
trigonid,3
nehringi,1
getting,3
Perennial,1
over,40
Robinson,1
living,20
six,8
practical,1
Nutrition,6
breathing,1
football,1
Caledonia,3
Geographies,3
AGU,1
avoid,5
ppell,6
Vecchyo,6
humans,131
big,11
select,1
husky,1
advanced,4
bio,3
recommendation,1
Image,1
bit,1
improved,6
wolfhounds,3
convinced,1
ViverrinaeCivettictis,4
Example,8
Worthington,3
beside,4
model,3
animals,72
mitochondrial,6
Chrysocyon,10
ContentsAccessibility,1
AID,3
Bonding,3
reduce,3
conflicted,1
Harkins,3
large,33
surface,1
Weasels,4
Shapiro,4
Newsmagazine,3
Seriation,1
Mungos,4
sighthoundThe,1
Spayed,3
India,11
Working,8
progressusCuon,1
exclusively,1
zerdaGenus,1
begin,3
template,39
puppiesNeutering,3
Catch,4
hallstromi,3
sequences,4
handicapped,3
viewed,7
ovulated,1
angle,3
AKC,6
tradition,6
Felis,4
table,1
Colin,9
excerpts,1
implementing,2
change,9
blp,1
Switzerland,3
Phocas,3
Palestine,1
discovery,3
Peichl,3
PokeAspect,1
motions,1
Pettid,3
Dakota,1
Brodbelt,4
bmj,6
padlocks,1
Geffen,6
DecemberstFreak,2
Products,3
harmDeletion,1
Autobiography,1
constant,1
reconceptualization,3
Alberta,1
scitulus,1
several,12
Zoological,3
Theobromine,3
office,7
northern,2
posts,1
TheriodictisUrocyon,1
stands,3
lemur,1
Triassic,1
mutations,7
conferta,1
SocializationTypes,4
MultiReplace,1
reviewed,4
deafness,3
Cell,3
Paleomagnetism,1
discretion,2
hounds,8
Damuth,1
Islamic,7
Reassessing,1
Elsevier,12
permanently,3
colder,3
relevant,1
spp,1
guideWikipedia,1
rewarded,1
gregarius,1
Giant,12
Catal,5
behind,5
Desmond,1
herding,14
bot,2
mental,12
box,1
Lorentzen,1
auxiliary,1
socialize,3
highly,15
facial,3
chance,6
Raquel,4
nature,15
proviso,1
medication,6
Kustritz,6
Hausa,3
Odobenidae,4
attribution,1
Steffensen,1
Wochenschr,3
AiluridaeAilurus,4
closest,6
CSIRO,6
dancing,3
handler,6
Acosta,3
tangalunga,4
buried,7
stood,3
dwelling,3
fighting,3
Ruddy,4
Bulldog,6
guild,1
Hills,1
Rendus,1
friend,14
societies,6
trends,4
Wikibase,10
Archaeomagnetic,1
closely,9
Romanian,3
hypersexuality,3
dens,1
Britain,3
horse,4
uncalibrated,3
requested,5
detour,3
australis,6
conditions,12
Catopuma,4
interpreted,1
strictest,1
Such,6
Responding,1
Grab,3
extended,9
serving,3
current,3
Burchell,1
Temporal,4
Borophaginae,11
actively,3
preferred,1
roundworm,6
Protect,1
Manufacturers,3
vteThe,1
store,10
reviewer,9
neutered,4
Physics,1
detectable,3
datingChronologicaldatingAbsolute,1
Schneider,3
lowland,8
Ghost,3
story,1
but,61
Myanmar,3
symbol,3
Derbett,3
linkPage,9
MinangkabauM,3
gymnocercus,6
pairs,3
frequency,2
AUC,1
zero,1
Eesti,1
burial,4
Clicker,4
Paguma,4
LigureLimburgsLing,4
written,4
Linnell,3
Gray,17
Redirects,1
Deutsche,1
Heeler,1
astronomy,2
Wayback,12
subspeciesRed,1
Chronicle,1
Snickers,1
Fenton,3
nosedskunks,4
Kruuk,1
Warring,3
Naraka,3
Fixing,1
higher,4
Fluctuation,1
StratigraphyGenetic,1
adults,6
Decaprio,4
Ormerod,3
Carnivoramorphans,1
provocax,4
News,23
Binturong,4
Narrow,4
Grey,1
successful,4
skulls,3
normal,13
pahinsintewkpa,1
inhibition,3
consumption,6
Cheetah,4
scavengers,6
Verena,4
HrvatskiIlokanoBahasa,1
functioning,3
Hugo,4
migration,4
quicksurveys,8
passing,3
subpalmata,4
matthewi,1
Neuter,3
canidsThis,1
tested,3
Schnauzers,4
Graphodatsky,3
commencement,1
inches,3
Shiba,2
Further,33
children,20
road,6
review,22
Pardoe,3
weather,4
Wallingford,1
Mbwa,1
guide,6
throated,4
natural,11
Gado,1
Naturelle,1
lycanoidesCategoryvte,1
Edition,3
Honey,4
Mycotic,3
sensitivity,6
Mikkelsen,4
Lhaso,3
creativecommons,1
identifiersCanis,3
racing,4
flag,1
Howell,8
Grid,1
javanicus,4
range,19
bannerOn,1
spaniels,4
Rage,1
rock,2
Nathan,3
flaw,1
SEMIWP,1
molars,5
flat,2
BosanskiBrezhoneg,3
Reliable,1
glacial,7
vteQuaternary,1
JulianGregorian,1
sparingly,3
Perri,7
Iazyges,1
Jerdon,4
digging,3
suggest,4
Perro,2
filter,2
della,2
Otter,4
Rabies,4
Bering,4
Sukh,3
responses,9
Chinese,16
behaviour,23
srep,3
exponential,1
argument,10
Hung,3
fauna,2
cooki,1
Utente,1
Radiometric,1
growing,3
Hunt,1
accesskey,4
enlargement,1
hygiene,3
Seranne,1
Animalpeoplenews,3
edwardii,4
centralauth,10
Stratigraphy,3
crossbreedA,1
tenure,2
tan,6
centuries,1
Literature,6
Insights,3
bitch,7
vafer,1
behaviors,24
patients,3
olingo,12
crossbreeds,4
Arendt,3
Charlesworth,3
Thomson,4
tendon,1
chances,3
Colombian,4
files,8
Methods,1
potentially,3
Arikareean,1
covering,1
Toxic,3
instances,4
Blackwell,6
Generic,2
SubatlanticvteGeological,1
Egypt,1
Friedmann,3
Editing,1
distinct,19
Hopkins,5
stereotypical,6
geology,1
PINKLOCKA,1
Heterosis,3
cal,2
can,127
hair,7
Gale,1
cafes,3
cat,88
Blytt,1
said,7
village,12
Babylonian,9
smooth,7
cleaning,3
carried,1
coloradensis,1
motion,1
Persistent,1
JgAMbNStikC,3
technically,2
bites,18
BAN,1
interglacial,2
crossbreed,1
carries,3
cbt,3
robustus,2
response,12
Borophagina,1
independently,5
Schweizer,14
Borophagine,1
category,7
Carnivoramorpha,1
Citations,2
tends,3
Hormozdiari,3
Borophagini,1
