ccc,222
Think,1
your,15
uBDFR,7
iEZQGtwWmZbBpEdRzdb,6
Craftsr,2
hcEwgJFkGtodozz,14
would,3
pick,1
GOrkmyIeDeyzXdyUD,8
pics,3
agoDon,1
UBjmJUGO,8
swxlfq,56
tmRmxaFMjRRrvwcYJmY,32
lRfnlEvwmRPfDweNRR,13
solid,417
withBorder,8
DOLBAFWXMQXQErGOI,16
IhbzeELRlIAWeW,16
investment,1
WMC,8
QmFuvhBVubkCR,8
Having,1
wpDzoykykevfZWu,16
size,1434
left,1042
PWRCHaFjwOFABRlBL,8
sawasw,8
zHadr,168
much,1
object,36
dJALELQYjabIqglEoW,8
RQcMmFRTNAtvfd,2
A,1
B,8
role,18
C,1
samp,8
D,410
E,1
infinite,110
DahDopePope,1
H,25
blur,32
I,53
J,32
K,8
nLQULLgrkVdSxxLe,8
turn,64
talking,1
M,9
sdydj,3
N,24
premeds,2
hgroup,24
jNGCaB,16
example,1
P,72
arrived,1
R,16
RkdCOQoaErMgkkAsEc,8
S,15
same,1
V,1
jsRHbLSHKVqUFCVIhb,8
kdvWGD,8
after,85
nfyOsQxmVlxXdxuwfH,2
quiet,1
FMwepWD,1
fheswP,8
policy,24
hand,1
StyledHtml,528
VkdikQklBEhhAlRKE,14
a,210
ordered,1
b,17
address,8
c,18
d,155
yyPZbzMoNrAUtQOSktBd,1
e,9
f,7
g,32
h,176
hPQ,7
i,21
j,8
k,88
m,194
iLWXns,1
n,7
o,1
the,121
p,57
cgU,16
rmPDRyjaULjwDrWH,16
q,40
component,1422
DocsNGlVUjAtAmZZLi,16
r,25
JackmanWorksu,1
s,660
thf,56
shortcutsPopularlog,6
t,26
u,29
v,10
w,1
exciting,1
x,34
y,48
days,1
z,101
wrap,250
Gonna,1
bbbdbf,1
eYOrPb,4
tKgJJTprOVVIOrtSJP,24
got,3
comShop,1
empty,8
dvznaG,8
crRgdDZOsVDmMM,40
dakotanebraskanew,3
nmBIZ,40
VDLlBYsWOXWSZfhomw,16
JackmanWorks,1
wiDtToNkxoIVzm,16
MacMiller,1
conversation,3
VemFsujoJ,8
visibility,76
jnqAtA,8
JVp,7
sans,256
EfduMApYawdvLZhdhv,24
list,24
gone,2
YoutubeMisleading,1
eghWMc,4
SortnewHothotnewcontroversialtoprising,1
aside,24
miffythebunny,1
weekSubway,1
rZQhHgLYvKFGJ,6
nowBlown,1
sscmfqc,12
figcaption,24
child,215
Press,16
FJTuqjNuqeiQGAj,1
TadeuszSynZygmuntaFollowaboutcareerspressadvertisebloghelpthe,1
yylOQSSTbgJKQ,14
aqYoQYcO,8
ilHJMlHzKppQleJjuboQ,1
AmazonOfficial,1
islandsouth,3
expanded,8
society,1
CXkFfcvNxFrFRVdKxcx,8
eWwmfL,16
normalcy,1
root,32
EcSQjzVrdtzkXOcydX,16
speahe,2
ylTUHkQIcmdCq,23
aAoswTeXSPDOjbLMm,1
gnyPAq,40
hjxxdC,8
multiple,1
lockedHere,1
esUKm,8
room,2
cZPZhMe,8
with,15
hPBsDfNcLKOHu,7
ZdMbp,8
agofromtriplebyte,2
service,2
there,2
well,3
iRayBf,1
Subreddit,1
GyPfdsi,16
taking,1
gunVhj,1
rgba,367
Popular,6
License,8
TSdLZMpyzfQbfdcBSc,7
focus,280
CollectionCommentsPage,40
fbIVTSoSVjfzjWnMf,2
agoMy,1
heroes,1
SUPPORTSTIMINGAPI,16
rOixIHGmpfZBihJswV,16
block,653
hate,2
YFVTgvDYEazrERUw,8
flow,171
order,13
AbuRZfMg,8
PLBXRXvipwRcH,8
qyTYZFvfUHEGXrFRm,1
period,3
ughYiKbGasPORCsbasV,8
aria,72
atlantamagazine,1
gAPvOd,8
understand,1
ebGXPK,8
yhrlWAjdxOskPWqG,8
ZzXnnvViWcNiyJDAwQDt,1
FFFFFF,450
dkCPUHQTdBWUBdYnkRb,8
fmooeZUmdUXdnKBjgX,8
ONQRwoXoeRXFlFZXt,8
ever,1
yIBLJHBlFgtecGofE,1
nNpARtWvzxcstONuzMH,32
agoYou,4
jZQFVY,2
million,1
even,1
scritches,1
smwmn,40
OEP,8
swpae,32
appearing,1
cfcdf,6
wait,1
hundred,1
fuck,1
guy,2
snoo,7
Profile,8
GSTksfwbmDEmcA,1
top,1209
too,4
kufqoz,48
have,6
Akj,7
agoPositano,1
gaming,5
product,1
linear,66
GnAYAsdHSxeatvbcFfb,14
famous,1
kOOKEOZraWGZ,8
question,8
appyqukOnbvdWjaL,1
bought,2
Join,2
Multi,16
aHXX,1
didnteventri,1
Governance,8
QbzcbC,8
fBBfyNGOVbLSkveXXk,16
Smart,1
picture,1
jaded,1
verge,1
QdDOANxqcMkzCOmsm,8
hIvPROxzrnLXAJXYDa,8
ohNtfAurjgUhnNjLi,8
communities,9
PaintingEntertainmentGamingMusicPhotographyVideosWritingJoin,1
com,69
All,9
Galaxy,1
tonight,1
New,1
dikVDQ,8
almost,1
ljVzcQigvinOMChAh,14
umasked,2
rMsu,1
agoIn,1
cow,1
prevents,1
ewSvGu,6
bJBAtI,6
abilities,1
CraftsDrawing,1
wake,1
translateY,288
function,16
translateX,16
members,1
kddyLv,8
KDCjWsdQYYZDOHjib,8
Screwdriver,2
cjxBQY,12
swap,16
everyone,1
getEntriesByType,8
SrGrafo,4
xhiXHicnrBGmFJH,24
Three,1
agofly,1
KCRPtfEoiXHCsPPDn,7
chatted,1
vCuMDznHrMjxVeQlBk,7
QyJR,1
were,2
And,1
nowWhat,1
WgTKuuPmyWOMWsYF,8
dlTXDaXJuLbekTwhV,24
try,1
devilmaycry,2
sakuz,12
GQDWqbF,8
rising,1
footer,24
djiktxthr,1
jjkbmpveUVpamkPBm,8
reservedback,8
bdcfbfae,7
fiIRtMpITeCAzXccANKp,8
Williams,1
Menlo,16
extra,1
wZRpJfWFAtuXSTqR,12
says,3
rWvOyeOipRnkEPRRe,8
PuBrWWoR,1
direction,1637
drpZUCkKfJ,8
grantedtoast,1
kjVmBwjxriyYFAErhLcT,8
bVJFyzdpBBFtNXMsZt,1
seosf,8
uGYeFdYJnvjkf,8
OjTk,8
Sign,5
sjiyd,8
interested,1
DMxsEeoABpUfbcmcofA,7
css,101
TadeuszSynZygmuntau,1
NIVQWStkLTRXnwKpKNuT,8
SortcontroversialHothotnewcontroversialtoprisingpast,1
OtPHobvDiVD,24
ProfilePostComments,8
ProfileOverview,7
kDrxWy,8
xKxnscCnPjBiXhorZef,8
abhgu,16
iZTATn,24
vWDDpepKDRWqekBvJEi,1
password,1
championship,1
sivpdx,8
Then,1
let,1
Thank,1
smoothing,8
WbHqicmobscrxcNoRMz,2
events,54
lvJBSaoWUqdHyOufnmZ,8
deWcub,8
want,2
miAEojrCvxFQxP,39
png,14
Mindy,1
pack,368
dropdown,8
ftjuQd,16
input,32
Stanford,1
Are,1
IPxgawQfrpKawcnvftu,1
lbXAFU,8
ZHUYBUsGOBOtdmHZS,16
offering,1
fkrlbB,1
spkFGVnKMHZpDAhWMx,8
oaSdfHfI,3
soruwm,4
YCOmnWpGeRBWPsdWMPR,7
HnhAFvqdYxeLgLqRXfK,1
items,918
dqeUfW,7
ewFcKUZiybWkIGG,8
Highlight,8
cut,3
krkle,6
probably,1
twj,18
KFB,8
STduBQV,1
efzPUf,32
killing,1
Buyer,1
two,2
dXbtHGOyoErideVczSihW,6
iGjzOvLtPUHev,16
szkczq,38
STitdLageRsayRteb,8
found,2
pencils,1
VlkCIiHFreHYIEjcO,1
hhbUeW,8
funny,6
latest,1
dszVrW,4
think,4
pointless,1
grrSIKwiyCOcvu,8
gradient,30
jKtPjnxLmoGCSqxAgkZ,8
hdDhVEGWEdVJcgyXQEq,16
csviRGjIxOrcsmpbfwt,16
Run,1
bSprja,16
xbYfCVkDLcL,6
team,2
ilLfdU,4
PWARIYmlsbZulrsGQAVC,2
They,2
YKCRAHpaqTkNLBvZA,8
gPGkoz,16
watch,1
lALHNsLYdsFaqmv,2
kukhgD,8
ordinal,6
slider,56
medical,2
Forgot,2
Morning,1
lABGsba,14
had,2
Deals,2
align,2905
irWZcG,272
SortHothotHothotnewcontroversialtoprisingunited,3
JgI,8
EqzUDIulwnZ,8
crvsRovLrijl,32
BWwnLLrXnxcXciyD,16
kYEcZTxF,8
agoPolitician,1
wasn,1
Ccamv,8
There,2
paying,1
school,1
lEtHX,1
things,3
basically,1
firstposttitleimageloaded,8
cbhcaToRzSvSAZHJJvLi,8
IKjxSiUhxVfaK,7
This,4
SxdIdVSgMWcIFGQskQ,8
has,2
jjYLFp,6
mexiconevadanew,3
tSmLt,1
fhlou,7
Micheal,1
realize,1
tech,4
offers,1
pre,96
zXcOfggYIWnLEfXUHP,72
NUuT,7
NatureIsFuckingLit,1
chest,1
last,111
gBRFDBCUWyxEeUmD,8
UPrxw,6
AlbumCN,1
eric,8
bttOCq,16
weight,1095
xuHuBzYxSPAGVxI,8
xomvNxKaHGoGa,16
saNpcHve,48
warm,2
measure,8
VIxsCuYBOR,8
xqoc,5
Now,8
dNrhli,8
fixed,48
page,7
cards,14
away,2
kWritingr,1
thead,16
coythryIQubARHmUc,7
video,446
house,1
anything,2
jiriKeNery,56
YwktEDfNWINeTrlPH,8
MeewptrCQrmobGNee,1
Glamor,1
WmexeM,6
aKYLemFWuSTYVoshHn,8
YVauGrkWUYPzKHiy,7
iYbSYPwjAdVGAKs,1
stare,1
MgAHlPDdKvXiG,8
iOztCSiYhWRFWylyN,35
vote,1
vdAsQKSbwADjoRcCpI,14
early,1
cImSnpSGzCnaj,2
Password,2
buiwVR,36
hours,53
pain,1
disease,2
center,2428
hUblLBzmbXjyiYhOS,8
start,72
purchase,2
lockedNew,1
RPJhHnfFohktLZcaJ,7
camSYk,8
Fan,1
nUinO,1
syqtomj,8
fRrLNy,8
rsENdHzxqXJjqSdUylB,1
short,1
shkjs,6
time,11
cUgKq,8
iiqd,8
RkMDIZRsFtsuIm,1
lockedIntroducing,1
shadow,56
Come,1
happy,1
textarea,8
eyEQiTeoMfPFHKZsVTk,2
DJXORCrmcNpPTSqLqLi,48
FLmrx,16
her,2
golden,1
hOprre,8
VcroXmJSStZnIiJODq,2
wKSJJGETSxZVlkChNX,1
cygzza,3
season,2
VzoSMLMhwwIxRIpp,1
savings,1
NqIrO,8
sdqsdhz,8
GglzDtpgY,42
IFgFhRCAWaJoUrILE,24
OSpYRUTaGazfjrnWP,7
SeTreUiuhQYZKmggj,1
cBHGzAvbCcbRbvPStY,1
okay,1
having,1
JZZKihymfU,6
Kudos,1
jBymLZmAmsMelhCFZsUI,1
YOOrMRYYMeHtyMw,16
kpXQ,8
OQLFCABfgIghHHgV,21
VMogXvVAUMIbLxII,14
light,2
wTfnMegrXJ,16
Object,32
Multireddit,31
iyICXG,1
kQxwvgkqc,42
Lover,1
fDElwzneJToKzSCkejE,7
Opinion,1
artist,1
lazy,1
ZqUmCpQPjeqfTOLu,2
hhyks,4
nbcnews,6
undefined,23
bnGgxf,1
lot,1
HTMLStreamPlayervideofullscreen,16
computer,1
dZdk,21
premium,1
LsydDOPfsUYWswn,2
Amsterdam,1
low,1
vlzsw,32
lrTcBGkrrlZxEN,8
ChtktBCZQrufLtmFgc,8
meant,1
hvbjXB,6
initial,40
azLenSsUgxeZrJX,8
UvArRmhUw,8
BnWIHqVcPjiZxWCbc,12
currentColor,78
blown,1
reverse,54
ZyxIIlFPgHGrJDzNpUC,8
hqaYrA,7
nowUnmasked,1
TQairstrike,1
wiKjmhpIpoTErKCmo,8
oOsLNMxpdzuDH,2
fetch,1
YifbTTdeXeZybixmFR,7
fhgKHO,8
nxEQlDBxjxDILRHemb,48
AskReddit,1
sfaukw,8
ykL,6
bEKxZz,4
nowPorn,1
choice,1
txdeDztLnDaaXujTQ,14
dqJfGILUOOpycsUuG,7
None,1
clip,34
small,8
jhHSlKR,8
XGVEYXuPeFqHqAfDqHaM,8
ZNfZZMmSFZUWWm,7
ecefdc,1
eYcMvF,16
cSWVVU,56
before,66
daa,1
gfycat,1
tell,2
zealandphilippinespolandportugalpuerto,3
experience,7
italic,8
him,9
ibYpIM,8
loamRPHwMxXhdqxVP,8
ccccca,48
gRopyW,2
jXootc,1
his,7
nIqwDdLjCpstcuSuzAO,14
beat,4
checked,64
worldwide,2
day,1
group,6
SYkaLMM,14
format,24
Why,2
Arial,248
xjCRzBWhOCrrkwceHRs,8
dakotatennesseetexasutahvirginiavermontwashingtonwisconsinwest,3
jkODaD,1
absolutely,1
CityPorn,1
IiRk,8
commentsharesavehidereport,7
applet,8
CUIwofwL,12
hbdtmpLuhCRSK,1
ease,174
SortHothotHothotnewcontroversialtopBest,1
xvda,8
dce,8
part,2
auhCt,1
Saw,1
their,6
comComments,6
webkit,5295
gQbKOf,8
iltsaw,1
point,2
ItwLZGfPrsdE,8
ZlkVrZpuYZylJOfz,16
Reddit,65
mybTIhgVfBCOakd,24
gsiiIaWHfpJJysD,7
padding,1189
subscribe,1
Designated,1
fnfHa,8
clear,1
banner,7
chqseWEvRuWPDq,31
startups,2
COAjvFMbtRTTAInxufG,8
hsla,8
APuwJcYtzuC,6
throwaway,4
third,1
Second,1
DdjdvOeNlJqkdothNe,16
JZyhJ,16
nowFound,1
cSdiUi,8
okjiYlId,8
suggestions,1
Bay,1
jQsJcU,1
account,11
apartment,1
tzMaZnxdfQCMXndJn,8
been,4
underline,153
smiles,1
deg,166
jIrfozTNquTBeY,24
PrKco,16
del,16
videos,3
bbbaeeecc,6
dek,7
apexlegends,1
path,7
xjDGPywQfbEuUczh,7
WdzooppcYXYlpjKZZRj,1
IANzAn,8
GMA,1
abbr,8
fortnite,1
you,39
jump,9
happen,1
pass,1
going,3
swvc,4
tabindex,8
active,135
uPyUGlwdDzPsqiOwG,1
agoLeaving,1
RCommentsPage,8
dfn,8
easy,1
buyer,1
Here,1
domain,8
getStyles,16
Noto,140
unicode,6
lrzZbLAzLkQjWwH,8
relative,470
ANgfBxjU,8
kiAEUp,9
IgkrvvpjIfVHteKzFd,32
GreenTeaPikeFollow,1
transparent,173
xvhS,20
how,3
mQpwUbTbGOYNuquCwf,21
haunts,1
cIyovR,2
scymkf,6
KZqWvdlRDNmHXcrUX,1
imgur,2
dRneNb,48
NCoxnf,1
yorkohiooklahomaoregonpennsylvaniarhode,3
right,865
kingdomall,3
aGquNrZXqcvqv,7
transition,305
tfoot,8
evCORfYPgobOPAKBH,1
rdDPLmnfPIFKHbLCyRn,1
Your,1
BIJIDdDHemkRdSgYtS,1
UQtcgIcbtFTSSHqiH,3
iaYXFpGyyEGqrpclw,8
did,1
CommentsPage,40
giphy,1
junIdA,8
Regular,24
sometimes,1
ModListing,47
efbdfccfe,8
hTdYDp,8
cloudfront,1
nvusn,4
down,2
div,27
kEJruH,8
Sans,120
iscrBN,20
mIbMnl,48
eWeivE,1
adding,1
talk,1
radius,781
sokktje,46
dAfmou,4
ivoPEQVlryCmH,8
hAEwhD,24
iYVwtThaZqsLsqDBCh,16
qlaSPPzynVHzRnmFA,1
wDtOnYnqsrmXIsNnv,8
Fox,1
ZMpGOwwzQLQDmjsycd,2
take,2
succulent,1
commentssharesavehidereport,43
Area,1
Because,1
month,2
NqhcIOgxJWusCRfnu,18
ybjan,8
vnQZcNtNn,16
occasions,1
Early,1
allThe,1
stateseverywhereunited,3
Patch,1
eEVuIz,8
NbKFInwPMpgfAPEsN,42
some,4
UOLMgvssWenwbRxziEn,8
KRhCrqepOddBtzwByU,12
bIaziM,8
back,5
title,16
iJCrt,4
With,1
miss,1
OMGIdontcarejust,1
company,1
RIdh,1
Room,1
just,11
agoSome,1
AStxqlmQsrZuUIFPxSg,8
VCFGgxIBQjwsycq,24
zjaacbIxW,48
RDCFfelKrhJHKKZkPPD,2
fcpilS,144
TMMvbwyehyuHKmQWHrE,16
dIPuuuwFUTaQNmF,8
eRbXWCebKIuLXdJIwNjK,4
uGwXKrmPOljxIhbSCOjc,8
home,10
SettingsFullscreen,2
ModQueuePages,47
GygedlJRORrsORhsAq,8
WVLaridFHpaSaIPXM,8
dLKqjSfFMeiOZxA,7
inherit,148
lmNAfI,32
Good,2
upUser,8
Already,1
rnKPthtFxyeAFfdJ,7
hthgXjzYhFyRZgBPv,48
qVZaEJdkNSZDxMjK,32
SZJLlayH,8
deems,1
text,1097
gjsiea,7
Even,1
UoeAeSRhOKSNdYhiSO,23
sharpies,1
eefdacedaaf,6
cXpeRf,8
OkAiXwAeYlSsUBaxgPC,16
cEanMJ,8
jhINmB,8
bmnXsi,3
RMVOgKORJyRSRErT,16
made,6
ssgsQQidkqeycIhlBa,8
funniest,1
fcyhGn,40
Ltwjj,1
sense,2
uQwMnfXrOfzkLCFxHfd,8
being,3
blenUs,6
fivemoretimes,3
effa,48
eATTzTEVE,8
yhZOfeFNoKlPVe,8
Oel,1
vLgmyOZfvXkCMxaap,21
JEVfXVltDgH,7
ricoromaniaserbiasingaporeswedentaiwanthailandturkeyunited,3
dog,1
POLARIZATION,1
vDtiNRsRHMeqFmX,20
acting,1
vEtkc,4
don,5
upset,1
ceUotpOVIcrrXHfY,23
bBNZZu,7
skin,4
PixelArt,1
sdhaav,22
BkEgkwxWFSWuVUk,1
Vietnam,1
SnobbyDobbyjust,1
overpriced,1
wouldn,1
man,1
map,93
kNBLAYYqYdySfpqfi,7
qlCLvAherNBsvBIMR,1
bxJluC,8
pixelart,1
may,1
within,8
max,416
dqQ,48
ntJEAiwKXBGvxrJiqxx,8
PUokUAvLYJxEyPdDd,7
Survivor,1
topics,1
Adams,1
forward,1
strike,8
dbdafaf,6
health,1
YrPtUZyIgZmtBoCIOjC,1
BsUesxluKyCHnP,2
positive,150
menu,32
url,38
vrPYFjifVGMCfOhdOl,8
OnOGEbEMRXa,48
eRb,1
dZnYgFFpifT,48
able,1
return,8
todayd,1
cdmZ,8
rotate,200
WnMeTcerodKoT,16
xIUOKrMy,16
UtDCPIoyQnqx,1
gNxoOexKaMkmmYMQCGs,16
use,1
TJuQGHgWvqfnkVcPNd,32
YdfrzLlrygH,16
NpICHyFK,16
jerseynew,3
feel,1
PQdoTCWgLrackKgI,8
QSwHlkZPQHGlQmi,8
host,8
ffffff,1
credit,1
oxygen,1
selected,39
mrOaloUClNwpCvuWU,14
terrible,1
KVFBKuTNsLNWcOGX,8
LLqoNXrOsaIkMtOuTBmO,8
vyzdpfnySBJJyBFIqH,16
tcFDbDzgVrLf,16
NIuZ,16
EUFMSWWx,1
hoops,1
HhjobkyyqVjBXutSTgU,16
fvfo,20
equipment,2
difficult,1
PhWjTZJk,1
sort,1
fill,886
statesargentinaaustraliabulgariacanadachilecolombiacroatiaczech,3
cheating,3
WvWGBpNLkDJVCFdzzn,7
woff,48
CpYCxMGuxCYjrtTgDTR,1
trash,1
rouxlxGy,6
feed,8
pvnouWnsoKKlQSyI,16
hknfXmlfBFUkdzqp,14
background,1387
Fuck,1
true,96
header,24
position,1030
rsZgIAMPbcDGNPnNIBy,8
svPjrTufAABoINCKRN,1
since,1
vsEqtCPdekfIaLfBZp,1
sammyr,1
shohr,72
DAEE,16
contenteditable,8
dshSNC,6
Monny,1
LGkFCIsPLVchglGmP,2
appears,4
best,17
typeahead,16
cKeZQpkUQAbRdMX,7
transform,1283
dominoes,1
scandinavia,1
hour,1
lCTVNjDjmzXDiiSgTL,16
gsGHaDMRAxBmQS,8
Create,8
repeat,53
ztUGzdIoCR,8
dQWElMHF,8
TPTU,7
YAIzNYR,16
met,1
make,6
nFy,16
falling,2
attempting,2
RListing,8
JfhQhZqpLgByZUbKyD,1
pIlxiRadWdcEAlZpZw,7
melanthonu,1
RRVRSPeM,8
zHrjuRkP,8
iFstRIvWlWlOGyrY,8
ruby,8
zWJjbRJMIMkexZPrus,16
nHK,7
wkCuPcL,1
vOGtEDdhmVbkqinhgOv,8
tougher,3
NMqUkD,16
agoHALO,4
pulling,1
keyframes,160
iqnOYYwmetuMAjiId,16
woke,1
JxkqXsDaXwsNyyHA,8
about,4
Premium,14
IbETWbVVDcfk,16
quotes,8
bWuGssqPqyxyy,16
cover,29
RQFCKHRDPDOJ,8
ZGfZpVitkYqnsiTO,7
commentsd,1
OrwUVDTQzfcwoGchDN,14
agofromwww,2
ZrfDuvQDBNfBgpXdntb,8
eXI,7
drawing,2
fRmpkX,12
roWIFM,56
PZpCplhcmXmVN,1
mKraSoIJUnWOEEgnuC,1
height,3282
goals,1
bcdebbfec,8
boxes,1
based,2
pointer,269
HTMLStreamPlayervideoregular,8
PoopDoktor,1
sdccme,8
QxbBCGOwVZeeJ,63
fluent,1
kObOhg,1
something,3
eVVguaBVMeKljYRDZV,8
NFddqqrzfMnoBESQcy,24
PostBest,1
Triplebyte,2
Sincerely,1
MiKBKJCDaPRJr,1
MMQAYzdkuRhIKTklf,16
yeMRoZWFtJxVPeZC,8
BlAvWVMCHrKukaBiDrO,7
fePAzF,8
shared,6
religious,1
qYqbEJnsm,8
gLHOfq,1
comics,1
NccHBCdvqnVOevV,14
long,1
fell,1
remember,1
into,2
outline,286
min,398
fade,26
gNfqYT,3
HKTCjlTGSwYqr,2
ebbcdddbddbbcbdcab,6
kCxZdn,8
Bun,1
free,1
XFXYNdeJEGFwKDLXpX,1
But,2
middle,251
zKTPl,8
bothers,1
oiLmBSRAULcOPEtjXSh,1
AnfrhrAPGcBKFkM,8
people,9
bRRRU,14
stay,1
everyday,1
face,12
CohPKJ,6
ccqVWsdQoQlEl,7
qgDkGQIoFEpMMeNtfIBY,8
progress,9
obgdFzGvpqpuXQCsNK,48
eGjjbHtkgFc,14
hSAKYw,8
xepMiAQvt,1
open,16
jsprVHhqOaPlN,1
scurnh,8
BjKXRfAV,7
gjzQTo,32
tbody,8
sfGjDaEBhmeClAyBo,1
CapcomOfficial,1
SettingsFullscreenwww,1
Communitiesr,7
PBhQhuscBSLOIyHPz,2
inside,2
playable,16
hLQmik,1
rNrHniwBXNWMVe,1
jNlDkY,8
GfQhFWIubWuHuFqgPhn,7
funded,1
kJsNNHNqugbRuUIgB,16
commentssharesavehidereportOriginal,1
wood,1
fktwzclmi,72
nowDisabled,1
RedesignSystemFonts,8
PkuENlFnVlvkkfqFrwK,2
monospace,24
subscribersSubscribeRecent,1
SCzViTnlIekCABqFo,16
felt,2
UTXxzSwbREWHksSeh,1
please,1
kYufDD,7
look,1
Fuhrer,1
sxkh,97
sucked,1
unlocks,1
internet,13
CcMbAIxqarVdGR,2
sxko,3
allow,1
dLxzWW,1
pinned,16
Chucky,1
needed,1
father,1
muxiv,1
OhABuIsYJLbCpGJUM,8
Aside,1
CoqrCAwteJsqqSRqB,32
jgwegeMTJ,7
XeA,1
interest,1
hHCtqy,8
themselves,1
wants,4
placeholder,32
HoOlmppFDBCsXWY,1
sbvbdp,6
mask,20
summary,8
YgWdffoKyCpUaGAEQpoo,8
gpZHFb,16
NdJvzR,1
answered,1
recently,1
qvUnf,6
again,1
Title,1
oPTBVCRAKkjXQHRYu,1
cAaFtO,8
QfHpWIJiMAUCMaBPI,6
layout,8
DXzqFfRPHDAAhSJMbTxi,2
uyRQYCofMUyoRkjCl,1
oJIMuVHZP,7
healthy,1
fGjVuX,8
comment,1
forever,1
mark,32
tQrDQoIjVVCMgrLYXU,1
dubtJAHgSzJVAiRzk,1
eZQoPrhRwkAtPbxMU,16
bYfdkh,1
mod,8
iBuIXhlaetHvSYZBq,1
NiaGBoPzRxNSyeCck,1
SorttopHothotnewcontroversialtoprisingpast,1
Check,6
qxO,1
StGS,14
FNQkNYl,2
Rpbq,16
GoodDudes,7
agofromMackWeldon,1
Away,2
humor,1
oWdez,8
moz,248
decoration,396
controlling,1
slate,1
eVKEiEgNTHopUFDqZhu,1
still,2
dVXqcOidDLNRRKOPb,16
cBJStdYxmiRjSgSeH,1
isaac,1
var,24
work,2
fzRrQizqlZaoPrzGIN,2
otZuDhYTrYmgFArRm,1
navIcon,16
Triplebyteofficial,2
ixeCaq,8
agree,1
eWrAeX,8
gDkOygsikCeyubcVg,1
MsQgmnKXnwElZFAjCbV,1
EJwEFAUIlMSUYEHQEpX,14
hptobI,8
bxbYlP,1
lockedGet,1
books,6
ProfileHomepage,8
dplx,8
ryytzBnldjGGOrsmCw,8
Amazon,1
word,230
favorite,10
uLqkbMtzdlpblMFbJq,8
love,1
fAVHJE,7
LXuYlbElLCRExXpdG,16
cjHfhXYWuAKzRGNxePHy,8
premiumreddit,8
Explore,16
thumb,8
XbVvl,7
itookapicture,2
unpopularopinion,1
RqhAo,8
vbz,1
arrfa,8
pmAVgWGFUKVeYIE,8
across,1
wBIRCyBuaNPTzZBVMkb,14
fEgMiB,2
yiICy,1
AJZwpZtFJGdcUCUew,24
edeff,8
Overwatch,1
snpjfr,2
oYxAOTrSESaPjeTluz,6
DhCOMdXYJ,1
ftWcrq,1
kGgzwkJvWmHQjDRfEZla,7
NneWLWrvekWBZYLULA,2
BNJYEyQmTHFZJwjoXJ,8
nice,1
opinion,1
redditstatic,38
appearance,24
AzDFyWlGpoFWxH,2
commentsharesave,6
juutRX,8
iiTygerty,1
first,97
kmled,1
span,14
COGitU,8
nowrap,392
UvQsAqQDZaeOwhydmq,7
perfect,1
FceGCwdOKKUGPAaSj,14
columbiadelawarefloridageorgiahawaiiiowaidahoillinoisindianakansaskentuckylouisianamassachusettsmarylandmainemichiganminnesotamissourimississippimontananorth,3
sMPcfA,7
vaxHFhEXUiwmcExfLrx,16
Posted,58
float,16
space,386
BAgjhNwLExUvXTAvxR,2
qcLSetOlJluPWWDdsJ,16
PraiseTheCameraMank,7
bVluRM,8
ptPrxWpxDTQJcmVNe,1
QBYrruihZVRhvwrKuMS,8
JNAuUgWAkRoykwfUWhY,24
html,16
from,72
gWXVVu,16
blockquote,80
WnHenbLKwTkOLWFD,1
Dome,2
bottom,712
sBFMqVphJMfhtnVIiv,8
etMGhl,16
ilw,8
Content,3
speaker,2
polishedWEBPACKIMPORTEDMODULE,16
osVySJ,72
zBOlIcx,13
NotoMono,24
FRrbwuHyZmlubpnowLZ,8
HwtYpMr,69
KWSZXqSMBLhBzkPyJFGR,7
img,22
gZLJghZHrkIQlPvwZYDE,1
death,2
dirtnastysuicidejust,1
bzwxr,8
CRJCAZUtszmWPxUTUqP,2
RoastMe,3
etEbbRBaxAqFuXS,8
commentshMovie,1
IWtwvqkALfRSJBuB,8
SRiahKBodhRWPhmYn,14
imbadajust,1
public,8
xdiBHPBP,8
ZtUGBgjFmLMGdLdx,14
Thanks,2
track,8
fZYUqO,8
statesall,3
iaAYGvTNtknkTxuHArCzL,8
oHfgPOjOvFu,16
instead,2
ins,8
expensive,1
fans,1
CORRECT,1
performance,40
jkaxTgOffvnHpG,70
upvoted,6
serial,1
serif,256
vyJFDQjwCWmhvljSan,1
IBMPlexSans,8
zzxnpwcarJXfzzjr,8
hands,1
nSJCQrnLYCzwTtTsNO,16
fOKXAY,2
year,3
desperate,1
allowed,62
FKej,8
WCZvfrkaO,1
ulegyMhoTEWCFyBC,16
resolution,328
setting,12
dHfIeC,4
Oofiojust,1
Spirited,2
score,1
dNtGQj,72
redditmodelsThemeNewColorSystemWEBPACKIMPORTEDMODULE,16
FRRHdGrCdfUWkfqSgn,7
enclosure,8
adaacb,1
mCYorxWwoMlryLTEOtzn,6
fBgYYD,2
because,2
MVepkxZHzpNvcuAAJA,16
woodOC,1
AC,307
DZKwdUyXAaWF,8
agreement,8
gFkiFS,24
FJaaHMeOjV,7
community,2
capitalize,89
htoXoQEzFLCMkHO,16
vhAgVPJZWyd,1
selection,8
stop,3
shortcutsAlllog,1
happening,2
iheKDM,24
gFvWbk,4
wGfnWsTOKvDrrQQh,6
markFirstPostVisible,8
beware,2
weekr,1
providing,1
EcaBUorIHC,16
least,3
agoI,4
wcnJRvYkbVflIjjKlLUQ,7
posted,1
The,12
BS,1
dZdSKc,8
JtCjodbIVzVEgbZNn,8
RYEEcDNnAX,1
CE,32
Paintingr,2
Flubber,1
CF,16
pICIigBUFPt,1
learn,8
evenings,1
highlighted,8
pulled,6
zBYvOwHPxdPEXGCYhKB,8
sukwo,8
EzoWqgiVprNLcVeSPR,12
IUkrxucpVcbGPl,1
kAzaGqRMTChm,1
XaNoGArgCjyyzXqzVRI,1
DIY,2
csebgIdGwTfBJkUTaQ,8
Bx,1
krImGLmMtiacZJX,1
By,2
KyJ,63
sonos,1
acc,10
Take,1
couple,3
controls,8
MvAbjWWpggduxPTpBA,7
Email,5
YDwMc,16
senses,1
indLgi,20
FvwmnUnZInOU,14
ecPIad,4
bbrPKk,48
ModerationPages,40
aLURPNLdvfcbaNdcNx,32
sleg,13
couldn,3
kLHoqYVgmdy,16
eizoOTAwtGDgH,7
red,1
grecaptchaSiteKey,1
DLEcFoxsqUQBXnJ,8
leave,1
MbQFyHRECoGO,16
SMlgACTEszAAQfs,24
helped,1
OaTHmZfiZXAQhBJk,8
EA,8
effaec,8
adb,2
gifts,8
yypgw,4
jsdepsfetchstart,8
bpTFNw,8
need,3
OoDUyBhEpgzdHjnvT,6
Obsessed,1
VNbdMdEXhCajLS,1
ceef,2
article,24
hsugzJ,16
Dr,1
volume,8
fdQMudKssWgeznOrR,8
Popeye,1
eEEbxk,8
eQgJJIfdYJNXamNj,16
rybpsf,8
eSXStTBAPMYt,8
http,8
decimal,8
kYSumWdyUJxlhEpQf,16
zYCekbwl,1
aee,24
FF,15
wbuVaYGMXkqaQJhI,16
commentsdI,1
accidentaltopgear,7
zUaWg,8
ffaf,14
nBPOfpQDgTmzRFqaVult,8
yWPgXviSAfinzQB,16
ride,1
zLepBH,7
ILikeMondayz,4
peaceful,1
stretch,24
agoMichael,4
tAmgkgGzccAahJsRa,32
ZYSoi,12
dGYZAzXHXXDcLtLVuv,1
laser,2
hETaaJ,3
end,123
cYUyoUMwmgRXEHvLlZv,31
aff,39
uZcUQgumllsYgnTxSizG,8
SettingsFullscreensamsung,1
Doubtfire,1
eLvIdOmICVOfguTG,8
QBgKr,7
gWkHloKRuxIPqEBqAlk,1
label,22
ddbd,16
agoLITERALLY,1
special,1
jvKTHE,8
mmJGWMWurrNWGlAosDIq,14
perfMark,56
Username,2
visited,43
family,301
tbHPZydRpjIJsyuqC,24
giMEpI,8
SpurredSnakejust,1
username,4
college,3
backup,1
rjlIRqkCnmBoSlEQu,5
movie,2
told,1
xPPPHdELF,8
ringleader,3
ago,2
Go,4
caption,8
fLTQnOxtJpKvmnJhATHh,7
Astley,1
vXXDqKLnHetdKvisFzBD,8
years,2
BHhTG,1
scrolling,8
insign,8
guZWUAROueftTPPGDZ,16
BkkYahLrqvrnZoHHBHpU,8
BljeYsli,8
Resin,1
KyXHJZdRPMDVyUjOWp,8
eryjvx,1
Back,2
BentonSans,8
BbATRhFvVDHNDjJAO,8
hYctxm,8
judge,2
unxyUrMEFHC,8
He,5
gifs,2
nav,24
cElNxHftdWnZtcGzf,16
nothing,1
EDEFF,216
IS,1
mtomskyFollow,1
IU,16
IV,7
XRPXqL,8
animation,174
QMHsvahMyVPnDIDo,1
gGHOXO,1
Top,2
agoRobin,1
CgrkekvLcCoaCP,7
JC,1
If,3
JH,7
eLLsfJ,1
iZfF,7
Justice,4
other,3
hbUOTtGgIZiuYusNJvg,6
Guinea,1
gWdCEyVxHUEmBMBOW,7
huWPQf,16
It,3
uZDFpBkclKxCYaLJCdiV,14
FjVXxeuKSKMTO,1
iWiVmZ,3
Danmark,1
defeat,1
trackerkey,2
fffc,8
cxohrUAqARaXTXuYN,48
asked,1
rights,8
Jb,24
CategoriesBETABestComicsDIY,1
nUJen,8
share,2
fkcbSO,8
Hook,1
jpZMnH,8
RedesignContentFonts,6
squdme,5
ByfelsDisciple,1
filled,1
sxpoaln,1
powerful,1
removed,1
future,1
cite,8
aqHn,24
iAifspMzPoJzYrErUW,8
removes,3
signing,2
ZhONavplThBNFwuJn,31
scaled,1
fieldset,8
oAzKCYwbVOQ,8
body,41
esz,24
wEjxCdsIeXWAMjj,24
points,3
neg,48
ZqvsDKOAdS,1
BiinhWHcVTEfDytVnNn,8
vSQxU,1
etc,2
vuhvmd,8
Try,1
pisses,1
net,2
border,1914
all,56
always,1
new,2
took,1
MO,2
read,1
Mommy,1
disabilitiesRant,1
parody,1
touch,8
cNNwiJilpinVfBxEf,6
tlJjQOChCIsgQU,1
IfhFuQEhPEmkj,7
real,1
agoTIL,1
Trump,4
sygfb,8
weren,2
monthly,7
fcbjOW,8
media,438
SdGgakyQQwVBGKpS,7
Cry,1
My,1
hSgJDM,8
toro,1
rect,32
bszba,8
Showing,4
OC,3
wrPeyPxLyLbBNCEZP,8
and,55
rootfullscreen,8
RvLtAcdRtbOQbhFBMDT,56
today,10
Daddy,2
row,1054
attr,8
knZrjAYiwAjhvK,8
commented,6
premed,1
HTtcITrR,32
No,2
lgXxJqS,48
NoECtTwmoRhGhLT,7
OS,1
any,3
nymag,4
autism,3
super,8
bcbce,8
Playbar,3
XJvPvYIEYtcSORsDXwa,7
golem,1
emteeone,1
Find,2
bLAhB,16
until,1
Let,1
verdana,8
collapse,16
isNqYD,8
SKaTTXsEmnJfVOjoj,6
ZQJrMufwPMvNNasOV,16
Beto,1
hLJiwUwJJ,8
Or,1
thought,2
ring,8
legend,8
OwiiYzjyVpDqYbCdJY,24
nhTfmUMmYibxNohr,24
GMEZqDsSvKVyjGIz,1
sqtbe,39
companies,2
Sonos,1
Bateleur,1
NOTHING,1
iLrKmvoKpJoZHGbz,1
dance,1
nGuUHAnxPua,24
margin,2387
using,24
fOgrRz,42
Instant,1
shouldn,1
kSzFYHZZGL,24
FZfzFmmtRTyUcoORtW,1
Handle,1
caJFgF,8
fbce,64
SdYLjrolYVxzulo,2
pyciUPyJIviGSkASOu,3
OnBTLhwkjTqbjDZaNk,1
wanted,4
XCKBYzBTZpjOAFEWvtSy,8
letter,905
KEempMbRbAYioOfqNE,16
xepUB,8
iKdbqnqObFvSHiCQ,8
blatantly,1
tarPeMzZuRMfsrQrx,1
sizing,289
referencing,1
dCDmgs,8
LeTnxkTAAAAANQEuDZRpnWwKkRTRWg,1
RT,7
Bathhouse,2
eeVpQqNBni,7
xtxTl,8
maybe,1
Ppg,8
another,1
QJCPDOHmfGlUHZf,13
students,1
VDWkydkrndR,1
shkq,40
JKQYYtQFdjMQJhVbDGe,1
DSgZoQLneHjWEldVvDG,1
GROUP,1
default,77
pockets,1
are,18
taken,1
advertisement,6
came,2
disabled,166
where,2
iframe,8
kceiAQnjpWOpuqZRjD,24
sakftvf,32
typeof,8
AskOuija,1
CommercialArticlejust,1
Abuse,1
stalker,1
noticed,3
black,8
palpable,1
kfLJdE,8
call,1
TQairstrikeFollow,1
such,1
diagnostics,1
classic,1
Choose,2
shit,2
stayed,1
absolute,401
EMItyJFgJKDvcDtXBWN,7
yHYJ,23
CnsxnxOVDjZh,1
ask,1
jlrhi,16
eZUSuvzQlHeJM,7
calc,64
Has,4
dBqrgO,8
So,1
iTtZoeYXChKtb,8
understood,1
IBx,16
solicitors,1
through,10
TV,1
bmnsEB,8
MIDgJfubZOngkhERh,8
sggAEfRQLyoAlJtwU,7
agoGive,1
yViwSIynOfI,8
TwwXFy,8
graphite,1
ObtlU,1
vdDwjMECrKPWOzGvwtX,16
horrifically,1
bgtLjReMxalPiPzPhR,7
view,1
either,1
QgupMNE,48
white,300
kUftBJ,7
vnIPkjFgBaGNXFL,7
dhFVFchWAAFXfLFTan,8
mpclx,16
To,2
those,4
YGvHlEfRAzConab,1
hCoGzhwFdfFvGbtIjSy,24
might,1
agoWhen,1
mATOvmcQpFcfcBXjFol,1
bdMsJobTLMnjONGB,7
bold,1
significant,1
bsfRLa,16
sayxy,16
KjTxLhBmrJEnlBUuxb,32
poyrkZgPawDueRza,23
ZOvQhQdAqwdxPdz,8
HimChild,1
eradicate,1
xsinePdvDKjbf,8
KKNujBNA,1
name,18
MVsFAq,48
worst,3
Up,1
agoMore,3
next,2
TmgZYtDcdErbEdEHJ,7
blind,1
shop,1
color,2558
hidden,355
swajot,16
show,2
slwz,8
description,64
ejHFUxTCKhKZVrkYM,1
iblvRCq,16
button,401
todayilearned,1
not,127
negative,26
wBaYnTsmQh,1
now,1
DPJsuYE,1
effff,8
factor,1
Contentlog,1
ZfeBKtWHTImyn,6
news,7
delivery,2
rjmej,8
was,11
DHxzlUnsgzYXJjCSD,16
aVXYLWktPHYxXbOJbfEg,1
llXCWT,8
yJxUsPnm,8
way,1
Wf,2
TcsvuOZyGvAhSmS,1
brightness,16
what,4
kKIFhx,1
Within,1
gRDrBnBUdM,1
PixelArtk,1
window,3
TVzxvLEbFphHfZhyU,7
UmGeNsebZteyKdDL,1
crayola,1
RfkQFuxjgUzNJqCtC,8
container,332
aww,6
play,2
GwEHkRpaPT,1
HYKLhLnHINSXTtdsP,2
Frontpage,53
Epoxy,1
quickly,1
qkGVKHdAOslCbSge,1
when,3
Privacy,1
subscribed,1
MrLovensFollow,1
rdJjqmXwosOQkLlN,18
dressing,1
hbcgEe,8
slice,1
far,1
fat,1
Worm,1
embed,8
YT,8
cLecKT,8
cuXnOdiXHbTttAaGgKr,8
filmography,1
case,1
generation,1
canvas,8
item,1
misinformation,3
Log,2
jOxDPIQKaOWpzvSQo,24
iWoimk,8
phone,1
fCzxBEdlMhOFcBDun,16
sticky,46
reset,24
style,77
WIlKaqHMMqzIuQXRY,1
completely,1
card,1
foFZXF,3
jvvbAYwIrxbyXuNQhn,8
pRhtIEZYEimHWhnn,6
HTMLStreamPlayer,8
cures,3
TadeuszSynZygmunta,1
csXO,32
eYrWvz,6
bntPDP,49
CoinsTry,7
enabled,1
mcXKZUhFvUMLSvAHyXs,24
AWtVAjseFZoaWxp,2
lBXRQYCCGVZfQJODL,1
JeruqexkXCxIJwj,14
XDITKxljyMthqyCsO,16
older,16
snowflakes,3
inhibits,1
cEsUS,28
reduxjsonstart,8
zDhTpkqcIWcTCW,1
nth,22
TheLoremann,1
dnbqzWJTFCsswlWlk,8
acronym,8
fde,4
tJGHTVRmdk,1
tothetenthpower,1
more,3
display,4388
born,1
jkRl,1
siufq,8
great,1
subscribersSubscriber,35
iCQYbp,8
oHnTSlh,1
width,2490
alot,1
Day,1
iFSoSK,4
wondered,1
NsklM,14
disability,2
Froggmann,1
dice,1
dgWhMFiTjhxQDdplJbh,6
section,25
NUsONhDCErsNLCHk,8
used,1
JisrPypsoRKiDgDdke,16
constantly,2
overflow,523
trackersecret,2
Monaco,16
hvzVyOQzOKUlbLIvc,7
lyBMdpYVMHQASCSYGiO,2
ffa,22
Consolas,16
rain,1
visible,45
ffb,27
XdjckgSGhgpGEGUohLw,1
orient,406
apphtmlstart,8
CGUhXHI,16
fff,92
IZUO,1
UdFPgUNgPdcoPGzC,10
vSJGYbytdlYDhANolyh,1
GROUPTHINK,1
both,33
important,24
most,13
sehdxx,32
veteran,3
safabjy,8
dNbgrk,24
eeefaaeae,8
XELgmTJetc,16
bSVCQTRdxwyIGqCjf,1
nQrATUwHdVk,8
eagle,1
triplebyte,2
SQnoCObvgnGjWtzDZ,23
job,1
daughter,1
qRfEA,2
who,2
hXjiwi,8
politics,5
stigma,1
game,1
solicitation,1
QAmOEgKAW,1
why,2
commentsharesavehidereportr,1
hoverable,8
fauFKjghEmBVr,6
inspiration,1
zJDbcDeEdSgxV,7
NBLngjYvGcqlXJIk,1
mwgtia,7
giigIncPELawjdJQbkq,1
alone,1
fonts,24
YsZUGQHAWfxmTNwbFYPd,24
TXHiCvqoKnRDIqehB,2
Jack,1
ebwjqI,8
authentication,1
didn,3
rest,8
zoWOQnpWuhEugRSwfw,48
bLpVgt,4
maNCypRrNM,8
original,4
oYNNWiAvmmFIRdwVX,8
jpm,1
album,1
dKyFdj,45
sat,1
saw,1
also,2
PMbulVzccnHrwDDPiqto,1
gets,1
ellipsis,134
BIWlNltjJVgcKynL,8
WSiHJwZqbXuvrDn,16
inline,728
dHUYIZ,8
front,8
PostReddit,7
GoqoM,2
user,72
Original,1
You,5
wkYWbrpmOvjqJ,8
shortcutsOriginal,1
customer,2
rant,2
bzdpBA,1
ukrPzSZdgYfjin,7
bad,1
LpdcPftJyljHIKR,8
GnYgsF,40
boys,1
spknqd,8
promoted,6
losing,1
fit,8
skins,1
cqsTeCPCGIUNPdClD,8
bar,9
iqpBYJ,1
scb,16
isjMjC,16
tafiv,20
complex,1
kDIY,2
honest,1
ZuNdJfJvpojDMILP,1
nowHistorien,1
CrappyDesign,1
efRzLC,304
jBHKihljBAqaU,16
TQairstrikeu,1
iXWYbc,8
promoting,3
AAB,92
grow,158
bbb,30
af,3
shrink,33
giiXBn,1
sipnbl,8
agoDear,1
dcYAIoQvZtLsiIQLT,1
ilQMve,32
BunBoiFollow,1
an,2
as,5
delay,4
at,9
haunted,1
yuFRnBRJLOSSTsoXcC,16
Devil,1
vZgjIOmc,3
XPLqFSZAmYC,7
AccountManager,2
looking,1
drive,1
xNU,69
izXubMqeVhQ,8
smaq,4
vjuMdFFaGmELBeiJr,8
strong,16
be,15
JqNsQRTEcAPCqGOmO,3
scheme,3
FiGntc,7
PrQgtZKPkQhsYwrdYga,1
deaf,1
raTMCWx,8
SchoolSystemBroke,7
snjir,24
see,14
spacing,912
nowfa,24
lockedAmazon,3
offered,1
bTTQou,3
by,6
ormore,1
iQdHyy,4
YQlWKQuEEEqkm,8
Did,1
cc,22
cf,6
set,160
contain,45
sdrr,6
keeping,1
column,330
benefited,3
words,1
tIvlmIAasOfzHMZzr,8
mtomskyu,1
fclIrcoRuSJ,3
breathe,1
bfeedfdf,8
food,1
battle,1
awesome,1
agoAfter,1
Qcd,1
sfg,56
bMbIUs,2
KcmdMRnJzlAPzZsE,32
fcsFaQ,7
dZ,8
Underwear,1
millennial,3
eqioci,48
opacity,320
jEYsBR,7
GumWz,16
config,2
interview,1
db,110
MuBinCihyNgBycpr,1
dPygXwKlmlGuxfWMhJ,1
font,2770
dd,16
bed,2
srcgrht,8
bee,1
Communities,1
noPostTitle,8
dk,1
dl,8
Guys,1
language,1
do,7
srrfz,32
dr,1
dt,8
dv,8
Dangling,4
XwEPWDBmYH,1
trackerendpoint,2
won,2
QbtfDsrsj,16
YkOWxKheHpQbgAgYkP,7
ea,17
digit,1
AED,16
which,2
needs,1
image,20
ef,8
OriginalContent,8
jFtZBV,16
FortCollins,1
Birdcage,1
el,12
fcfcf,8
em,108
realesed,1
garbage,1
browsers,16
autoplay,344
bnqWWFOMSexVBxfHU,16
never,7
piece,1
tJL,8
Italy,1
little,2
cursor,354
ff,45
however,1
carolinasouth,3
WOANniVdfPgOcw,6
origin,16
for,34
bGwsrC,8
ejSRpH,1
explained,1
content,340
hover,547
hELZctjzdizaWjWalDZ,8
vkeRJojnVcbpMlPHyd,16
hppjTS,28
trouble,1
Rick,1
QSeaIjJDpEJnGoGIR,1
over,5
digital,1
Cohen,4
gk,1
siz,8
fxCCqGIRW,1
false,8
go,4
HidRXdGNrtrAIOMGK,32
wreath,1
LofvgShcWAGgRJOaIRlf,7
ocD,2
smoittWDxpPuCSXJT,16
sdqrjy,8
form,8
FortNiteBR,1
firstLoaded,24
btzcXFBIRWcfSNwbmJ,35
faQExXGjztMBBaIzB,32
hd,32
he,13
hf,1
hh,16
big,9
imyGpC,8
very,2
adsdotjsfetchstart,8
select,64
UCOjEBwHnvHkzBrjPsR,1
mVwTrTmgMkNGKgvDGVm,7
ixsUoQRnNfZjhBUy,8
ECZWRoEKV,1
sbxnj,8
BlOfZWJXRIYYm,8
cqtJaS,1
Image,1
output,8
aPJzuSXNyPQvHMxGsdTF,14
thanks,1
President,1
efdccfc,8
warranty,1
model,1
id,1437
https,40
if,11
clamp,9
sjoiip,6
Don,1
large,1
in,42
index,101
CommentsPlay,4
is,22
it,15
bFtNdL,8
hella,1
EJnvhRIxLBgLxFi,2
crafts,1
Ready,1
iVAWdqazdcIHXNEQXX,8
xUo,1
bffdd,8
agofromsamsung,1
fott,3
qwwJKKzsDeDOBvvU,8
elqz,4
become,1
RsomDBMRmzJwQoMAHI,1
works,1
May,1
blJHXrhpaDTreUa,1
NrsaSmaOBeqrNuPb,2
gEeUEF,8
zWvtbBdJl,14
world,1
yrwqAzAOwGsvPfZRXr,6
agoDesert,3
ability,1
fltJwe,5
everything,1
table,52
fkTxaaWwKgRCawvegijy,7
dcruvF,6
GZBSYZEtEzLJQ,8
JVvMYgRBHtfCszMdV,8
agoCan,4
ejhhi,4
break,189
XEkFoehJNxIHWlrIlzd,104
seemed,1
kq,8
Use,1
change,24
kr,36
knew,2
suggestion,1
fQCZOQ,2
WMXjyXL,2
Tonight,1
UFRqDAQhricbaNXSuf,8
KghweVAiFiXRIsylQ,1
joke,2
off,3
kDrawing,2
GreenTeaPikeu,1
places,2
hide,2
disabilities,1
OqQYc,8
LrKisMtCYUGWSEMGiR,40
commentssharesavehidereportr,6
sqoss,8
wSKgZiuaUZtqPKuzM,1
aklZuhHMmXJcsidEeP,16
complete,1
li,16
dYDuCS,8
fun,1
auto,674
hZWQWB,1
sign,3
while,2
unset,16
posts,14
NguloWafMcMDmz,1
mrITcnODXcvMfoonBXeD,2
flXoup,48
afeffc,8
that,25
cPZUMx,48
faster,2
republicfinlandgreecehungaryicelandindiairelandjapanmalaysiamexiconew,3
www,39
than,3
UeyY,1
me,14
zGpD,8
VFpZFlMlZpZTJaWVyMWFpchhaGhvaHNoZWl,2
GieMuLljOrqnVpRAwzVP,16
different,1
locked,1
mj,1
SamsungMobileUS,1
IMaqkpQwasYgxLzCd,63
SGDuagzxDwpseKWa,1
eAXMmR,6
months,3
ms,3444
virginiawyoming,3
Terms,1
eLfEZO,8
my,18
Redditor,1
LjXejbQUGZLYHYO,2
VukYxlUdnQsNHYigv,6
ZVRJCHgekfYoZE,2
relevant,1
amazon,2
gsAkihQliBnDybgyjghy,8
cXWsSf,8
nc,1
focused,24
popularThe,6
disc,8
KYCJNwYmvpFMozcn,8
Giant,1
carolinanorth,3
no,31
code,74
keys,24
appKObqWfRHreWBKV,7
eeIiOR,6
recipe,1
box,3710
ny,8
bDfMgc,1
total,1
daff,8
FcpdQwjwRwkXNiZubx,8
kiEVp,8
of,62
lfgtnI,6
loser,1
ol,56
bfhcbz,8
om,1
OhjSaXQOG,14
on,38
keyboard,8
YygLa,8
edwOQM,8
kPhotographyr,2
pretty,1
cTrNkD,1
or,5
src,12
kgjZeqYSkBzbGwBt,1
social,1
yjYnCjkWtjpibBncel,1
cross,1
pY,1
control,1
kbd,8
families,3
qIQBUOWeEZoeAxNe,8
UxT,14
tErWIxEKrIOkozPsJ,8
OtOUaGIjjpcNJMUxme,14
HJpaEPiVNqSsAddp,16
agoThere,2
zLylbOLqdzGCJhdkEVQ,1
agoThis,1
pSfbdtavABCVdrie,1
Friends,1
px,13057
mnNoVlcxHul,1
REdLXFmpSjmoeNFnQI,1
KNDLfQliLnvydBdNi,1
GoDEUydl,16
qc,8
nlSSvSuwdSdhODOLD,4
Craftsman,1
Remember,1
Never,1
reddit,67
jEmGBe,24
nMkzHmBctirluJKfGFl,8
rZYMDxYgRcSSpODO,61
biYoFBDCLgOvrrHinV,8
agoITAP,1
they,3
old,5
BOHMLKbTXNddgEre,8
XmngqAPKZOlDBwcQrR,7
them,8
then,7
YIRdG,4
remaining,1
smWohactkPgSOwTF,14
coinsreddit,8
notreallyryannjust,1
fuGY,8
rd,1
re,5
cmrYJI,7
concepts,1
SLDAWwVpxZysgrdeBe,48
ProfileComments,7
Anyways,1
sP,3
sub,17
IyvWL,8
Boiu,1
tDEnGMLxpMuOakaDB,8
knRNIIXdSFCIeFNJL,16
GCoZTwJWHSwNZwlHk,8
lstWgw,1
seek,1
cfqttCbwNBqdqxRi,1
seen,1
sup,16
Saddle,1
sc,1454
se,1
Flames,1
current,1
unfunny,1
MrLovensu,1
bcFbiE,8
sj,8
emmawiiwiiwii,4
Obstructed,4
audio,8
JBkpBFOZMZIPrFyNfH,16
bNhwTD,133
so,4
st,1
eMLfYp,24
storm,3
lJpVPojFSARusRZh,16
svg,144
hxpTao,8
xGvCUdyxRoHrBdgiFw,16
DsZfIARfX,14
one,4
started,2
soulv,8
xXaBnLDbsDtzrE,8
headtagstart,8
td,32
lILakmfAauhnUzHzjLJ,7
Nero,1
pull,1
th,33
GPdXBODxJwehVvRx,14
rBuuOwPxb,1
Ghost,1
to,192
Cowboybenbob,3
tr,24
fbjcbG,56
story,1
tt,8
but,14
tv,1
UCZhtPodMyJ,8
swh,8
jEbHrUmHtMsZcfN,8
QOQumYHGIfrXAxK,1
dbcff,8
interviews,1
horizontal,326
PEugEpCjwdrGhDpWxgPL,6
ul,56
YMDoIltkTaZemWTSYki,8
details,25
up,7
TmKFfsfcWIwUcmgnjfU,1
IEDcFIIsTeXsZtKZGzUd,24
us,1
bqxCsD,32
cringy,1
UiOKrdA,13
LdXA,1
AdYo,1
Calgary,1
PfYuDtunAwYpvtmvOb,16
this,13
qwaDrnfRAzcZzb,16
mUmrgWesSKSmZhQEjWV,4
UJGTKmHdTVKyOdhiMAJ,4
cRyTPG,24
YXvxrWbsDZuEvIuRKo,2
styleDISCUSSION,1
ve,5
vh,72
yViozmzcYBVJyNXzRj,1
purchased,1
sees,1
cdVyWKBXRxSNULLJt,7
know,6
jLUpnQtcAFXywKvq,8
vw,24
kid,4
ddcdbbcbdcfe,6
WXYqFVBTdrhCPpARDB,8
privacy,8
vertical,544
MBCfn,24
byA,8
appreddit,8
What,1
we,4
life,2
cShXro,8
Toys,1
fJQRaL,8
News,7
jgyHsD,32
RQKDFEcDSPoSjqHJ,21
missing,1
wp,1
amns,1
gay,1
normal,442
figure,24
agFJIMydbnUQiQTv,16
aMmEyKElEvJ,12
cases,2
orm,8
qEUIrGnKgnRiFcrko,5
nvXgRFhSQlYbbWFW,8
View,12
DPgxLRkxAKKLhMiFbPHK,12
elMVRYfkbHdFTihhlUK,1
bLZqei,1
DnDk,1
GnWcYGPzeZrzsiQfo,16
vaccine,3
YnhQ,16
hByYfq,40
location,4
flexbox,999
desktopx,38
byu,58
JDtWiKygmlDDOxmx,6
Epic,4
comLearn,4
ya,1
none,1186
PgjqaVJtqkFQznMX,8
type,8
subscribersSubscribeaboutcareerspressadvertisebloghelpthe,7
oEWBXnmxccycbOzIeZ,1
Give,1
lltrhL,6
iEIcegvYgWgAjTR,1
seconds,2
VKXVQvAXOci,1
justify,385
dLslIwlkKHqIyKz,8
fMmdnUYPUbZGhGWbC,1
QgBKECuqpeRumRjYcP,7
asleep,1
gysLtkFcLBGUySVF,1
Haunting,1
between,97
ZseEDtQarFcCdCsPE,1
SRZNbVXzHIIMqGwlZD,8
YMkVrtrrdypfZVUkpIA,32
wife,1
Mono,20
intell,4
scroll,18
smdsZEYcHZojNFUVR,1
dafedaec,8
fvJBCHcPNvMwoqKMJ,16
come,2
baseline,32
zf,2
Pardon,4
tJdrumngcuEpDk,1
YouTube,1
props,32
saat,2
Next,3
xZnOQmSlVijYuqHxGV,6
YXwyU,1
DmpnT,1
scared,1
PaSGhFVpZeIaYPl,8
Posters,1
scwfoiu,4
elHrJryfAxBUzuHsIhE,24
bJalgnxAZ,7
CPGEglbIACwQAnP,8
range,6
TtGNMQuRdiYPaxSOiIL,8
maebydroid,1
galler,1
jRVdNbfaLusfbHre,8
DDUUwhIWiQZZtZLBnv,16
tools,8
our,3
dQcRmW,24
FVCfsIPxXtlS,32
out,38
Mrs,1
kCqBrs,16
More,4
EcDxvD,8
ghost,5
seeing,3
MvcJWtVfXEuOFsdyUn,7
wVayyJvIMIDheMYra,8
oMZWtiIZfhIvZbyOR,1
get,4
dark,2
place,1
antialiased,8
Mork,1
ierARodrVMGHkKwTPE,1
foofighter,1
qdjUWMt,16
bigger,1
sfocs,32
HUZgjPtZfTmrPzKQhn,6
nosleep,1
SortHothotHothotnewcontroversialtoprising,1
baowkToROGVNRtMR,2
filter,64
help,2
hLrLjnEGRBCNcNMVQf,8
site,1
When,1
mtomsky,1
xvmxia,8
pXBOlTiSAMVSDuOrT,1
uppercase,238
Policy,2
GmDmzZpGZkSCQT,12
FFB,40
data,52
Disease,1
FFD,16
jsNcHmrnNEHRpSqktT,1
FFF,118
TBCGK,1
own,1
iRkLLvxarfGucHxhW,8
HTML,16
MkcRHDnYngvlVWgMMa,16
melanthonFollow,1
translate,152
VBuRiYmNRfa,16
jmRbSx,8
lockedDante,1
dnkMjLeThyGPEboAf,1
only,2
should,2
Smallpox,1
kjKnQFVUVrujMRQFJcM,1
like,4
xdViN,1
goes,1
accepted,2
vpolgVjVUdNQBlNsBS,1
PIKFetxHNIbedMhP,32
meyerweb,8
oFobGDmMTlVOWUWEzg,7
ztaAHYqZbZbLYMI,1
lLjEPPyxAGwTuk,1
agoHead,1
safe,1
Trending,13
baTchWulJGRusWn,3
eKSQVO,1
send,1
JackmanWorksFollow,1
Inc,8
dwmvbJ,8
here,9
youtube,1
TFPC,69
BxsVlFspHwPlgMaHt,1
Oqfmv,1
week,2
line,1420
sourceMappingURL,93
SAT,3
scale,370
Hopkins,1
HxWPuHAzOW,8
Reason,1
jrARZj,3
agoComments,3
wildcard,1
Donald,1
can,7
flex,5545
IvqNecqNVXcMFxFWFxx,28
eApJFbdrJzYJzLCkgj,12
said,3
player,40
AmqaWXRxqXAjmjQwE,1
will,32
siFJBkXtYGgVfEgR,2
JhbrLSCwywCqswsjUAzS,2
MackWeldon,2
EuXvlGwlpnzkivasG,7
mnkowSpWfalqpF,16
rQURIyWXPMKyzTsJVhS,2
statesalaskaalabamaarkansasarizonacaliforniacoloradoconnecticutdistrict,3
really,5
hampshirenew,3
UebPof,8
wild,1
wFkqXecxkPkwrAHk,8
wQQNkVRqNpQCzAXB,7
