https://www.cpp.edu/faculty-staff-gateway/index.shtml,113
https://www.cpp.edu/~alumni/,134
https://my.cpp.edu,95
http://www.reddit.com,88
https://www.reddit.com/new/,85
https://en.wikipedia.org/wiki/Late_Pleistocene,301
https://www.reddit.com/register?dest=https%3A%2F%2Fwww.reddit.com%2F,9
https://www.cpp.edu/~cppmag/building-a-better-california/the-american-dream.shtml,24
https://en.wikipedia.org/wiki/File:Collage_of_Nine_Dogs.jpg,261
https://en.wikipedia.org/wiki/Dog#p-search,2736
http://en.wikipedia.org/wiki/Dog,2736
https://en.wikipedia.org/wiki/Dog_breed,751
http://www.cpp.edu,73
https://en.wikipedia.org/wiki/Canidae,2006
https://www.cpp.edu/prospective-student-gateway/index.shtml,133
https://www.cpp.edu/index.shtml,73
https://www.cpp.edu/student-gateway/index.shtml,137
https://en.wikipedia.org/wiki/Dog#mw-head,2736
https://www.reddit.com/controversial/,84
https://www.reddit.com/login?dest=https%3A%2F%2Fwww.reddit.com%2F,4
https://www.reddit.com/original,119
https://www.reddit.com/top/,88
https://en.wikipedia.org/wiki/Before_Present,326
https://www.cpp.edu/#main,73
http://polycentric.cpp.edu/2019/03/spring-pizza-with-the-presidents-on-march-21/,135
https://www.reddit.com/,88
https://en.wikipedia.org/wiki/Wikipedia:Protection_policy#semi,704
https://www.reddit.com/hot/,88
https://en.wikipedia.org/wiki/Dog_(disambiguation),196
https://www.reddit.com/r/all,86
