the,2258
of,1947
and,1661
to,1027
a,971
in,899
dogs,864
dog,740
The,470
is,426
that,419
with,419
as,402
are,399
from,392
A,391
for,373
or,348
Dog,347
on,346
M,344
by,302
s,284
doi,263
C,262
have,260
Mya,240
ext,227
P,226
be,222
Dogs,221
PMID,203
L,201
breeds,201
In,187
protection,186
not,185
b,183
Retrieved,181
page,177
ISBN,174
fox,170
G,167
an,166
their,165
J,164
wolf,164
S,161
H,150
at,148
been,144
Canis,144
other,140
human,139
mongoose,136
Wikipedia,134
more,131
humans,131
has,130
wolves,130
also,130
can,127
which,124
American,122
may,120
edit,120
domestic,119
D,112
B,110
were,109
seal,108
V,107
such,107
breed,107
study,105
Template,104
E,102
talk,102
pp,101
years,97
e,96
time,96
protected,94
Press,94
than,93
pet,88
cat,88
species,86
was,86
User,86
some,86
p,85
this,84
it,83
F,82
R,82
pages,82
University,80
gadget,80
civet,76
New,75
Journal,74
between,74
size,74
K,73
animals,72
N,71
article,71
only,71
most,71
changes,70
one,70
Archived,68
PMC,68
they,67
found,67
African,67
c,66
j,66
T,65
who,65
animal,64
This,63
original,63
should,63
its,62
when,62
Main,62
history,61
but,61
gray,60
first,60
use,59
org,59
health,59
many,58
North,58
family,58
Animal,57
genet,56
weasel,56
World,56
U,55
them,55
into,55
there,55
d,54
lupus,54
Genus,54
social,54
after,53
Science,51
user,51
PDF,51
people,51
familiaris,50
canids,50
otter,48
pets,48
badger,48
O,47
ed,47
Bibcode,47
July,47
June,47
domestication,47
Canidae,47
Pet,47
any,47
two,46
year,46
using,46
used,46
usage,46
See,45
Vulpes,45
America,45
European,45
users,44
do,44
fur,44
palm,44
like,44
W,43
known,43
meat,43
include,43
same,42
including,42
December,42
August,42
litter,42
information,41
February,41
Archive,41
genetic,41
Health,41
domesticated,41
ago,41
uls,40
As,40
those,40
skunk,40
mediawiki,40
over,40
each,39
articles,39
these,39
during,39
template,39
called,38
United,38
policy,38
behavior,38
com,37
An,37
different,37
History,37
modern,37
will,37
Human,37
all,37
wikipedia,36
th,36
jpg,36
South,36
about,36
hunting,36
cats,36
Western,35
semi,35
female,35
new,35
States,35
body,35
through,35
being,34
It,34
Pleistocene,34
January,34
confirmed,34
Asian,34
Veterinary,34
Oxford,34
ISSN,34
population,34
increased,34
shows,33
Research,33
administrators,33
May,33
group,33
Breeds,33
benefits,33
large,33
Further,33
eating,32
long,32
spotted,32
often,32
links,32
bear,32
For,32
Kennel,32
York,32
canine,32
jackal,31
Usage,31
food,31
count,31
Society,31
related,31
Cambridge,31
view,31
Museum,31
sea,31
n,30
These,30
dates,30
Behavior,30
ability,30
breeding,30
dating,30
live,30
Shepherd,30
where,30
see,30
I,29
version,29
variation,29
List,29
September,29
Commons,29
templates,29
age,29
editing,29
common,28
puppies,28
evidence,28
vandalism,28
Biology,28
marten,28
nosed,28
early,28
before,28
would,28
October,28
init,28
striped,28
tailed,28
Wikimedia,28
l,27
golden,27
under,27
content,27
no,27
million,27
had,27
Ancient,27
Black,27
British,27
well,27
Domestic,27
mythology,27
non,27
groups,27
Z,26
They,26
due,26
Smith,26
John,26
although,26
Origin,26
Club,26
April,26
pending,26
site,26
physical,26
among,26
because,26
File,26
genes,25
short,25
Canine,25
male,25
Late,25
Asia,25
while,25
considered,25
Quaternary,25
world,25
part,25
associated,25
Wayne,25
Evolution,25
both,25
X,24
carnivores,24
Carnivora,24
widely,24
back,24
logged,24
likely,24
Large,24
disease,24
present,24
dingo,24
Eurasian,24
level,24
What,24
Small,24
less,24
March,24
Book,24
lion,24
days,24
assisted,24
listed,24
shelters,24
behaviors,24
Lycalopex,23
least,23
CS,23
black,23
form,23
four,23
Eastern,23
up,23
larger,23
However,23
small,23
vary,23
available,23
mountain,23
pack,23
Some,23
practice,23
ancient,23
English,23
Species,23
National,23
Animals,23
Family,23
News,23
behaviour,23
average,22
includes,22
MB,22
mixed,22
Social,22
standard,22
you,22
edits,22
showed,22
number,22
canid,22
report,22
Policy,22
example,22
three,22
Behaviour,22
Striped,22
Wolves,22
Australian,22
maint,22
Natural,22
review,22
Islands,21
shown,21
therapy,21
China,21
community,21
de,21
Ostrander,21
evolution,21
Genetics,21
Conservation,21
Pending,21
developed,21
century,21
inbreeding,21
When,21
Nature,21
Indian,21
effects,21
own,21
wild,21
cause,21
file,21
kill,21
interactions,21
x,20
Navigation,20
made,20
polecat,20
Wang,20
DNA,20
authors,20
Spotted,20
James,20
expansion,20
ng,20
Serpell,20
depth,20
Unstrip,20
last,20
ferret,20
RLPAGEMODULES,20
estimated,20
types,20
inclusive,20
Inc,20
applied,20
visualEditor,20
Early,20
science,20
Jump,20
Privacy,20
expand,20
node,20
support,20
problem,20
interface,20
general,20
centralNotice,20
tail,20
parser,20
living,20
children,20
role,19
m,19
reported,19
extinct,19
Gya,19
Domesticated,19
show,19
Coat,19
adult,19
Medical,19
research,19
significantly,19
wide,19
German,19
link,19
period,19
request,19
within,19
protect,19
range,19
distinct,19
g,18
Their,18
bred,18
roles,18
remains,18
chocolate,18
died,18
cm,18
if,18
Sciences,18
guardians,18
People,18
names,18
his,18
eared,18
Cultural,18
Nyctereutes,18
administrator,18
purebred,18
Edit,18
bite,18
mmv,18
mammals,18
survival,18
Although,18
More,18
median,18
cultures,18
ownership,18
bites,18
Red,17
editors,17
Ecology,17
relationship,17
apply,17
If,17
below,17
forms,17
Other,17
From,17
et,17
lb,17
Brown,17
West,17
based,17
Southern,17
individuals,17
high,17
David,17
Golden,17
Scientific,17
provide,17
Protection,17
Island,17
First,17
Breed,17
radiocarbon,17
search,17
International,17
home,17
subspecies,17
red,17
Gray,17
depictions,16
result,16
order,16
Prevention,16
memory,16
Mountain,16
coati,16
training,16
length,16
Leopard,16
Extended,16
reproduction,16
leopard,16
kusimanse,16
kg,16
head,16
registered,16
London,16
so,16
Communication,16
Adam,16
edited,16
populations,16
weight,16
phenotypic,16
hog,16
how,16
free,16
Caninae,16
East,16
Foundation,16
popular,16
however,16
Companion,16
Publishing,16
Ethiopian,16
still,16
selection,16
visible,16
lynx,16
origin,16
vector,16
longevity,16
Cape,16
Urocyon,16
Reproduction,16
Japanese,16
together,16
Genome,16
feral,16
Robert,16
move,16
Wozencraft,16
Chinese,16
became,15
journal,15
possible,15
psychological,15
Print,15
Mech,15
BP,15
companion,15
Is,15
companionship,15
starch,15
js,15
communication,15
then,15
unregistered,15
editor,15
Order,15
appearance,15
death,15
Indo,15
significant,15
guard,15
How,15
cycle,15
consumed,15
teeth,15
prey,15
led,15
title,15
referred,15
genome,15
fully,15
color,15
Common,15
cases,15
Chicago,15
Wildlife,15
About,15
Williams,15
Guinness,15
diversity,15
depression,15
highly,15
nature,15
f,14
i,14
Richard,14
Search,14
Sci,14
raccoon,14
make,14
Canids,14
Elaine,14
hunter,14
females,14
white,14
US,14
al,14
genus,14
en,14
Middle,14
https,14
Wilson,14
Guide,14
type,14
Encyclopedia,14
House,14
problems,14
post,14
Suborder,14
individual,14
Michael,14
does,14
Interaction,14
usually,14
structure,14
indicated,14
identifiersWikipedia,14
Lycaon,14
pure,14
data,14
Most,14
King,14
list,14
disambiguation,14
per,14
Cynologie,14
Andrew,14
additional,14
owned,14
Herding,14
Genetic,14
Cuon,14
Mammals,14
art,14
set,14
capable,14
herding,14
friend,14
Schweizer,14
BBC,13
half,13
divergence,13
Cerdocyon,13
abilities,13
Larson,13
Wisconsin,13
aureus,13
There,13
tend,13
right,13
did,13
included,13
Australia,13
disorders,13
Raccoon,13
countries,13
Free,13
diet,13
keeping,13
relationships,13
mw,13
City,13
recent,13
sa,13
almost,13
land,13
Northern,13
Origins,13
Latin,13
Bradley,13
carnivore,13
epoch,13
Dynamic,13
today,13
longer,13
important,13
upper,13
once,13
following,13
owners,13
function,13
down,13
shortcutsWP,13
man,13
Hyaena,13
rich,13
around,13
nearly,13
Speothos,13
lived,13
Administrators,13
Crab,13
coat,13
Bulletin,13
admixture,13
dark,13
Requests,13
Humans,13
service,13
Population,13
gives,13
Not,13
Council,13
light,13
Medicine,13
member,13
film,13
Publications,13
Russia,13
Purebred,13
Siberian,13
eyes,13
sex,13
normal,13
straight,12
multiple,12
toxocariasis,12
footed,12
extant,12
Information,12
singing,12
expression,12
cardiovascular,12
Cognition,12
work,12
across,12
Pinniped,12
Machine,12
By,12
Cc,12
Guinea,12
era,12
ancestors,12
another,12
UK,12
various,12
language,12
attacks,12
he,12
Yellow,12
Central,12
England,12
Short,12
late,12
her,12
hyena,12
ovulation,12
sometimes,12
Korea,12
killed,12
guidelines,12
Records,12
best,12
communicate,12
White,12
Angolan,12
contact,12
canines,12
majority,12
guardian,12
disruption,12
scent,12
making,12
Mammalia,12
items,12
full,12
means,12
Your,12
varies,12
Tibetan,12
injuries,12
capabilities,12
foundations,12
media,12
Boitani,12
risk,12
lives,12
organization,12
levels,12
Intelligence,12
nigripes,12
acute,12
very,12
Inbreeding,12
indicating,12
Humane,12
working,12
actions,12
given,12
major,12
Banded,12
emotional,12
seals,12
instance,12
selected,12
One,12
assistance,12
agree,12
linsang,12
French,12
until,12
care,12
affecting,12
several,12
Elsevier,12
Giant,12
mental,12
conditions,12
Wayback,12
olingo,12
village,12
response,12
Q,11
t,11
ranging,11
Phlaocyon,11
terrestrial,11
further,11
term,11
livestock,11
Peter,11
subject,11
Natur,11
edu,11
Holocene,11
skills,11
way,11
great,11
alpinus,11
Malagasy,11
expiry,11
loader,11
tools,11
scale,11
much,11
success,11
External,11
calls,11
notice,11
headed,11
Gal,11
Freedman,11
Sheepdog,11
Jackson,11
reason,11
Association,11
You,11
projects,11
Tools,11
total,11
control,11
throughout,11
lead,11
behavioral,11
primary,11
Taxonomy,11
Creative,11
navigation,11
failed,11
Biological,11
Attribution,11
Annual,11
Martin,11
lower,11
generally,11
old,11
out,11
licensed,11
Xiaoming,11
Books,11
members,11
rufus,11
pre,11
Radiocarbon,11
since,11
Create,11
Longevity,11
cannot,11
Bahasa,11
Silva,11
brachyurus,11
results,11
typically,11
big,11
India,11
Borophaginae,11
natural,11
better,10
All,10
Group,10
attack,10
enter,10
tvjl,10
areas,10
load,10
entities,10
secondsLua,10
accountLog,10
band,10
Sun,10
fileSpecial,10
Source,10
generated,10
Borophagus,10
neuter,10
occurs,10
Transclusion,10
IP,10
litters,10
DRN,10
UTC,10
Committee,10
articleDonate,10
consensus,10
factor,10
categories,10
skins,10
addition,10
Arctic,10
startup,10
EOF,10
Post,10
Token,10
teahouse,10
limit,10
ms,10
rescue,10
geoIP,10
Cookie,10
Matthew,10
targetLoader,10
loaded,10
contentCurrent,10
reading,10
Ranging,10
navigationTiming,10
bytesTemplate,10
Zealand,10
Developers,10
bytesHighest,10
without,10
secondsReal,10
terriers,10
WikipediaWikipedia,10
extra,10
encyclopedia,10
discussion,10
Fossil,10
Personal,10
GND,10
wizard,10
Archaeology,10
morphological,10
menu,10
able,10
Osbornodon,10
compactlinks,10
Archaeological,10
Wikidata,10
Part,10
Bridgett,10
Study,10
portalRecent,10
watchlist,10
mwCached,10
Chapter,10
reportParsed,10
sources,10
eventsRandom,10
canis,10
pageContentsFeatured,10
Variants,10
lineage,10
Caniformia,10
loads,10
Kingdom,10
backed,10
ready,10
popups,10
ReferenceTooltips,10
Preprocessor,10
Evolutionary,10
involved,10
Like,10
desktopArticleTarget,10
Date,10
Disclaimers,10
Hesperocyoninae,10
Johnston,10
fear,10
sense,10
refToolbar,10
eventLogging,10
charinsert,10
Languages,10
recursion,10
Categories,10
WikipediaCommunity,10
recently,10
books,10
ages,10
HelpAbout,10
Contact,10
Tail,10
visited,10
pictus,10
specific,10
statement,10
Lua,10
searchSuggest,10
Thomas,10
Views,10
life,10
inTalkContributionsCreate,10
reveal,10
Thalmann,10
startUp,10
Expensive,10
Egyptian,10
wikimediaEvents,10
buttons,10
Namespaces,10
predators,10
requirements,10
conformation,10
Mobile,10
distinguish,10
except,10
vonHoldt,10
changesContact,10
reduced,10
centralautologin,10
jsoup,10
toolbar,10
secondsPreprocessor,10
smaller,10
Series,10
archaeological,10
Long,10
Mark,10
flesh,10
described,10
bytesNumber,10
profit,10
switcher,10
compared,10
eventlogger,10
Cache,10
Chrysocyon,10
Wikibase,10
store,10
argument,10
centralauth,10
standards,9
h,9
readers,9
w,9
cancer,9
toc,9
syndrome,9
Ann,9
Are,9
Art,9
Polynesia,9
Diego,9
feces,9
coats,9
requires,9
Amsterdam,9
bengalensis,9
changesUpload,9
TFH,9
retrieved,9
brown,9
text,9
status,9
hypersociability,9
magnetic,9
bootstrap,9
Ad,9
http,9
Ed,9
gates,9
end,9
shape,9
Top,9
coyote,9
Mammal,9
MD,9
estrus,9
NJ,9
Behavioral,9
Eucyon,9
overpopulation,9
Olaf,9
WP,9
trademark,9
informationWikidata,9
Mythology,9
hunt,9
oldid,9
Handbook,9
ShareAlike,9
patterns,9
disputes,9
become,9
Lanham,9
settlement,9
Use,9
dish,9
bridge,9
poisoning,9
si,9
terms,9
Udell,9
help,9
Disease,9
Vet,9
WHO,9
here,9
bookDownload,9
persistent,9
Molecular,9
god,9
Jewish,9
lack,9
understand,9
Americas,9
prevents,9
abundant,9
Religion,9
hereRelated,9
Neutering,9
Mastiff,9
having,9
Web,9
Bytes,9
Why,9
reveals,9
vision,9
Aelurodon,9
Advances,9
Chordata,9
basal,9
Atlas,9
value,9
Gompper,9
Mikl,9
falseCPU,9
acid,9
Pampas,9
pregnancy,9
estimates,9
Irish,9
Stanley,9
terrier,9
Neptune,9
complex,9
parts,9
euthanized,9
Sled,9
Contents,9
Proto,9
Terms,9
Before,9
key,9
place,9
studies,9
Its,9
export,9
society,9
Multiple,9
Dingo,9
Academic,9
Cynarctoides,9
source,9
homes,9
pagesPermanent,9
initial,9
past,9
Animalia,9
Linnaeus,9
foxes,9
Because,9
height,9
supports,9
bitten,9
coarse,9
Category,9
decreased,9
Otocyon,9
Fine,9
Commission,9
Guard,9
keep,9
corsac,9
PDFPrintable,9
Atelocynus,9
index,9
indefinitely,9
Wynne,9
Phylum,9
Laika,9
toxic,9
survey,9
Christian,9
cognitive,9
twelve,9
Another,9
solve,9
Tedford,9
yearly,9
View,9
presence,9
come,9
Reviews,9
According,9
theoretical,9
vulpes,9
Asiatic,9
allowing,9
sister,9
Daniel,9
analysis,9
Beuren,9
analyses,9
perform,9
lifespan,9
License,9
Neo,9
php,9
attributes,9
estrous,9
program,9
infection,9
process,9
account,9
California,9
hearing,9
variants,9
millennia,9
heart,9
every,9
omnivores,9
published,9
accidents,9
solving,9
autostart,9
Text,9
strangers,9
suggested,9
genomic,9
Psychology,9
taste,9
Emily,9
males,9
run,9
mother,9
name,9
Class,9
Work,9
Lord,9
latrans,9
HSUS,9
Colin,9
change,9
closely,9
extended,9
reviewer,9
linkPage,9
responses,9
Babylonian,9
Y,8
k,8
good,8
Age,8
itemCite,8
pine,8
BNF,8
warring,8
earliest,8
day,8
Coatis,8
Bay,8
der,8
PLOS,8
dwarf,8
main,8
uncommon,8
Mortality,8
needed,8
Zhang,8
oyan,8
instead,8
appropriate,8
BC,8
immediately,8
fasciata,8
need,8
Do,8
Hidden,8
Toh,8
television,8
features,8
Feral,8
derived,8
elephant,8
slender,8
rk,8
ux,8
panda,8
create,8
Blanford,8
References,8
cinerea,8
tails,8
approach,8
particularly,8
policies,8
Hound,8
concolor,8
hdl,8
Fan,8
wildcat,8
point,8
haplotype,8
could,8
flavescens,8
putorius,8
anthus,8
Therapy,8
Page,8
characteristics,8
Description,8
jubatus,8
Hooded,8
weeks,8
Protected,8
cite,8
Marbled,8
jas,8
Lindblad,8
frequently,8
Great,8
Mitochondrial,8
Hog,8
traits,8
benefited,8
Leonard,8
Ring,8
mortality,8
Modern,8
especially,8
blocked,8
Reference,8
Uses,8
guarding,8
littoralis,8
tigrina,8
procyonoides,8
Caracal,8
grison,8
javanensis,8
particular,8
falanouc,8
whose,8
mink,8
Fossa,8
legal,8
month,8
classification,8
Behavioural,8
Marco,8
badgers,8
ArticleTalk,8
dhole,8
sibirica,8
belowFamily,8
packs,8
stink,8
Street,8
contains,8
sled,8
against,8
enhancements,8
tool,8
Darwin,8
territory,8
automatically,8
Sarah,8
Coppinger,8
what,8
capensis,8
Today,8
Livestock,8
Upload,8
eventually,8
NDL,8
cristata,8
pups,8
cont,8
canadensis,8
Malayan,8
date,8
proposed,8
Attack,8
your,8
Rusty,8
even,8
Africa,8
Review,8
Sunda,8
Flat,8
represent,8
commonly,8
relatively,8
Complete,8
Old,8
venaticus,8
Subfamily,8
pagos,8
ursinus,8
clubs,8
trade,8
normally,8
necked,8
pgen,8
Hunting,8
Cascading,8
monk,8
bond,8
Basa,8
case,8
display,8
pixels,8
practices,8
river,8
six,8
Example,8
Working,8
hounds,8
lowland,8
quicksurveys,8
Howell,8
files,8
posture,7
o,7
r,7
Present,7
protecting,7
toy,7
Angela,7
cinereoargenteus,7
Butler,7
Pedro,7
Internationale,7
Genomes,7
Tiger,7
annurev,7
later,7
hyaena,7
ferox,7
nursing,7
Bush,7
benefit,7
themselves,7
GBIF,7
Korean,7
Taxonomic,7
Can,7
Meat,7
walking,7
microtis,7
stop,7
Clutton,7
Be,7
PLoS,7
mating,7
Cynarctus,7
bullae,7
represented,7
PNAS,7
clothing,7
Vi,7
grey,7
PLoSO,7
issues,7
double,7
older,7
Day,7
Assistance,7
outside,7
effect,7
Johann,7
attention,7
lagopus,7
needs,7
disputed,7
Douglas,7
Brock,7
places,7
www,7
Krause,7
sports,7
reasonable,7
military,7
Rena,7
engaging,7
recognized,7
subpage,7
novel,7
Eskimo,7
loyalty,7
bush,7
Interactions,7
difference,7
must,7
religion,7
chama,7
War,7
carbon,7
Size,7
periods,7
Johnson,7
selectively,7
pointer,7
functional,7
oldest,7
MediaWiki,7
gatherers,7
pone,7
persons,7
Paul,7
Heidi,7
ferrilata,7
testing,7
modified,7
pagesWikipedia,7
barking,7
ligament,7
taken,7
detection,7
thous,7
Greek,7
largely,7
Conformation,7
Reflist,7
Wiley,7
Europe,7
parents,7
mastiff,7
raised,7
molar,7
Anatomy,7
demonstrate,7
Police,7
NewPP,7
feeding,7
relatives,7
November,7
subfamily,7
Aging,7
Detection,7
medical,7
aspects,7
Training,7
Life,7
Cook,7
low,7
evolved,7
adustus,7
Hyaenidae,7
depicted,7
shared,7
William,7
Control,7
Juan,7
believed,7
Sports,7
similar,7
simensis,7
Germonpre,7
Comparative,7
certain,7
mesomelas,7
culpaeus,7
puppy,7
Scribner,7
gestation,7
reporting,7
off,7
months,7
brief,7
Alex,7
OCLC,7
proportions,7
Dhole,7
Malabar,7
contributing,7
ONE,7
latest,7
Giemsch,7
Current,7
ITIS,7
knowledge,7
transcluded,7
Proceedings,7
take,7
dingoes,7
primarily,7
registries,7
song,7
Foxes,7
global,7
Diseases,7
reasons,7
spay,7
space,7
Hounds,7
fossil,7
intervention,7
Schmitz,7
prevent,7
incapable,7
system,7
Cynologique,7
retain,7
Biosciences,7
always,7
ration,7
Portal,7
becoming,7
Marc,7
Pages,7
born,7
Zhenxin,7
Susanne,7
viewed,7
office,7
mutations,7
Islamic,7
buried,7
glacial,7
Perri,7
bitch,7
hair,7
said,7
smooth,7
category,7
guards,6
Diet,6
Selection,6
Muthappan,6
serious,6
sand,6
Shelby,6
taking,6
block,6
morphology,6
top,6
Overpopulation,6
Sablin,6
Ilana,6
Archives,6
metabolism,6
chicken,6
Dominic,6
stable,6
respond,6
Carpocyon,6
weighed,6
Mesopotamia,6
creation,6
services,6
watch,6
measured,6
jackals,6
specifically,6
Semi,6
dated,6
Oscar,6
Bat,6
citations,6
Archaeocyon,6
Koch,6
states,6
Illustrated,6
Miocene,6
uterus,6
balance,6
url,6
Pacific,6
brood,6
varieties,6
Canadian,6
assisting,6
wellbeing,6
Differences,6
Bekoff,6
wool,6
look,6
Ward,6
separated,6
lost,6
preliminary,6
Dusicyon,6
forehead,6
Arbitration,6
uniquely,6
grays,6
Cat,6
scientific,6
parameter,6
browns,6
CA,6
sRom,6
severe,6
Bibliography,6
DJ,6
Janet,6
EV,6
useful,6
El,6
slightly,6
education,6
Chow,6
Brubaker,6
II,6
Swift,6
weapons,6
JH,6
temperament,6
Bites,6
MV,6
elderly,6
rabies,6
Abou,6
DVM,6
withers,6
voices,6
Meyer,6
Accredited,6
SX,6
describe,6
Saint,6
Scott,6
Fadl,6
developing,6
To,6
museum,6
classes,6
war,6
Toxocariasis,6
Survival,6
Friend,6
Foods,6
Del,6
ancestor,6
fennec,6
Definitions,6
phosphatase,6
never,6
limbs,6
attuned,6
alert,6
portal,6
Temple,6
Kresnow,6
genera,6
second,6
Kerala,6
Range,6
increasingly,6
longevities,6
Juliet,6
McNicholas,6
us,6
Welsh,6
susceptible,6
continued,6
Kartzinel,6
anbehav,6
Vil,6
LCCN,6
sciadv,6
Bourbonnais,6
Eli,6
Ilan,6
Vol,6
deleterious,6
Organisation,6
Plants,6
Era,6
guk,6
Injury,6
Clinical,6
Lifespan,6
whether,6
Library,6
sympatric,6
Wilkins,6
megalotis,6
pnas,6
incontinence,6
Stephen,6
coloring,6
Article,6
Feb,6
griseus,6
zerda,6
Seizure,6
potential,6
camps,6
Genes,6
Genet,6
infarction,6
attachment,6
Laura,6
Times,6
dental,6
variationThe,6
Tomas,6
Clive,6
thrive,6
averaged,6
myocardial,6
accompanied,6
anatomy,6
stillborn,6
Marques,6
Vietnam,6
Myth,6
Palau,6
GFDL,6
fulvipes,6
sensory,6
hypocrisy,6
household,6
Gronau,6
Smithsonian,6
HDS,6
safety,6
Maned,6
isolated,6
Coren,6
Known,6
clearly,6
Ecclesiastical,6
paper,6
hookworms,6
Lauren,6
indicators,6
Enhydrocyon,6
Pliocene,6
Islam,6
close,6
rural,6
Bengal,6
Wanser,6
exclusion,6
powerful,6
removed,6
Ramirez,6
hypothesis,6
Leroy,6
Aboriginal,6
Roles,6
Shelters,6
housing,6
either,6
Predators,6
Green,6
Sharp,6
Espa,6
Studies,6
Terminology,6
tribes,6
influence,6
recessive,6
contain,6
Flickr,6
Stahler,6
signs,6
Structural,6
split,6
isotopes,6
directly,6
Dictionary,6
Sechuran,6
Citejournal,6
earth,6
doghouse,6
Ortega,6
Frederick,6
sire,6
dispute,6
aggression,6
parks,6
While,6
police,6
Sinsheimer,6
Koreans,6
others,6
Cuisine,6
vocalization,6
Extant,6
Minnesota,6
Eocene,6
produce,6
minor,6
Education,6
law,6
night,6
smell,6
acquired,6
cascading,6
Oligocene,6
diabetes,6
Critical,6
experience,6
dingos,6
Compared,6
Hogan,6
added,6
ASPCA,6
Lisa,6
Lopez,6
rather,6
Alzheimer,6
velox,6
clades,6
field,6
acprof,6
Cruelty,6
Chris,6
lists,6
ovaries,6
above,6
Office,6
association,6
Monique,6
roughly,6
Kit,6
ranges,6
poisonous,6
theobromine,6
households,6
Appreciation,6
Annwn,6
Newfoundland,6
Extra,6
omnivore,6
Whisperer,6
Facilities,6
Little,6
Home,6
Bluey,6
Litchfield,6
losses,6
gaejang,6
took,6
Lee,6
risks,6
shoulder,6
Coyote,6
haired,6
Canid,6
MRI,6
direct,6
refers,6
Ltd,6
along,6
uses,6
nyi,6
nickname,6
faithfulness,6
image,6
kept,6
resulting,6
Prussia,6
Senses,6
Bonet,6
Siberia,6
aiding,6
assist,6
Yama,6
treated,6
Galaverni,6
learning,6
competition,6
oso,6
copy,6
Vila,6
development,6
recovery,6
Move,6
cognition,6
exposure,6
flight,6
talking,6
carnassial,6
blue,6
amounts,6
enormous,6
remove,6
Sloven,6
Elizabeth,6
robust,6
competitions,6
skull,6
followed,6
Shuldiner,6
Andrea,6
Telegraph,6
Estimates,6
Derr,6
placing,6
Competitors,6
Sacks,6
incidence,6
Leptocyon,6
Phylogenetic,6
series,6
macrotis,6
Root,6
Functional,6
Hart,6
longest,6
natur,6
Dominican,6
positive,6
task,6
dangerous,6
Chronology,6
Changes,6
sechurae,6
underlie,6
pulling,6
programs,6
trainers,6
plants,6
Janowitz,6
infections,6
Aubrey,6
Pitcairn,6
Out,6
reduces,6
established,6
covered,6
Groves,6
Toxocara,6
Author,6
aaf,6
qualities,6
Khaled,6
Carlos,6
muscles,6
eggs,6
identifiers,6
Rebecca,6
Carles,6
increases,6
Wolf,6
Many,6
curly,6
cana,6
UMaine,6
images,6
SciA,6
simple,6
percentage,6
Applied,6
chemical,6
Statistics,6
eyed,6
Nutrition,6
ppell,6
Vecchyo,6
improved,6
mitochondrial,6
AKC,6
tradition,6
bmj,6
Geffen,6
chance,6
medication,6
Kustritz,6
closest,6
CSIRO,6
handler,6
Bulldog,6
societies,6
australis,6
Such,6
roundworm,6
gymnocercus,6
adults,6
consumption,6
scavengers,6
road,6
guide,6
sensitivity,6
tan,6
Literature,6
Blackwell,6
stereotypical,6
upload,5
Culpeo,5
Four,5
muscle,5
Wilcox,5
css,5
defined,5
Village,5
Bonnie,5
cub,5
probably,5
occurred,5
replaced,5
hound,5
migrated,5
island,5
Hardcover,5
Much,5
Parker,5
Sea,5
bodies,5
duration,5
Lacy,5
showing,5
Florida,5
maned,5
Sri,5
Canini,5
star,5
controlled,5
Koepfli,5
rapid,5
loss,5
van,5
Feists,5
Pharaoh,5
temporary,5
Disambiguation,5
Corsac,5
AD,5
reproductive,5
Where,5
neck,5
stud,5
De,5
During,5
Cockerpoo,5
noted,5
environment,5
USA,5
pallida,5
Record,5
Of,5
maintain,5
eye,5
St,5
Ti,5
System,5
Within,5
former,5
Webster,5
Distributed,5
Stone,5
rate,5
appeared,5
ka,5
documented,5
mm,5
autoconfirmed,5
origins,5
Files,5
calendar,5
single,5
Oriental,5
vr,5
Julian,5
Van,5
Hoary,5
rueppelli,5
Water,5
introduced,5
Waters,5
Global,5
visibility,5
young,5
Johns,5
Side,5
basis,5
units,5
measure,5
Olson,5
deletion,5
Diversity,5
Pakistan,5
active,5
talonid,5
waiting,5
decades,5
Pollinger,5
vetulus,5
Under,5
Fennec,5
Indonesia,5
Pale,5
ina,5
Lietuvi,5
signals,5
distance,5
Notes,5
Citebook,5
slenskaItaliano,5
gene,5
Wikispecies,5
bones,5
Tribe,5
national,5
indicate,5
entered,5
Mesocyon,5
Polish,5
vast,5
records,5
calibrated,5
accepted,5
namespace,5
legs,5
Metatomarctus,5
Basal,5
Young,5
Dryas,5
cooperation,5
coated,5
Point,5
clade,5
titles,5
Andean,5
Network,5
done,5
Helen,5
record,5
relative,5
existed,5
Citeweb,5
feet,5
Collie,5
Spitz,5
glands,5
sized,5
open,5
proposals,5
whole,5
prepared,5
imply,5
Gerontology,5
Domestication,5
copyright,5
Wiktionary,5
thousands,5
Style,5
locally,5
disabled,5
Gibbard,5
nor,5
now,5
Cozumel,5
Cebuano,5
marked,5
Antiquity,5
Carnivores,5
extinction,5
Upper,5
Types,5
arose,5
issue,5
library,5
Cancer,5
modules,5
cold,5
Bearded,5
Walkowicz,5
samples,5
wiki,5
core,5
nose,5
externally,5
ReadEditView,5
Bears,5
occurring,5
Ectopocynus,5
genetics,5
intended,5
Epicyon,5
Smooth,5
recognize,5
methods,5
consider,5
trying,5
inaSloven,5
Taylor,5
just,5
heavy,5
observable,5
serve,5
Hesperocyon,5
experienced,5
taxa,5
Afghan,5
Bookstore,5
unless,5
five,5
IUCN,5
zbekcha,5
Anno,5
Berger,5
artificial,5
requests,5
public,5
Greater,5
horses,5
southern,5
NCBI,5
Lanka,5
molecular,5
Patagonian,5
Abyssinian,5
padlock,5
album,5
Hedhammar,5
bad,5
documentation,5
strong,5
sample,5
ADW,5
little,5
deep,5
avoid,5
Catal,5
behind,5
requested,5
molars,5
Hopkins,5
independently,5
HemigalinaeChrotogale,4
energy,4
recallsDogs,4
BCE,4
Bourlon,4
require,4
Svante,4
Ralf,4
Spectacled,4
Indonesian,4
hand,4
Center,4
abyssinica,4
doginteraction,4
Paradoxurus,4
forsteri,4
jerdoni,4
provided,4
Gary,4
Crossbreeds,4
Rare,4
Biagi,4
Cormocyon,4
Molina,4
Ribbon,4
VaccinationTraining,4
guttulus,4
Barking,4
SNP,4
implications,4
pardus,4
Walrus,4
findings,4
Alt,4
eversmannii,4
Godinho,4
times,4
That,4
Major,4
flickr,4
albicauda,4
Stoat,4
state,4
clouded,4
Iberian,4
Haussa,4
platycephalus,4
GoldenRetrieverSammy,4
concept,4
Histriophoca,4
Hayes,4
warmth,4
leightoni,4
laLingua,4
Prohesperocyon,4
manul,4
survive,4
teacup,4
SighthoundsLaika,4
Beech,4
Owston,4
Zalophus,4
fulgens,4
Arctocephalus,4
critical,4
third,4
Sch,4
del,4
viewing,4
Simon,4
Bassariscus,4
Bison,4
going,4
Arab,4
Rough,4
Arctogalidia,4
bennettii,4
distinctive,4
Fisher,4
Kenneth,4
Hindu,4
thereafter,4
Columbia,4
Wade,4
ndez,4
Odobenus,4
cuja,4
Geoffroy,4
dmy,4
pardicolor,4
Viverra,4
cancrivorus,4
sheepdogs,4
strigidorsa,4
melleri,4
Otariidae,4
Spady,4
opposed,4
Nasuella,4
Reading,4
Argentina,4
divergent,4
Emotions,4
bieti,4
bans,4
Olinguito,4
Oncilla,4
Proschowsky,4
semistriatus,4
numbers,4
seven,4
Terrier,4
daycare,4
Ringed,4
moschata,4
indica,4
Belgium,4
Amazon,4
Vulpini,4
brunnea,4
guigna,4
Slender,4
meridensis,4
Coonhounds,4
tzebuergesch,4
eds,4
pygmaeus,4
Service,4
attacking,4
Dogos,4
Reeder,4
exception,4
optimal,4
allowed,4
visual,4
Geographic,4
Chin,4
At,4
CC,4
learn,4
CO,4
dybowskii,4
DG,4
Hairy,4
obtaining,4
von,4
Fu,4
collies,4
Macrogalidia,4
Eunjung,4
ReadYou,4
taxus,4
He,4
DOG,4
africana,4
Tomarctus,4
Lobodon,4
share,4
elegans,4
Jr,4
Serval,4
martes,4
planiceps,4
victoriae,4
Ma,4
Introduction,4
Malti,4
Franca,4
Relatives,4
Otocolobus,4
angolensis,4
Best,4
Two,4
RE,4
Volume,4
RL,4
continent,4
Potos,4
Galidictis,4
SA,4
Royal,4
TV,4
Genomics,4
Lontra,4
Years,4
Problem,4
Fishing,4
zoologists,4
Arctonyx,4
Wp,4
Durrell,4
Gulo,4
vison,4
Jonathan,4
wet,4
dominance,4
licence,4
meles,4
exceptions,4
produces,4
Cynictis,4
Earless,4
game,4
Euoplocyon,4
Helogale,4
reduction,4
ad,4
looking,4
formed,4
Eumetopias,4
bellied,4
bo,4
pusillus,4
Mongooses,4
outstanding,4
cf,4
Blocking,4
co,4
sites,4
Eupleres,4
perhaps,4
go,4
astutus,4
maritimus,4
Husky,4
Liberian,4
coincided,4
Neotropical,4
Shar,4
everetti,4
binotata,4
dire,4
la,4
suggests,4
license,4
Broad,4
Melursus,4
malayanus,4
Reports,4
intelligent,4
hispida,4
adaptation,4
Infraclass,4
Neovison,4
Setters,4
rd,4
Simple,4
sp,4
st,4
necessary,4
Salanoia,4
uL,4
separate,4
Otters,4
Restoration,4
edwardsii,4
suggesting,4
Paratomarctus,4
Taxidea,4
Oldest,4
Foster,4
Bdeogale,4
smithii,4
phase,4
force,4
Phoca,4
Crabeater,4
prone,4
Proteles,4
addresses,4
purposes,4
Rhynchogale,4
Mephitis,4
fossana,4
gambianus,4
selousi,4
frenata,4
thus,4
Procyon,4
Citing,4
groenlandicus,4
Kevin,4
recognizes,4
Hydrictis,4
kuhni,4
townsendi,4
crassicauda,4
weddellii,4
NZOR,4
Heritage,4
EoL,4
Diplogale,4
Pastoral,4
zibetha,4
named,4
maculata,4
Crocuta,4
entire,4
changing,4
underlying,4
coyotes,4
largha,4
zeylonensis,4
Johannes,4
servalina,4
servaline,4
melampus,4
earlier,4
affected,4
personata,4
High,4
civettina,4
tigrinus,4
arrangements,4
Somalian,4
Bounty,4
Crossarchus,4
needing,4
brush,4
Mustela,4
Wikisource,4
wiedii,4
sumichrasti,4
Palaeolithic,4
Meaning,4
Development,4
Ukraine,4
Saluki,4
hip,4
Mellivora,4
semitorquatus,4
kathiah,4
Retrievers,4
Arnold,4
Collared,4
cristatus,4
EPPO,4
visits,4
angustirostris,4
persisted,4
Dejong,4
anakuma,4
Ferrets,4
colocola,4
larvata,4
bulls,4
Pardofelis,4
Australasian,4
Bornean,4
Spaniels,4
Sulawesi,4
Elephant,4
Suricata,4
approximately,4
clawless,4
Aragon,4
acting,4
Helarctos,4
Practice,4
Tremarctos,4
bizaadDolnoserbskiEesti,4
transclusions,4
carcinophagus,4
regardless,4
difficult,4
pardina,4
undergone,4
transform,4
Mediterranean,4
lions,4
hirtula,4
FelidaeFelinaeAcinonyx,4
Editors,4
Ponting,4
Fighting,4
Palawan,4
Zody,4
Erik,4
Full,4
orientalis,4
Frison,4
Alaskan,4
Border,4
gulo,4
Populations,4
Cystophora,4
removal,4
comment,4
wollebaeki,4
explains,4
Xie,4
fewer,4
mephitis,4
Japan,4
Wallace,4
suricatta,4
spitz,4
according,4
Crossbred,4
Bandogs,4
Blocked,4
manual,4
Stripe,4
Oberkassel,4
Cougar,4
chinga,4
ochracea,4
Cynodesmus,4
Extinct,4
Jaguar,4
archaeology,4
Evidence,4
identify,4
Brockman,4
Meles,4
preemptive,4
shorter,4
Gun,4
Protocyon,4
Journals,4
IndonesiaInterlingua,4
nudipes,4
Prionodontinae,4
Julia,4
Fear,4
maintained,4
pregnant,4
Skin,4
Poiana,4
Safety,4
Mexico,4
identification,4
Least,4
Obermaier,4
Pawlik,4
takes,4
Taxon,4
erminea,4
Han,4
Ursus,4
Genets,4
Helgen,4
feist,4
Cheryl,4
description,4
Galibert,4
Mustelinae,4
Paracynictis,4
owstoni,4
Hyenas,4
gerona,4
III,4
Molossers,4
Aonyx,4
McGreevy,4
thierryi,4
Ages,4
Fern,4
Halichoerus,4
libyca,4
Selous,4
largest,4
Boyko,4
investigations,4
Enhydra,4
hookeri,4
Leptonychotes,4
drive,4
durrelli,4
Israel,4
genetically,4
derbyanus,4
striatus,4
disadvantage,4
tigris,4
vitticollis,4
anxiety,4
helps,4
Alexander,4
Coyotes,4
retrieving,4
Grandidier,4
Pteronura,4
Retriever,4
mungo,4
Earlier,4
proportion,4
Pallas,4
lutra,4
side,4
Kurt,4
traditionally,4
Callorhinus,4
Church,4
Turnspit,4
chaus,4
expressed,4
Pagophilus,4
Otaria,4
Donna,4
exhibit,4
Preventive,4
gazella,4
collie,4
Ailuropoda,4
primitive,4
onca,4
badia,4
srpskiSrpskohrvatski,4
situations,4
Ice,4
californianus,4
belowViverridae,4
americanus,4
Mungotictis,4
lybica,4
vittata,4
jacobita,4
Subject,4
comparative,4
Baiting,4
bourloni,4
Hemigalus,4
Resources,4
Lesser,4
ichneumon,4
Adoption,4
comparing,4
temminckii,4
Clouded,4
Deborah,4
Mixed,4
Subantarctic,4
week,4
limited,4
Lynx,4
pennanti,4
cooperative,4
left,4
statistical,4
Edits,4
fifth,4
Marsh,4
Lyncodon,4
rbaycanca,4
itatsi,4
Bobcat,4
Phocarctos,4
IRMNG,4
margarita,4
Vandalism,4
Caspian,4
lutreolina,4
Humboldt,4
differs,4
Hearing,4
altaica,4
Otarocyon,4
schauinslandi,4
artificially,4
nemann,4
leo,4
Puma,4
legislation,4
Longhairedyorkie,4
fuscus,4
melanoleuca,4
Daly,4
galapagoensis,4
Sloth,4
diardi,4
nigrata,4
Pusa,4
season,4
controversial,4
angustifrons,4
rubiginosus,4
megaspila,4
formation,4
Novembre,4
Heidenheim,4
roysktFran,4
zone,4
tropicalis,4
Melogale,4
Dominique,4
Ownership,4
Wild,4
park,4
ornatus,4
Famous,4
Cynogale,4
Herpestes,4
Meerkat,4
Osteometry,4
Lion,4
Cacomistle,4
ViverridaeParadoxurinaeArctictis,4
unprotection,4
narica,4
Mongrels,4
FeliformiaNandiniidaeNandinia,4
iNaturalist,4
Kamal,4
gwatkinsii,4
club,4
Evan,4
paws,4
serval,4
Harbor,4
IntelligenceHealth,4
With,4
Chang,4
nuclear,4
alexandri,4
johnstoni,4
Interdisciplinary,4
pardinus,4
grypus,4
silvestris,4
GalidiinaeGalidia,4
peregusna,4
Roman,4
Snow,4
Eared,4
Burmese,4
WikiProject,4
Bulldogs,4
crocuta,4
Crested,4
biscuit,4
Herpailurus,4
sumatrana,4
arctos,4
dirus,4
redirect,4
belowMustelidae,4
Tayra,4
displaying,4
Jaguarundi,4
Fuegian,4
decemlineata,4
barbatus,4
lotor,4
Mental,4
reliable,4
internal,4
signature,4
specified,4
binturong,4
obscurus,4
linsangs,4
sequence,4
Fossilworks,4
Liberiictus,4
Richards,4
moving,4
marchei,4
systematics,4
Jungle,4
forest,4
Authority,4
toes,4
Vormela,4
Paracynarctus,4
historical,4
Nomenclature,4
WolfdogsBreeds,4
Leonberger,4
jacksoni,4
Bernese,4
Homo,4
Living,4
Sons,4
veterinary,4
Lap,4
genetta,4
nasua,4
Hose,4
Ursidae,4
Weddell,4
Niess,4
Steppe,4
brasiliensis,4
inherited,4
vontsira,4
urva,4
undisputed,4
Neofelis,4
maculicollis,4
Breen,4
Feine,4
engineering,4
Jaffe,4
civetta,4
mammal,4
Martes,4
Chihuahua,4
thibetanus,4
Theriodictis,4
phylogeny,4
enabled,4
MSW,4
Kristofer,4
goudotii,4
Liane,4
Nilgiri,4
offspring,4
trivirgata,4
Polar,4
cycles,4
Leopardus,4
atrata,4
otherwise,4
Marshall,4
solely,4
lutris,4
Earth,4
parallel,4
penicillata,4
selective,4
nivalis,4
Boxerfemalebrown,4
Denmark,4
bring,4
uninvolved,4
marmorata,4
giant,4
Steller,4
gabbii,4
leptonyx,4
deleted,4
caspica,4
Various,4
Phocidae,4
sourceView,4
caracal,4
rossi,4
rosmarus,4
Kirkness,4
Pygmy,4
paludinosus,4
Kinkajou,4
conservation,4
barbara,4
fight,4
allows,4
considerably,4
Monachus,4
painting,4
AleR,4
Neill,4
estimate,4
diseases,4
Javan,4
Servaline,4
Mil,4
Illinois,4
Qiaomei,4
Desmocyon,4
Hawaiian,4
urine,4
olivacea,4
ensure,4
upright,4
leuconotus,4
region,4
Odor,4
Meller,4
pulverulenta,4
yagouaroundi,4
Request,4
Bonn,4
perspicillata,4
Pardine,4
felipei,4
Care,4
grooming,4
Lutra,4
Case,4
Cruz,4
breedsWork,4
Herpestidae,4
leucurus,4
flavus,4
Baikal,4
Constanze,4
foina,4
Prionailurus,4
ground,4
Knipper,4
Advent,4
limb,4
Nehlich,4
Kirk,4
parvula,4
Leptailurus,4
Olingos,4
Laurasiatheria,4
Crate,4
collaris,4
americana,4
Gambian,4
faced,4
Aardwolf,4
Sable,4
Dead,4
Vito,4
Ocelot,4
pygmaea,4
medius,4
Obedience,4
Trinkaus,4
flavigula,4
pardalis,4
Marine,4
birth,4
Paraenhydrocyon,4
kinds,4
ProcyonidaeBassaricyon,4
Ichneumia,4
dogsHairless,4
Xenocyon,4
Ferret,4
broadening,4
Pinschers,4
Garcia,4
Terriers,4
Antarctic,4
violations,4
giving,4
Pointers,4
implies,4
vitulina,4
Non,4
agriculture,4
Basenji,4
Glickman,4
ALMM,4
Special,4
aurata,4
musschenbroekii,4
MephitidaeConepatus,4
predatory,4
patagonicus,4
Minks,4
antiquity,4
macroura,4
richardsonii,4
clear,4
mostly,4
Corina,4
Claire,4
Brian,4
alleni,4
Alfred,4
involvement,4
Sand,4
Poecilogale,4
correctly,4
Saharan,4
Developments,4
Soviet,4
Fossils,4
Pousargues,4
Genetta,4
Galictis,4
nebulosa,4
Erignathus,4
Harp,4
lutreola,4
Ommatophoca,4
catus,4
Viverricula,4
Ross,4
albinucha,4
receptive,4
idhligGalego,4
Kulbokas,4
Pekania,4
Eira,4
Aquatic,4
poodle,4
Deciphering,4
monachus,4
Specialist,4
Department,4
Atilax,4
ongoing,4
fire,4
sanguinea,4
Guadalupe,4
favoring,4
skunks,4
etruscus,4
Breeding,4
belowEupleridae,4
felina,4
neblina,4
demonstrated,4
Martens,4
subtemplates,4
Hydrurga,4
reference,4
Ictonyx,4
demonstrates,4
Mirounga,4
Akita,4
grandidieri,4
Tinnes,4
Prionodon,4
Margay,4
hosei,4
Initial,4
couple,4
tatar,4
EupleridaeEuplerinaeCryptoprocta,4
Bushy,4
philippii,4
Cuff,4
Wolverine,4
Pei,4
Back,4
uncia,4
Meeting,4
humboldtii,4
toothed,4
Pit,4
movement,4
Housebreaking,4
piscivora,4
Patronek,4
Superorder,4
Mydaus,4
ansorgei,4
contemporary,4
Houghton,4
Spilogale,4
Alvarez,4
consists,4
thought,4
Felidae,4
Sundaland,4
geoffroyi,4
PantherinaePanthera,4
Kodkod,4
Curs,4
Dologale,4
Pre,4
Duffy,4
Scenthounds,4
book,4
edition,4
Jeremy,4
Glaciations,4
restricted,4
experimental,4
Eutheria,4
poensis,4
item,4
longicaudis,4
damage,4
Mauceli,4
zibellina,4
Clamp,4
naso,4
hunters,4
habits,4
LatinaLatvie,4
lineages,4
Media,4
MustelidaeLutrinae,4
uncontroversial,4
increase,4
Nasua,4
organizations,4
simply,4
leonina,4
gracilis,4
hermaphroditus,4
personal,4
clawed,4
Lutrogale,4
Masked,4
joined,4
viverrinus,4
Galerella,4
Karlsson,4
Rugbjerg,4
sealsand,4
Neophoca,4
advanced,4
ViverrinaeCivettictis,4
beside,4
Weasels,4
Shapiro,4
Mungos,4
Catch,4
sequences,4
Felis,4
Brodbelt,4
SocializationTypes,4
reviewed,4
Raquel,4
Odobenidae,4
AiluridaeAilurus,4
tangalunga,4
Ruddy,4
trends,4
horse,4
Catopuma,4
Temporal,4
neutered,4
burial,4
Clicker,4
Paguma,4
LigureLimburgsLing,4
written,4
nosedskunks,4
higher,4
Decaprio,4
provocax,4
Binturong,4
Narrow,4
successful,4
Cheetah,4
Verena,4
Hugo,4
migration,4
subpalmata,4
Schnauzers,4
weather,4
throated,4
Honey,4
Mikkelsen,4
racing,4
javanicus,4
spaniels,4
Jerdon,4
suggest,4
Otter,4
Rabies,4
Bering,4
accesskey,4
edwardii,4
crossbreeds,4
Thomson,4
Colombian,4
instances,4
Twenty,3
Ray,3
diverged,3
dewclaws,3
Wilderness,3
scratch,3
Aplin,3
Domingo,3
Strauss,3
Haustiere,3
Neogene,3
Druzhkova,3
topcoat,3
blood,3
entering,3
Geologicalrange,3
Freeman,3
y,3
Trinomial,3
Res,3
Rev,3
reopened,3
faithful,3
empty,3
reproduce,3
Adv,3
Carcopino,3
VakavitiNederlandsNedersaksiesN,3
Rapa,3
disguised,3
Brooklyn,3
quarters,3
Ensemblvte,3
permit,3
gained,3
Katcher,3
Ain,3
predatorsAnimal,3
resonance,3
castrated,3
Rupert,3
tschPolskiPortugu,3
BMC,3
BMJ,3
drugs,3
Territories,3
regard,3
Jinchuan,3
Random,3
owns,3
constitutes,3
Amy,3
mounting,3
Dogat,3
cemeteries,3
Leopards,3
Podberscek,3
bloat,3
Than,3
Getting,3
entirelypets,3
lojban,3
intelligenceDog,3
quantitative,3
bonding,3
activities,3
csi,3
Banning,3
Apr,3
IGDF,3
worked,3
Rennie,3
Ludovic,3
Sexual,3
Sean,3
Influence,3
cum,3
Gross,3
Arm,3
rztliche,3
Nicolas,3
tear,3
accused,3
team,3
Tsets,3
mongrel,3
Know,3
reflecting,3
Rendered,3
deception,3
Collingwood,3
eastern,3
Marquesas,3
Estimation,3
Odyssey,3
Plains,3
Judicial,3
surprising,3
Kojola,3
Dennis,3
Skoglund,3
fetes,3
indefinite,3
progeny,3
Rognon,3
offerings,3
Hynek,3
hotels,3
ordines,3
Tasmanians,3
gland,3
required,3
crumpled,3
Poetry,3
savings,3
vomiting,3
Ladino,3
Zoomorphology,3
wayback,3
Ethnocynology,3
Annales,3
Navbox,3
Nordic,3
Villard,3
consume,3
hazards,3
Borough,3
uploaded,3
manners,3
Wayward,3
BDUIU,3
friendly,3
srlsi,3
dam,3
domini,3
Interactional,3
pointing,3
keeps,3
ambush,3
Manfred,3
Making,3
Laurentius,3
Voyagers,3
raisins,3
Sam,3
San,3
guarded,3
exotic,3
introduction,3
Abdominal,3
Torsten,3
Skull,3
demands,3
sires,3
Whitcomb,3
Thus,3
Space,3
impact,3
avoidances,3
Ollivier,3
Gunnar,3
CiteSeerX,3
Hero,3
Nutrient,3
virtues,3
choosing,3
Yamamoto,3
unlike,3
acquisition,3
Hazard,3
stage,3
complicated,3
Emma,3
proposing,3
die,3
Around,3
ashtrays,3
She,3
airlines,3
stray,3
Brooks,3
autoimmune,3
Luigi,3
NewfoundlanddogSmoky,3
synonymis,3
palate,3
unconfirmed,3
cohort,3
heavier,3
Lianming,3
company,3
Philippine,3
Genomic,3
Big,3
Submitted,3
relay,3
SPCAs,3
Waldheim,3
construct,3
Quotations,3
Despite,3
grams,3
dnr,3
ailments,3
contents,3
Driscoll,3
Roura,3
Yorkshire,3
Outcrossing,3
microorganisms,3
Ellegren,3
Lake,3
Amorim,3
Essential,3
lungs,3
bearing,3
originate,3
CRC,3
Winefield,3
Maine,3
fidelity,3
Laveaux,3
Round,3
unspayed,3
animalsDogsWolvesCosmopolitan,3
rapidly,3
Oxetocyon,3
conform,3
definedUse,3
Crawford,3
Photoreceptors,3
threat,3
properties,3
curl,3
Owner,3
Samoyed,3
orbit,3
boxer,3
Tier,3
Synapse,3
Mariana,3
shelter,3
seizure,3
participated,3
latitude,3
Apeztegu,3
womb,3
variables,3
increasing,3
protects,3
Elliot,3
admitted,3
Downey,3
nuts,3
coefficient,3
Coimbra,3
mass,3
Time,3
Vosa,3
interest,3
stew,3
gonadectomy,3
Cassidy,3
separates,3
Tigers,3
base,3
trend,3
Verrier,3
controlling,3
exceptional,3
Palika,3
Survey,3
registration,3
theory,3
love,3
gender,3
watchdogs,3
eat,3
Bisong,3
linksCS,3
Cunliffe,3
Castroviejo,3
Paleontology,3
Kimat,3
regulations,3
alternatus,3
hospitals,3
Beneficial,3
Dogbitelaw,3
Natufian,3
Betina,3
visitors,3
spherical,3
Walter,3
habitat,3
handy,3
Malamute,3
understanding,3
shortest,3
AL,3
AR,3
Finland,3
insoluble,3
Ac,3
BM,3
Am,3
Audrestch,3
BR,3
variations,3
Beek,3
taxon,3
density,3
representing,3
Michigan,3
Register,3
tearing,3
Tim,3
Ch,3
DI,3
official,3
DM,3
Cs,3
leave,3
mutineers,3
signifies,3
EA,3
Du,3
EW,3
underworld,3
FA,3
Abed,3
Textbooks,3
DockingThere,3
differentiis,3
UNP,3
monophyletic,3
Cindy,3
GJ,3
dhjo,3
Balto,3
GR,3
HB,3
eon,3
DNR,3
psychiatric,3
gradually,3
Seuso,3
Whatever,3
Andamanese,3
Medscape,3
apes,3
Toy,3
JL,3
persecuted,3
cell,3
valid,3
Jo,3
Helheim,3
Academies,3
LA,3
Variety,3
LP,3
LT,3
tameness,3
MS,3
Pearce,3
spicy,3
Umaine,3
impending,3
NC,3
Delhi,3
Berl,3
Chur,3
trick,3
dreamt,3
Framing,3
Understanding,3
preweaning,3
No,3
poodles,3
Virtual,3
PA,3
PC,3
strategy,3
On,3
Mammalian,3
Walther,3
surgically,3
Cui,3
shoots,3
waves,3
cvsm,3
remain,3
RC,3
RP,3
argued,3
Kusak,3
nets,3
jhevol,3
SD,3
Sharpe,3
SP,3
argenine,3
Janssens,3
Magnetoreception,3
roundworms,3
TC,3
So,3
gnawing,3
featured,3
Arrhythmia,3
Embryology,3
Negative,3
furniture,3
Avoid,3
Manchuria,3
Evaluation,3
coronary,3
Awake,3
Individual,3
Dimopoulos,3
Up,3
Microbiology,3
Relationships,3
Stories,3
severity,3
Ninisina,3
grew,3
play,3
Monthly,3
quickly,3
Viperidae,3
YH,3
Sunkahetanka,3
fat,3
Tacon,3
puppiesIn,3
Scholar,3
differences,3
gain,3
web,3
Paragon,3
Speak,3
Teasdale,3
Dobney,3
statistics,3
grim,3
distinction,3
section,3
originated,3
Exceptional,3
pyometra,3
nutrition,3
absenteeism,3
gait,3
Frantz,3
topic,3
perceive,3
contribute,3
GABAergic,3
integrated,3
Rewards,3
Thigpen,3
win,3
begonia,3
Dec,3
Anthony,3
Greenlandian,3
Formation,3
extent,3
Bordeaux,3
evaluates,3
Swedish,3
fit,3
Breton,3
shrine,3
extend,3
au,3
Millan,3
Kaminski,3
Chantelle,3
Die,3
Patois,3
familiar,3
Tully,3
cr,3
valueCS,3
partner,3
db,3
du,3
Braquedubourbonnais,3
Buffalo,3
Mallory,3
Miller,3
Commonscategory,3
Acid,3
ASIN,3
domed,3
skill,3
gi,3
Napierala,3
gr,3
fused,3
Nine,3
zodiacal,3
Bustamante,3
Schwabe,3
Peyvasteh,3
rhyton,3
Gillet,3
Fertility,3
context,3
Juliette,3
id,3
Capnocytophaga,3
manipulation,3
maturity,3
ip,3
Centaur,3
gave,3
Pediatric,3
jo,3
fearlessness,3
kV,3
nutrients,3
calibration,3
roaming,3
knew,3
Hedan,3
scavenging,3
bsczi,3
Drs,3
Realities,3
photos,3
faster,3
NovaLivvinkarjalaLa,3
me,3
commodification,3
cruciate,3
primates,3
possessed,3
Unshelm,3
gaze,3
nd,3
Gresky,3
heat,3
Odysseus,3
Vanessa,3
oz,3
families,3
Opinions,3
pg,3
Lauritsen,3
Detselig,3
ntzschel,3
inevitably,3
Reep,3
hundreds,3
caudal,3
blindness,3
Fauna,3
Hanafi,3
Headey,3
Acta,3
adopt,3
guardianship,3
Cagan,3
seek,3
seem,3
sh,3
decision,3
emait,3
closes,3
Calvin,3
Positive,3
compressed,3
Friedman,3
Hughes,3
Immature,3
Melbourne,3
uk,3
Calgary,3
Vanuatu,3
WikidataTaxonbars,3
nutritional,3
know,3
questionnaire,3
Deceased,3
wi,3
screw,3
Axelsson,3
previous,3
pedigree,3
xi,3
uncovered,3
Chihuahuas,3
compensation,3
Tierra,3
fvets,3
beyond,3
CANIFA,3
Navajo,3
iconography,3
churches,3
FCI,3
Eat,3
jurists,3
fbCanis,3
medicinal,3
gel,3
Batson,3
get,3
course,3
watchfulness,3
brain,3
Untreated,3
Liberg,3
Wellerstein,3
JSTOR,3
self,3
NomeDomestic,3
onion,3
Bartosiewicz,3
translate,3
healing,3
Saletan,3
fertilized,3
xii,3
Sacred,3
Kubinyi,3
ancestry,3
snake,3
Friendship,3
facilitators,3
Colours,3
observations,3
Finnish,3
quascirev,3
tympanic,3
Rachel,3
Ortolani,3
factors,3
magical,3
Vic,3
Lucy,3
Cesar,3
Vir,3
healthThere,3
undergoing,3
Therefore,3
Remembering,3
hest,3
Related,3
Shows,3
Technical,3
hese,3
Interspecific,3
Woking,3
Systema,3
Krey,3
fertilization,3
adopted,3
Treasure,3
Nikhil,3
gov,3
Matisoo,3
contributed,3
Webarchive,3
Scientists,3
Brascamp,3
allergies,3
figurines,3
Colorado,3
Maraghi,3
Report,3
Dognapping,3
Gregorian,3
Joel,3
wrist,3
Nelson,3
ACME,3
castration,3
Concannon,3
Columbian,3
intelligence,3
bull,3
Virginia,3
Amgalanbaatar,3
native,3
opportunities,3
castrating,3
ingestion,3
equally,3
sustained,3
sapiens,3
associate,3
Bradshaw,3
CommonsWikispeciesWikiquote,3
Tonga,3
Hansen,3
skeletonAnatomy,3
Nemours,3
Seeing,3
quantify,3
Balaton,3
ChurchPOP,3
convey,3
convex,3
Northwest,3
conduct,3
objectives,3
Eye,3
Pesonen,3
lesser,3
pointers,3
separately,3
Discourse,3
Taxonbars,3
molecule,3
sophisticated,3
Kate,3
Identification,3
ware,3
Asher,3
Garmr,3
colors,3
incompatible,3
Basualdo,3
multifaceted,3
Katz,3
beating,3
Stephan,3
miniature,3
Kasz,3
goods,3
guides,3
school,3
Collins,3
Simi,3
mammalogist,3
citing,3
Protomarctus,3
Tresset,3
venomous,3
BanjarB,3
Bamanankan,3
yet,3
initially,3
Furry,3
anxiolytic,3
wheeled,3
sickness,3
authorized,3
endemic,3
Site,3
Opinion,3
aggressively,3
Being,3
sanitation,3
beaches,3
heartworms,3
nskiSoomaaliga,3
Classics,3
pheromones,3
Dominion,3
sobriquet,3
beat,3
manually,3
Stockholm,3
twice,3
sounds,3
alias,3
wildlife,3
Lateral,3
alternative,3
attendance,3
Subtribe,3
beef,3
advance,3
Sranantongo,3
preference,3
Apache,3
Cryptochrome,3
deals,3
natives,3
ADHD,3
characteristic,3
Arsenal,3
Haraway,3
lures,3
Feeding,3
Wok,3
passions,3
Maqbool,3
Subspecies,3
pathways,3
Notable,3
Graves,3
Tradition,3
Language,3
Storytelling,3
exposed,3
Simoons,3
bloody,3
hallow,3
Petrucci,3
Cairn,3
Proponents,3
HindiF,3
religions,3
SICI,3
Loponte,3
Solovyov,3
Lescureux,3
altered,3
Maturity,3
inference,3
Antonio,3
chihuahua,3
bibliography,3
mDNA,3
Tierarztl,3
topics,3
torch,3
Anecdotes,3
artifacts,3
friends,3
Finds,3
Representations,3
Spanoghe,3
belong,3
Going,3
movements,3
Philip,3
advise,3
remnants,3
immune,3
Spivak,3
attraction,3
dachshund,3
orbital,3
Ernie,3
vitamin,3
pointed,3
Impacts,3
Microtomarctus,3
commodifying,3
Pact,3
face,3
Barbara,3
Daniels,3
coordinated,3
ratio,3
coordination,3
falsely,3
meatDog,3
commands,3
finding,3
Tallest,3
Gilchrist,3
judging,3
vital,3
Timothy,3
isPlattd,3
detect,3
stenosis,3
poem,3
disulfide,3
Papiamentu,3
Brygos,3
arnensis,3
Spaying,3
Synonyms,3
upiakIsiXhosaIsiZulu,3
AsturianuAtikamekwAva,3
church,3
Reuters,3
Polynesier,3
Criminal,3
Zihni,3
blaze,3
Dilemma,3
biologists,3
Housing,3
Neoliberalism,3
culture,3
hyenas,3
Geography,3
Crandall,3
Tomus,3
Shannon,3
Dono,3
Spanish,3
insights,3
Soviets,3
Caucasus,3
Ruusila,3
Judaism,3
Embryo,3
Extent,3
powder,3
Gestation,3
Oceania,3
Disadvantages,3
atmospheric,3
colored,3
camouflage,3
Zone,3
Epagneul,3
stages,3
fishermen,3
Feffer,3
resolution,3
properly,3
Past,3
Anxiety,3
Tierney,3
unlikely,3
subfamilies,3
adapted,3
Park,3
Mike,3
cigarettes,3
shortly,3
pork,3
playfulness,3
Ersbell,3
SundaSuomiSvenskaTagalog,3
curled,3
Wenping,3
Century,3
sulfoxide,3
Threlfall,3
senses,3
Biol,3
VlamsWinarayWolof,3
UyghurcheVahcuenghV,3
educational,3
Xing,3
Cultures,3
applanim,3
Retinal,3
Rincon,3
production,3
smallest,3
Edward,3
Mira,3
Urban,3
EnglishArticles,3
cigars,3
nitrogen,3
roWalon,3
wolfhound,3
Brain,3
Belen,3
sickle,3
Users,3
property,3
delicacy,3
distributed,3
Sources,3
carnassials,3
Argos,3
Mythological,3
synthesis,3
dogThe,3
Cynanthropy,3
Samoa,3
Julie,3
SensesThe,3
epilepsy,3
shed,3
infamous,3
Factor,3
border,3
read,3
touch,3
fictional,3
canidsDog,3
Newby,3
Talaizadeh,3
uncharacteristic,3
ingested,3
Cardiology,3
universal,3
Escu,3
looked,3
Admissibility,3
Trial,3
Conduit,3
Manhattan,3
mobility,3
Edgar,3
tallest,3
vertebratesScavengersApex,3
dilatation,3
Osborne,3
Bernice,3
Leash,3
biogeography,3
Urinary,3
Hak,3
communicationDog,3
centered,3
dmca,3
occasional,3
unsw,3
Hamann,3
debate,3
vulnerable,3
dogsReferences,3
Huskies,3
nicotine,3
worst,3
gastric,3
Yet,3
canimorsus,3
recession,3
Ethics,3
Almada,3
Hanni,3
Cascade,3
learned,3
substance,3
semiannually,3
guidance,3
stranger,3
waits,3
chested,3
epic,3
BIES,3
reset,3
Turkmenistan,3
modelsExtant,3
harsh,3
stress,3
Schuenemann,3
Coben,3
temporarily,3
exceptionally,3
Woods,3
eaten,3
shelterEvery,3
proliferated,3
sociability,3
Turner,3
Yor,3
Recognizing,3
Hoc,3
hiyaw,3
inseminated,3
Machugh,3
Centers,3
ISC,3
subsequent,3
words,3
medicine,3
Regarding,3
Power,3
Miscellaneous,3
Suppression,3
Zabielski,3
Collections,3
Yue,3
garbage,3
Authentic,3
searched,3
western,3
Freund,3
Norse,3
trained,3
Instead,3
Huh,3
outperform,3
Mailman,3
Marianas,3
elaborate,3
expert,3
sick,3
Hitte,3
Pionnier,3
prehistory,3
Apsos,3
Rico,3
Cardiac,3
Documents,3
brought,3
alive,3
emerged,3
Sawyer,3
Together,3
Capitan,3
Jane,3
antisocial,3
knees,3
Bernstein,3
falls,3
Ensminger,3
typeRoles,3
Reprod,3
restrictions,3
establish,3
attaches,3
focused,3
Aymar,3
Subspeciesbox,3
ShortcutWP,3
cross,3
Christianity,3
PicardPiemont,3
javma,3
Afraid,3
fatalities,3
implicated,3
inflict,3
Unrestrained,3
elbow,3
aisFryskFurlanGaeilgeGaelgG,3
mellitus,3
Chiodo,3
episode,3
injury,3
parkIt,3
inadequate,3
Mastering,3
JCM,3
Praxis,3
Protepicyon,3
Parasites,3
kel,3
Kawachi,3
Omnivores,3
Tsutsui,3
ingestibles,3
laughing,3
Mirand,3
biographies,3
Mangaia,3
banning,3
Ahmedzai,3
grapes,3
Carson,3
wheelchair,3
Taffy,3
Accessed,3
recreated,3
Bringing,3
coverage,3
criticised,3
Chassaing,3
Largest,3
Denzau,3
docked,3
Serres,3
react,3
Moreover,3
folklore,3
Geologic,3
urinary,3
KinyarwandaKiswahili,3
collar,3
Determining,3
wolfdog,3
wear,3
Tierheilkunde,3
Fischer,3
hits,3
ayisyenKurd,3
obesity,3
Delaney,3
JPG,3
inclusion,3
Inu,3
Nervous,3
balancing,3
Rescue,3
appearancesMammals,3
Montage,3
striatonigral,3
notably,3
poorly,3
Marta,3
notable,3
minds,3
spanning,3
Based,3
Instituto,3
Docked,3
temporalis,3
nureongi,3
Iti,3
violent,3
Morrison,3
Jamieson,3
onto,3
Fuego,3
kya,3
Schuster,3
Firminger,3
citation,3
uEuskaraE,3
TheStar,3
fouling,3
inter,3
JAMA,3
catecholamine,3
bringing,3
schools,3
Bishop,3
walls,3
globalization,3
Mythologies,3
Smart,3
Oswaldo,3
Vesa,3
Thousand,3
Indochina,3
inhibitory,3
Heidenberger,3
Nurocyon,3
donnezani,3
Dogtime,3
traffic,3
cohabitation,3
Zazaki,3
institutions,3
Eddy,3
Afrikaans,3
Chinvat,3
Glenn,3
Stratigraphic,3
Christopher,3
lengthy,3
doctor,3
redirects,3
Blass,3
press,3
Placing,3
labels,3
KEN,3
Sydney,3
descendants,3
Union,3
promote,3
Foreign,3
Against,3
Novel,3
Renaissance,3
Services,3
Vanak,3
procreate,3
HornjoserbsceHrvatskiIdoIlokanoBahasa,3
Ciarmela,3
Unlike,3
chest,3
CentralBislama,3
Creation,3
Jonica,3
verbal,3
develop,3
Barry,3
fixed,3
away,3
Otherness,3
mice,3
socialization,3
enhance,3
pain,3
appropriately,3
equal,3
Sunset,3
emblems,3
Dale,3
paid,3
Quarterly,3
Oaks,3
Support,3
suburbanization,3
Bellwood,3
McCabe,3
Salvius,3
Dane,3
undesired,3
Reptilia,3
parameterWikipedia,3
consultation,3
Canislupusfamiliaris,3
centimetres,3
distinguishable,3
inuktitutI,3
meant,3
Cone,3
chimpanzees,3
interests,3
Variations,3
launched,3
wheelchairs,3
Murphy,3
Jon,3
puzzling,3
Fodor,3
perceived,3
Rodriguez,3
grinding,3
Hilary,3
conversations,3
Pointing,3
synonym,3
MelayuBaso,3
Will,3
villages,3
Data,3
Second,3
interfere,3
etiopathogenesis,3
reductions,3
profile,3
bill,3
Forster,3
bile,3
Perloski,3
Chemical,3
Linn,3
Zhihe,3
pulmonic,3
Mumbai,3
adoption,3
verificationArticles,3
Jul,3
compositionThe,3
mind,3
therapists,3
pagesUse,3
Wahlberg,3
Ovodov,3
subdivided,3
emergency,3
Recruitment,3
habit,3
seated,3
info,3
varied,3
upwards,3
regarding,3
importance,3
Symbolism,3
ticks,3
custom,3
Historic,3
Willits,3
Nielen,3
brothers,3
Gonzalez,3
cigar,3
pancreas,3
Patterns,3
letters,3
Rajasthan,3
countershading,3
physically,3
messages,3
retinal,3
Kamolpatana,3
skin,3
Mcgorray,3
mention,3
recur,3
Adams,3
itemsTaxonbars,3
Collis,3
ideal,3
solids,3
Berlin,3
Walker,3
feed,3
ubiquitous,3
Neuhauss,3
Ritchie,3
med,3
Shuoguo,3
men,3
mythologies,3
gerontology,3
Heikkinen,3
Sanchez,3
sizes,3
churchyards,3
beaten,3
sterilized,3
illicit,3
McCormick,3
maternal,3
mid,3
eliminate,3
locis,3
Unmentionable,3
Military,3
middle,3
though,3
Calendar,3
everyday,3
mammary,3
texts,3
Northgrippian,3
tobacco,3
Pezzani,3
Boarisch,3
forces,3
culinary,3
allow,3
LLC,3
Schebetta,3
Phillips,3
Disability,3
Folklore,3
Philippines,3
Followers,3
sideIn,3
Bruce,3
Willis,3
earthling,3
parasites,3
Winklhofer,3
Lebrasseur,3
beastly,3
lepophagus,3
enjoy,3
Commodifications,3
aged,3
Pets,3
Steve,3
cutting,3
voice,3
alerted,3
Ahmed,3
JAVMA,3
Galdos,3
command,3
prepares,3
variable,3
Berkeley,3
urge,3
worshippers,3
Braque,3
google,3
bronze,3
ensued,3
aboard,3
returns,3
playmate,3
Caedocyon,3
debated,3
NapulitanoNordfriiskNorskNorsk,3
sunysb,3
Tomasello,3
Epoch,3
onset,3
decreases,3
bloodhounds,3
pathway,3
debates,3
Take,3
Hachik,3
discrimination,3
rias,3
Uthman,3
Lorente,3
volume,3
risen,3
materials,3
buildings,3
responsible,3
hemangiosarcoma,3
Wikiquote,3
agencies,3
Talk,3
tapeworms,3
contributors,3
Excerpt,3
judge,3
practitioner,3
Voyage,3
Student,3
jama,3
Uerpmann,3
Fiji,3
Tadaklan,3
sterilization,3
Sequencing,3
nigrotectal,3
JawaKab,3
manifesto,3
Hopf,3
zootaxa,3
Poinsettia,3
Traits,3
Siepel,3
ner,3
catching,3
Malaki,3
stimulating,3
Grice,3
reaching,3
Sherman,3
desynced,3
Michod,3
Pierzynowski,3
Standards,3
obtains,3
Leo,3
Sheep,3
Bikol,3
Nyerges,3
models,3
Academy,3
Marcie,3
dogIn,3
slow,3
Observations,3
Highlights,3
biocon,3
protectors,3
Chaser,3
Alienation,3
expectations,3
jaws,3
dogDomestic,3
Mullin,3
Liz,3
supported,3
sciences,3
segment,3
olEsperantoEstreme,3
stripe,3
mentally,3
imaging,3
abdominal,3
Kruger,3
involving,3
Easter,3
Grimm,3
Reaktion,3
dogsIn,3
JavaScript,3
MPI,3
copulation,3
Ehlers,3
Basenjis,3
nrg,3
Local,3
Worldwide,3
ships,3
determined,3
footDogs,3
hypothyroidism,3
mammalogists,3
Spay,3
Mauri,3
masking,3
dishes,3
wrong,3
secundum,3
BioEssays,3
springing,3
Incidence,3
borne,3
Startling,3
AfrikaansAlemannisch,3
Boltz,3
relaxes,3
endurance,3
Perspectives,3
enzyme,3
migrans,3
Xylitol,3
contained,3
Treatment,3
approached,3
Politics,3
Declarations,3
inhabitants,3
humanist,3
tooltip,3
promoted,3
Schukken,3
Paabo,3
boiling,3
Devil,3
competitive,3
Christine,3
Theory,3
claws,3
Jelowdar,3
Phenotypic,3
Cynotherium,3
nynorskNouormandOccitan,3
couture,3
acknowledgments,3
Increasingly,3
Christina,3
Place,3
thunder,3
warning,3
Docking,3
Talking,3
LeboaShqipSicilianu,3
compelling,3
clash,3
personality,3
Phenotypes,3
delayed,3
rodent,3
vessel,3
Nowak,3
vera,3
Man,3
indef,3
diagnosed,3
Mar,3
URLWikipedia,3
mediate,3
Gilbert,3
Schwartz,3
settlers,3
Jews,3
vets,3
modifications,3
predilection,3
disabilities,3
characteribus,3
Paradigm,3
claim,3
widespread,3
Eldridge,3
Mem,3
Highland,3
Cooperative,3
manuscript,3
phylogenetic,3
Significant,3
Daily,3
Pascal,3
breaking,3
proposal,3
settled,3
Shernomay,3
elites,3
activity,3
yoga,3
Alkan,3
reviewers,3
pull,3
partially,3
LugandaLumbaartMagyar,3
Yale,3
Prickly,3
details,3
Significance,3
smiling,3
Kids,3
punk,3
dachshunds,3
Camp,3
hormonal,3
shaped,3
vehicles,3
tVolap,3
NPR,3
shapes,3
Debate,3
Yorker,3
Extension,3
Signs,3
Symbols,3
Munch,3
Saying,3
therapeutic,3
abandoned,3
Carl,3
sexual,3
Posada,3
netoVeps,3
Bewley,3
trainability,3
Nast,3
showPeople,3
ova,3
Cats,3
caniforms,3
cork,3
Certain,3
resource,3
Mattiangeli,3
Period,3
taxonomic,3
Klappenbach,3
Both,3
Brehard,3
line,3
Forensic,3
phylogeography,3
Whelan,3
Cerberus,3
cost,3
Dorey,3
Athabascan,3
Also,3
functions,3
rupture,3
begins,3
shortcutWP,3
Beryl,3
interspecies,3
Zoologici,3
dawn,3
Kapampangan,3
commodity,3
achieve,3
Diary,3
plausible,3
Ronkainen,3
Wolfhound,3
Holly,3
Paula,3
photograph,3
Orlando,3
Relationship,3
Medica,3
liberal,3
chili,3
McCune,3
Holmi,3
Compiled,3
external,3
Wingfield,3
scenes,3
agility,3
Biologica,3
Dewey,3
electrophoresis,3
Alabama,3
fatal,3
xylitol,3
Dalziel,3
Fertilization,3
peak,3
Nat,3
Dongen,3
Aortic,3
portrayed,3
CABI,3
Mahlow,3
Clarence,3
Beagle,3
bosintang,3
attributed,3
dogue,3
prohibit,3
Hakala,3
Beale,3
pig,3
Counter,3
verification,3
Berns,3
everyone,3
taurine,3
clinical,3
rising,3
unclean,3
ttingen,3
conformity,3
garlic,3
Nie,3
velvet,3
Legged,3
perfumes,3
displayed,3
bamboo,3
scallions,3
homozygous,3
digestion,3
escape,3
shaping,3
Doberman,3
bison,3
embryo,3
peteducation,3
Tannen,3
tinaChiShonaChiTumbukaCorsuCymraegDanskDeitschDeutschDin,3
sprinting,3
maritime,3
Antarctica,3
correlated,3
Demons,3
ajhg,3
thicker,3
documenting,3
Sputnik,3
Fennici,3
Dmitry,3
scents,3
generic,3
Fonseca,3
typical,3
prostate,3
Marion,3
forming,3
rumagn,3
identified,3
CAST,3
caves,3
gustatory,3
Malkemper,3
macadamia,3
Wikibooks,3
Suggest,3
cleft,3
Indicators,3
Kokko,3
organs,3
SarduScotsSeelterskSesotho,3
BioScience,3
organized,3
Homer,3
Gilbey,3
Dickman,3
companions,3
Especially,3
Dominance,3
Markings,3
Giraldez,3
Tadigotla,3
Gods,3
induces,3
huatlDorerin,3
Germanica,3
Tarantian,3
Loving,3
Vasisht,3
applying,3
Sage,3
marking,3
Michell,3
Coleman,3
Texts,3
Arnemo,3
stimuli,3
Fleming,3
transmitting,3
soft,3
tria,3
happen,3
festival,3
Buikstra,3
islands,3
Ratnakumar,3
Vigne,3
Infant,3
soil,3
Caring,3
originating,3
integral,3
blocking,3
emigrants,3
Minvielle,3
serum,3
Zootaxa,3
compete,3
Taming,3
Distl,3
prior,3
trait,3
dedicated,3
planet,3
Role,3
beneficial,3
Heidelberg,3
Burda,3
purchasing,3
microformatsAll,3
Farhad,3
vteDogsBehavior,3
Beginner,3
owner,3
sledding,3
affects,3
Greenfield,3
Psalidocyon,3
Dominicanus,3
Stillbirth,3
Biodiversity,3
Different,3
Thiselton,3
thiosulphate,3
lacerate,3
Libby,3
Theoretical,3
Lessons,3
Hare,3
Persian,3
summer,3
Still,3
Suggests,3
butts,3
Sooung,3
amber,3
return,3
fine,3
find,3
occur,3
Mashkour,3
Have,3
inactions,3
caretakers,3
scientists,3
TRUE,3
position,3
Slate,3
Remote,3
ambivalence,3
Families,3
Independent,3
evident,3
writer,3
Shading,3
Anim,3
glaciation,3
processing,3
YellowLabradorLookingnew,3
disinhibitory,3
Shille,3
sacrilege,3
BioSc,3
Mallaha,3
Fogle,3
Gagana,3
fits,3
preventionIn,3
campaign,3
putatively,3
father,3
derivative,3
neashtiArpetan,3
surfaces,3
jveb,3
Anne,3
Anna,3
Fascetti,3
underside,3
Clinics,3
defensive,3
Karen,3
Our,3
resistance,3
regna,3
Meghalayan,3
versions,3
testicles,3
Legend,3
RomaniRumantschRuna,3
Kaasen,3
Squire,3
Chatham,3
wherever,3
Holdt,3
caused,3
Own,3
spas,3
Saarloos,3
epileptics,3
BassetHound,3
inferred,3
assessing,3
diarrhea,3
arthritis,3
caloric,3
Louis,3
Opens,3
arrival,3
friendliness,3
listCS,3
frequent,3
Aitor,3
Hayley,3
track,3
proportionately,3
Jeffrey,3
Charlottesville,3
listPages,3
Aspects,3
siblings,3
Aneurysm,3
dysplasia,3
diagnostic,3
internally,3
egbe,3
rolling,3
dual,3
targeted,3
departments,3
Aleria,3
Assyrian,3
Levitis,3
interventions,3
unrelated,3
routines,3
Prophet,3
moved,3
Perry,3
Philotrox,3
act,3
add,3
gesturing,3
Springer,3
Supplement,3
Bridge,3
Armero,3
Yulin,3
scope,3
recorded,3
farmyards,3
Casey,3
unreviewed,3
Per,3
osteosarcoma,3
crab,3
Ichiro,3
neutering,3
Made,3
Josip,3
George,3
Lidicker,3
Reinhold,3
fleas,3
Catholic,3
PhD,3
Enterprises,3
Archiv,3
Php,3
infected,3
Advantages,3
Prostatic,3
brains,3
implemented,3
snout,3
Linderholm,3
expense,3
groomers,3
Rachael,3
jumping,3
negatively,3
Josepha,3
cyclically,3
Mail,3
collapse,3
Houston,3
Franklin,3
foods,3
Male,3
Administrator,3
lightning,3
Emili,3
Weiss,3
dung,3
Wikinews,3
mount,3
Claws,3
NaoeroNa,3
odor,3
Duffraisse,3
Groups,3
came,3
Poland,3
Female,3
Curr,3
watchdog,3
climates,3
Wong,3
countershaded,3
WolfdogLists,3
Erich,3
taboo,3
goddess,3
socialized,3
camp,3
Bhagat,3
neighborhood,3
cuddledThe,3
Bark,3
PROTECT,3
Marx,3
Recreational,3
Wood,3
Taxobox,3
newborn,3
Linneaus,3
mouth,3
Placed,3
Frontiers,3
Sandra,3
symbolize,3
Swaminathan,3
basset,3
larva,3
greater,3
scraps,3
Baun,3
mites,3
cutaneous,3
pattern,3
exercise,3
NatSR,3
volvulus,3
aloe,3
accounts,3
bitches,3
Brief,3
cages,3
kind,3
Missing,3
Love,3
Vikki,3
Fully,3
Greger,3
traced,3
mentioned,3
Bothrops,3
Therapeutic,3
spread,3
Original,3
Dyer,3
boys,3
dogsDogs,3
bat,3
Communications,3
artery,3
Sunni,3
aruAz,3
ABC,3
abuse,3
affect,3
facing,3
ACT,3
Toxicosis,3
Hades,3
Phanerozoicpx,3
Issue,3
ADI,3
Malaysia,3
denomination,3
she,3
Younger,3
Inuit,3
confined,3
humane,3
trigonid,3
getting,3
Caledonia,3
Geographies,3
bio,3
wolfhounds,3
Worthington,3
model,3
AID,3
Bonding,3
reduce,3
Harkins,3
Newsmagazine,3
Spayed,3
begin,3
puppiesNeutering,3
hallstromi,3
handicapped,3
angle,3
Switzerland,3
Phocas,3
discovery,3
Peichl,3
Pettid,3
Products,3
reconceptualization,3
Zoological,3
Theobromine,3
stands,3
deafness,3
Cell,3
permanently,3
colder,3
socialize,3
facial,3
Hausa,3
Wochenschr,3
dancing,3
Acosta,3
stood,3
dwelling,3
fighting,3
Romanian,3
hypersexuality,3
Britain,3
uncalibrated,3
detour,3
Grab,3
serving,3
current,3
actively,3
Manufacturers,3
detectable,3
Schneider,3
Ghost,3
Myanmar,3
symbol,3
Derbett,3
MinangkabauM,3
pairs,3
Linnell,3
Fenton,3
Warring,3
Naraka,3
Ormerod,3
skulls,3
inhibition,3
functioning,3
passing,3
Neuter,3
tested,3
Graphodatsky,3
inches,3
Pardoe,3
Edition,3
Mycotic,3
Lhaso,3
identifiersCanis,3
Nathan,3
BosanskiBrezhoneg,3
sparingly,3
digging,3
Sukh,3
srep,3
Hung,3
growing,3
hygiene,3
Animalpeoplenews,3
Stratigraphy,3
Insights,3
patients,3
Arendt,3
Charlesworth,3
chances,3
potentially,3
Toxic,3
Friedmann,3
Heterosis,3
cafes,3
cleaning,3
JgAMbNStikC,3
carries,3
cbt,3
tends,3
Hormozdiari,3
ten,2
procedures,2
violating,2
Act,2
obvious,2
wikis,2
resolve,2
tie,2
tip,2
Tobycat,2
Daryona,2
APEX,2
BLP,2
toe,2
chilla,2
Raza,2
circumstances,2
violation,2
Clubs,2
says,2
apolloniensis,2
Centre,2
Currie,2
distribute,2
construed,2
hours,2
Geology,2
unblock,2
Europaea,2
nucleotide,2
Characteristics,2
endorsement,2
Rancholabrean,2
concentration,2
den,2
des,2
overwritten,2
Federico,2
override,2
staff,2
diversification,2
dia,2
divisions,2
enforcement,2
antiquus,2
beverages,2
don,2
Belgian,2
County,2
threats,2
CSS,2
Tephrocyon,2
Lloyd,2
Climate,2
kennel,2
condita,2
grounds,2
salted,2
muzzle,2
speed,2
lycaon,2
formula,2
Child,2
Steven,2
ear,2
exists,2
boxercab,2
via,2
awaiting,2
testcases,2
AN,2
Melayu,2
Ab,2
hybridized,2
GSSP,2
noticeboard,2
DK,2
slideshow,2
oestral,2
forum,2
ToB,2
KB,2
unprotect,2
etc,2
running,2
rates,2
requirement,2
Bert,2
feliforms,2
Fran,2
Photo,2
Transclude,2
Categoryhandler,2
sharing,2
Warren,2
central,2
news,2
Bouvier,2
completely,2
few,2
option,2
faith,2
barriers,2
Prehistoric,2
ab,2
ordinarily,2
Sandboxes,2
protectionPolicy,2
admins,2
foot,2
cb,2
tropical,2
Farm,2
da,2
di,2
colonized,2
Version,2
fM,2
Articles,2
fr,2
ft,2
placed,2
Copenhagen,2
sufficient,2
PortalNewPP,2
Except,2
Sioux,2
grouped,2
re,2
Redirect,2
Section,2
rules,2
reasonably,2
alopecoides,2
Please,2
southwestern,2
proof,2
Catahoula,2
implementation,2
Cretaceous,2
exceeding,2
numerous,2
oestradiol,2
WMF,2
illustration,2
Sockpuppetry,2
Standard,2
Simien,2
strongly,2
categorizes,2
documentary,2
dominant,2
combat,2
events,2
deserts,2
Should,2
limits,2
Dispute,2
warn,2
contentious,2
blatant,2
Publishers,2
consistent,2
wilsoni,2
Only,2
morally,2
copulatory,2
Paleocene,2
QSRv,2
premolars,2
Deprecated,2
Sardinian,2
Authors,2
Fox,2
beginning,2
Davide,2
action,2
falconeri,2
chow,2
Eurasia,2
products,2
Cladogram,2
Boreal,2
genuine,2
certainly,2
OSDCPTJKPgN,2
reflect,2
fact,2
YBP,2
ice,2
Portals,2
rule,2
Corgi,2
Cheyenne,2
privilege,2
sandboxes,2
Cenozoic,2
archeology,2
Content,2
growth,2
Titleblacklist,2
carnivorans,2
linked,2
nine,2
Lupus,2
choose,2
previously,2
Sammy,2
isolation,2
local,2
Plicht,2
movers,2
rear,2
hybrid,2
ICS,2
Rethinking,2
arbitration,2
parameters,2
MelayuNederlands,2
clarification,2
shearing,2
Manual,2
dietary,2
style,2
Share,2
questionable,2
front,2
Atlantic,2
Subboreal,2
Uncalibrated,2
ISO,2
digits,2
Norwegian,2
wikibooks,2
reviewing,2
Material,2
Jackals,2
corner,2
join,2
Kurd,2
Monograph,2
adjusted,2
Eurasier,2
metadata,2
Jawa,2
access,2
stratigraphy,2
dynamic,2
degree,2
reach,2
exhibited,2
sausage,2
corresponding,2
informal,2
address,2
premolar,2
GICC,2
Userpage,2
Available,2
upon,2
identical,2
raise,2
comparison,2
eras,2
Dentition,2
Chibanian,2
Puli,2
entertainment,2
killing,2
Rhizocyon,2
pads,2
Cattle,2
pair,2
Count,2
culpeo,2
Pure,2
log,2
Biographies,2
crushing,2
Uploaded,2
denote,2
temperaments,2
ears,2
depending,2
Hesperocyonines,2
Note,2
policiesWikipedia,2
Alike,2
Kister,2
Confirmed,2
mainspace,2
beach,2
Jensen,2
Tomorrow,2
Canada,2
Canaan,2
Geological,2
Domini,2
diversified,2
depend,2
granted,2
character,2
Egenvall,2
quality,2
appear,2
project,2
registry,2
polymorphisms,2
unprotected,2
urbe,2
Preboreal,2
cleaned,2
PolskiPortugu,2
ineffective,2
music,2
detail,2
Hogg,2
aperture,2
wangi,2
Vermont,2
technical,2
partnership,2
tackled,2
Deutsch,2
Moscow,2
indicates,2
haydeni,2
Law,2
Film,2
Luminescence,2
Hunter,2
dictionary,2
Proleptic,2
blind,2
hidden,2
Five,2
detailed,2
refer,2
rise,2
Mesozoic,2
Ignore,2
conventions,2
weigh,2
Permanent,2
evolutionary,2
Images,2
Stratotype,2
insured,2
Modifications,2
Italy,2
mistaken,2
random,2
json,2
draw,2
complete,2
code,2
unofficial,2
bushy,2
pampas,2
Wincanton,2
zodiac,2
pedigrees,2
Zhokhov,2
Mundi,2
Artlist,2
branches,2
Revision,2
oxalic,2
includeonly,2
Exposure,2
historically,2
independent,2
Mesoamerican,2
arrived,2
forests,2
wish,2
belonging,2
pad,2
Bonnett,2
Superprotect,2
riffautae,2
integrating,2
Among,2
descendant,2
Falkland,2
Collage,2
represents,2
Paleoclimatology,2
Francisco,2
began,2
Project,2
phenotype,2
Overview,2
heritage,2
Wally,2
Pyrenean,2
Deletion,2
replace,2
worldwide,2
feasible,2
tree,2
sock,2
editnotice,2
tags,2
millions,2
viewtalkedit,2
consisted,2
Half,2
legged,2
Bugzilla,2
Carea,2
Clade,2
Dealing,2
material,2
Merriam,2
Protectedtitles,2
hour,2
Greenland,2
beagle,2
Victorian,2
Metadata,2
inside,2
conflict,2
kills,2
recognised,2
definition,2
Valkenburgh,2
consist,2
Lists,2
permissions,2
Cosmic,2
proestral,2
anyone,2
event,2
inhabit,2
Following,2
spam,2
span,2
armbrusteri,2
raw,2
nglisc,2
Lapphund,2
cedazoensis,2
userspace,2
implicitly,2
hoary,2
Geochronology,2
aisGalego,2
ask,2
theories,2
vocalizations,2
Mary,2
bone,2
Guidance,2
bony,2
generation,2
mastication,2
beings,2
Lowe,2
amount,2
icon,2
proven,2
slicing,2
implementing,2
DecemberstFreak,2
northern,2
discretion,2
bot,2
frequency,2
astronomy,2
Shiba,2
rock,2
flat,2
Perro,2
filter,2
della,2
fauna,2
tenure,2
Generic,2
cal,2
technically,2
interglacial,2
robustus,2
Citations,2
Chronostratigraphy,1
cdc,1
roii,1
Cumberland,1
antonii,1
ThomasSports,1
rounded,1
ceb,1
Huth,1
Seinfeld,1
Categorization,1
Food,1
Cahill,1
Plio,1
cfm,1
RfC,1
stasis,1
MobSongs,1
u,1
v,1
Adversaria,1
compressus,1
Checkingfax,1
Nobleman,1
Jourgensen,1
disperse,1
Delacroix,1
gone,1
chy,1
WikidataWikipedia,1
Homini,1
salting,1
root,1
hard,1
temerarius,1
Chronostratigraphic,1
uploads,1
userpage,1
omnivorous,1
Rufus,1
ckb,1
Gaubert,1
Rugby,1
existShutter,1
signatures,1
siplicidens,1
flow,1
Duckworth,1
Parvovirus,1
Wilton,1
exertion,1
radiations,1
anal,1
cancers,1
IfNum,1
Parlor,1
remix,1
tarijensis,1
subsection,1
Cryogenian,1
biomechanical,1
Ligia,1
backlogs,1
Nonetheless,1
question,1
wishing,1
Tisquesusa,1
Comptes,1
rose,1
Ale,1
stably,1
Disruptive,1
Copyright,1
latidens,1
puppiesCanids,1
Huang,1
nynorskPlattd,1
NovaMagyar,1
Courtesy,1
Lineage,1
Dire,1
specialized,1
Eruditescholar,1
captivity,1
Any,1
PhlaocyonBorophagini,1
SRM,1
microsatellites,1
Jasinski,1
SSC,1
comments,1
aforementioned,1
FULLWP,1
Carnivore,1
dudleyi,1
incident,1
netoTi,1
defines,1
Wanderer,1
notation,1
Comstock,1
SundaSuomiSvenska,1
ECPWP,1
opposite,1
Midwestern,1
rulesContent,1
offering,1
creating,1
Stock,1
cut,1
Edouard,1
Asa,1
Sweden,1
Ask,1
Milankovitch,1
Aso,1
prevented,1
replaces,1
Run,1
ratingDate,1
dogReferences,1
leptodus,1
bunArts,1
Greene,1
caninelegislation,1
Aub,1
AmericaDog,1
Bergamasco,1
CASCADEWP,1
ancestral,1
suited,1
arboreal,1
Sansalone,1
Gujarat,1
optatus,1
scientist,1
warranted,1
house,1
Others,1
Gaussians,1
proplatensis,1
reducing,1
taxonomy,1
Conference,1
climb,1
Operations,1
rhead,1
Beginning,1
EnglishSloven,1
Himalayan,1
groupsvteDogsBehavior,1
documentationHighly,1
Regina,1
bright,1
trails,1
falkenbachi,1
Facts,1
Guangshuai,1
speedy,1
Atwater,1
outlined,1
Environmental,1
created,1
socks,1
Kelpie,1
format,1
positioningCenteredPair,1
Pennsylvanian,1
fried,1
Carnage,1
CBE,1
Digital,1
Kings,1
sixteen,1
yearsPrehistoric,1
NorskPolskiPortugu,1
built,1
chromosome,1
tedfordiGenus,1
troglodytes,1
build,1
OdysseusTroy,1
Valdespino,1
quageo,1
TFA,1
scanner,1
Sponenberg,1
pseudo,1
luskensis,1
announcement,1
carefully,1
beginnings,1
Maryland,1
borophagine,1
studbook,1
Emmy,1
Rhyacian,1
Mudi,1
autopromotion,1
BehaviourAlmost,1
maximum,1
Isabella,1
desert,1
slenska,1
marylandica,1
Terminus,1
michauxi,1
CollageofNineDogs,1
anachronistic,1
limosus,1
possibly,1
static,1
test,1
Periodization,1
Sibrava,1
acceptance,1
final,1
pugnator,1
Schwander,1
Entlebucher,1
subepochs,1
Sandbox,1
sheets,1
Alexandr,1
Paleobiology,1
billions,1
abusive,1
Novaro,1
Bohemian,1
dpiVertical,1
monogamous,1
baby,1
subtaxa,1
clicks,1
upcoming,1
Calymmian,1
Verzeichnis,1
reared,1
thick,1
sockpuppetry,1
Aquariums,1
lock,1
Rodgers,1
Sly,1
researchers,1
dioestral,1
warned,1
doc,1
Gabriele,1
reblocked,1
parameterGood,1
Eizirik,1
specimens,1
Educational,1
PopUpMediaTransform,1
Blaire,1
Sow,1
Manske,1
Potassium,1
Cavendish,1
arrangement,1
guidelinesLists,1
strip,1
Andrewa,1
Magnus,1
manga,1
credit,1
alter,1
Bot,1
establishment,1
Boy,1
Estrela,1
olFryskBahasa,1
labelled,1
Edmonton,1
Collection,1
BorophagusCaninae,1
paradigm,1
tinaDanskDeutschEestiEspa,1
suppressed,1
categorize,1
attempting,1
ScotsSeelterskSimple,1
Canina,1
dug,1
Kauhala,1
cinereoargentus,1
Ralph,1
empirical,1
trees,1
observed,1
Distinct,1
meaning,1
baculum,1
cracking,1
Paleolithic,1
Land,1
Wroe,1
Ludwig,1
PURPLELOCKUpload,1
chonokhariensis,1
Chira,1
Tchaicka,1
identifiable,1
guideArticles,1
But,1
breedsDog,1
cusp,1
Kasparov,1
Finnusertop,1
Reviewer,1
biasMaximum,1
Schapendoes,1
gadgets,1
approximate,1
Viewer,1
Hunderace,1
Arts,1
exemplified,1
Sammet,1
usedAdobe,1
Llandovery,1
Serra,1
disrupt,1
superprotect,1
Schrago,1
rangeUnknownSerial,1
cipio,1
Iranian,1
winning,1
Yates,1
Croatian,1
layout,1
Wolfgang,1
numberf,1
Thomason,1
Beware,1
Prairie,1
Hemisphere,1
Dendrochronology,1
McNab,1
Laws,1
Hydatidose,1
Proposed,1
cattle,1
stated,1
DanDee,1
Heading,1
Benyacoub,1
Transmontano,1
foundation,1
variability,1
Chao,1
Scandinavian,1
ProgramNormal,1
hunted,1
GREENLOCKMove,1
Grippe,1
Paleogene,1
Jedrzejewski,1
Graphicaltimeline,1
Characters,1
existence,1
transclusion,1
CynarctusAelurodontina,1
Americans,1
revision,1
Illuminated,1
Chee,1
Chien,1
Makunin,1
miacoids,1
Bureau,1
Hatnotes,1
Gampr,1
advantage,1
Cleaning,1
DEL,1
pavidus,1
Wwcensor,1
wiktionary,1
markedly,1
substrings,1
branch,1
absent,1
aebcd,1
near,1
GSSA,1
AB,1
spayed,1
Asturianu,1
AH,1
proportional,1
AM,1
GuidelinesIn,1
planning,1
howls,1
brevirostris,1
Volpino,1
Civility,1
TMHGalleryHook,1
Al,1
Au,1
BY,1
Az,1
musician,1
Herder,1
computers,1
Basque,1
CE,1
Bj,1
hopping,1
Enforcement,1
Userbox,1
multicuspus,1
feathering,1
leash,1
subdivisions,1
Cb,1
UPROTWP,1
Co,1
Epidemiology,1
Cr,1
assessment,1
elongated,1
Violations,1
Hairs,1
emryi,1
Sernander,1
ADMIN,1
termThis,1
Palleiro,1
Viewing,1
guideline,1
sanctions,1
Editorial,1
FT,1
Hlist,1
vol,1
Wlodzimierz,1
constituent,1
Elinor,1
HE,1
discretionary,1
Go,1
Albums,1
newly,1
Ardennes,1
ID,1
digitize,1
specify,1
PROSome,1
JR,1
rights,1
zoological,1
ORANGELOCKOriginally,1
vte,1
Stenian,1
esg,1
strongest,1
sagittal,1
bloodlines,1
Kj,1
esu,1
vteChronologyKey,1
screen,1
naked,1
LX,1
lepophagusC,1
Boundary,1
Pinbury,1
oscillations,1
secretions,1
OhanaUnited,1
remedies,1
surviving,1
Gloucestershire,1
substituted,1
tribe,1
NO,1
Macintosh,1
Tonian,1
Ruppell,1
Specific,1
Dincauze,1
PD,1
Award,1
Oe,1
Attacks,1
PP,1
establishing,1
Beth,1
Indians,1
Pp,1
Abra,1
himself,1
variabilis,1
LightandDark,1
puppetry,1
Ra,1
default,1
AztecWinter,1
horror,1
alternatively,1
newcomers,1
structures,1
Abyssal,1
Hanneman,1
Dixon,1
liorer,1
incorporate,1
fossilized,1
Wideman,1
Truth,1
might,1
expressions,1
Canidaegraphicaltimeline,1
Glossary,1
orbits,1
next,1
submit,1
WF,1
Constitutional,1
disciplines,1
Hypercarnivory,1
Michelle,1
fad,1
decide,1
issued,1
Railfan,1
Velavadar,1
spurts,1
instituted,1
Gulf,1
lowest,1
Rule,1
Tatra,1
browse,1
denial,1
portion,1
Swiss,1
WAZA,1
Peruvian,1
Trends,1
Fain,1
grip,1
fdd,1
Perugia,1
Gotthelf,1
Dmbox,1
geochronologyQuaternary,1
wolflike,1
Implications,1
Removal,1
HornjoserbsceHrvatskiBahasa,1
Encyclopedias,1
looks,1
vteAdministrators,1
Nick,1
Animaldiversity,1
produced,1
explaining,1
why,1
cornmeal,1
unbounded,1
Until,1
Abdel,1
raki,1
Acad,1
MediaWikiPlayer,1
Mesocyn,1
Bowen,1
Subatlantic,1
aT,1
Geophysical,1
grow,1
harlowi,1
am,1
Stedman,1
bc,1
bh,1
bk,1
bp,1
Agust,1
sudden,1
Dolgopolov,1
tooth,1
ca,1
cc,1
Periodstart,1
Randi,1
policyvte,1
Popp,1
freely,1
Piacenzian,1
Titledisambigtext,1
Iriarte,1
Difference,1
Puces,1
ceafddf,1
rare,1
won,1
Carnivorans,1
workbench,1
Reviving,1
el,1
favored,1
es,1
Guadalupian,1
ex,1
Treeing,1
fe,1
versionContent,1
terminology,1
VPR,1
contrary,1
GlottochronologyRelated,1
digital,1
rurestris,1
misinterpretation,1
Nina,1
conserve,1
Seleucid,1
EPI,1
Smithfield,1
hy,1
Don,1
ik,1
Position,1
schemes,1
Unregistered,1
Terreneuvian,1
contrast,1
noses,1
CanineradiationPal,1
fluctuates,1
River,1
ke,1
Structure,1
immigration,1
km,1
SirGents,1
suggestion,1
DeutschEspa,1
Diagram,1
calibrating,1
le,1
lg,1
topological,1
ll,1
Macdonald,1
voorhiesi,1
corresponded,1
Proterozoic,1
ml,1
contest,1
Lichenometry,1
author,1
Carolina,1
my,1
Caroline,1
plus,1
Neoarchean,1
essay,1
prediction,1
brachypus,1
nl,1
derivativeFX,1
elapsed,1
Due,1
reserve,1
cladogram,1
ol,1
pc,1
megafauna,1
parvus,1
queued,1
Wikipedians,1
extremely,1
mandible,1
Appenzeller,1
brand,1
Yalden,1
PTPROT,1
Armenian,1
expire,1
rm,1
Variet,1
Xiaohui,1
skeletal,1
retrievers,1
started,1
teamwork,1
tl,1
generations,1
endangered,1
Hughen,1
Descended,1
biting,1
achoros,1
laboratories,1
Beauceron,1
preview,1
oestrus,1
Brisbin,1
SandboxSandboxes,1
Reveals,1
RhizocyonPhlaocyonini,1
FAQ,1
Paleoarchean,1
ya,1
nails,1
Marmer,1
combinations,1
Show,1
north,1
magnetism,1
power,1
Stradivarius,1
Kromer,1
Ettore,1
Paleozoic,1
massive,1
Model,1
gasping,1
Retournement,1
Ombox,1
Company,1
hosted,1
Thales,1
barrier,1
Eds,1
Horse,1
Assembly,1
breeders,1
xiv,1
depended,1
BLOCK,1
addressed,1
Malek,1
proto,1
anatomical,1
Championship,1
judges,1
purpose,1
rspb,1
security,1
Subcommission,1
Luca,1
follow,1
medicineDo,1
huntaway,1
vanishing,1
Hernando,1
crucidens,1
Thing,1
marrow,1
Analysis,1
othmani,1
Kutta,1
Angeles,1
Boxer,1
occidentalis,1
brachyops,1
Shots,1
Somerset,1
resolved,1
hypercarnivorous,1
Pandolfi,1
cardiaque,1
oregonensis,1
reports,1
correct,1
bicuspid,1
gos,1
Mucuchies,1
Christ,1
area,1
DMXAlbums,1
State,1
Checks,1
balanceAuto,1
regional,1
Wolff,1
paintings,1
Protectionpolicy,1
processExposure,1
Admin,1
revoking,1
Values,1
parastyle,1
Ukrainian,1
camel,1
arid,1
Offers,1
Square,1
Consensus,1
legacies,1
discredited,1
restrict,1
typeList,1
Threatened,1
savannahs,1
Hadean,1
inconsistent,1
Ankylostome,1
predecessors,1
franchise,1
Penguin,1
supernatural,1
Paleoproterozoic,1
harmful,1
MtDNA,1
basic,1
Archean,1
disallowed,1
Auto,1
twentieth,1
idealized,1
venaticusTrue,1
walk,1
Lagorai,1
decay,1
Cincinnati,1
mutt,1
marslandensis,1
Pascale,1
want,1
input,1
dogAll,1
Namibia,1
Pridoli,1
archaic,1
SUPERPROTECTSuperprotect,1
Cynic,1
Wikip,1
TimeErasEpochsCalendar,1
entirely,1
Atelier,1
subseries,1
chart,1
ybp,1
differing,1
entoconid,1
PPDRVIf,1
nynorskOccitan,1
trapped,1
Daryl,1
weighs,1
adapt,1
Budiansky,1
Cadieu,1
muzzles,1
warm,1
wars,1
Metonic,1
impossible,1
Sennenhund,1
cautleyi,1
video,1
exercising,1
ends,1
Friis,1
alike,1
reproductionGray,1
wikimedia,1
TephrocyonCynarctina,1
Oglala,1
multi,1
Helene,1
articlesArticles,1
hypercarnivores,1
Suburban,1
Nickelodeon,1
Jurassic,1
Dwarf,1
JanuarFile,1
Wei,1
layer,1
ways,1
Lead,1
tennis,1
Chesapeake,1
violationsPending,1
Phylogeny,1
CFile,1
mammalian,1
Patent,1
vestigial,1
Who,1
repeatedly,1
sinensis,1
Shetland,1
saxatilis,1
Wis,1
yakolai,1
values,1
Bannasch,1
Virgin,1
debut,1
Appropriate,1
banned,1
restore,1
Fig,1
posting,1
prairie,1
phenotypes,1
Fix,1
pedestrian,1
Design,1
olEsperantoEuskara,1
Dholes,1
diverse,1
strict,1
GMB,1
beer,1
hattai,1
rolesAuthority,1
nynorskOccitanPolski,1
webbi,1
Freitas,1
lacked,1
court,1
Scotch,1
bulla,1
dealt,1
Alentejo,1
hop,1
hot,1
TOCright,1
protectionEditing,1
parental,1
Hawkeye,1
chip,1
Mangerud,1
meet,1
publications,1
Kuvasz,1
Ovcharka,1
Notably,1
putting,1
Procedure,1
Elkahloun,1
Verifiability,1
zones,1
Wenlock,1
blank,1
Annette,1
Contributors,1
anddroving,1
Football,1
SALTWP,1
PPWP,1
Photoshop,1
makeCollapsible,1
tracking,1
iamonensis,1
Leon,1
barks,1
sensitive,1
hiphop,1
Petroleum,1
Hotam,1
Buhund,1
biological,1
Lens,1
Acronyms,1
instantaneous,1
phenomenon,1
conspecifics,1
ambrusteri,1
marks,1
Subdivision,1
codes,1
programExif,1
concerned,1
Hovawart,1
radio,1
Coast,1
geographic,1
LatinaL,1
international,1
calculated,1
LangSwitch,1
Eras,1
Wye,1
Newnham,1
Between,1
crassidens,1
coded,1
GoyaBooks,1
Gittleman,1
CAactioncenter,1
Meekhayla,1
dendrochronology,1
rooted,1
Phlaocyonini,1
regulation,1
Staff,1
Pseudalopex,1
Stage,1
hippophaga,1
Komondor,1
Protectiontemplates,1
Castro,1
Eduardo,1
CatDog,1
fundamental,1
subsecondsDateTimeOriginal,1
translocated,1
Gelasian,1
Marsha,1
protections,1
ummz,1
Baltimore,1
stenocephalus,1
After,1
invite,1
Alexey,1
Philadelphia,1
Wesley,1
Eric,1
Click,1
Nastasia,1
PortalvtePastoral,1
Jeremiah,1
please,1
PROWP,1
Lunar,1
extends,1
laboratory,1
Latga,1
Claudia,1
imageCustom,1
Paid,1
NHMSYS,1
modePatternLight,1
growls,1
Dogg,1
antedates,1
Nerdai,1
Caiba,1
subsecondsSupported,1
venerable,1
imparts,1
Dogz,1
Dictionaries,1
discussions,1
thooides,1
Etiquette,1
placental,1
arise,1
filing,1
Pomerania,1
Biotechnology,1
flFile,1
Proc,1
Rollback,1
Cynarctina,1
LimmuEra,1
REVDEL,1
anatomically,1
Paleontologica,1
editorPolicy,1
FrankyLeRoutier,1
Astronomy,1
preferably,1
Pitulko,1
preferable,1
UPLOAD,1
Villafranchian,1
Heredity,1
ilo,1
monophyly,1
focal,1
determinations,1
Vladimir,1
Bloch,1
Societe,1
JPGFile,1
Zoos,1
Earl,1
enforced,1
quantity,1
tricks,1
SignaturesBroad,1
subtitled,1
Societ,1
Ersb,1
Ibizan,1
Transwiki,1
inaSoomaaliga,1
Plexus,1
EnglandPeople,1
poor,1
Profiles,1
Samee,1
Alternative,1
Hollow,1
vulpinus,1
airport,1
Doggies,1
providing,1
ameghinoi,1
manufacturerNIKON,1
Newsletter,1
Templeton,1
ire,1
densely,1
pelage,1
rationale,1
Fazio,1
fast,1
trials,1
Interface,1
Older,1
Russian,1
theorized,1
Camera,1
DaneGroups,1
remedy,1
Cherin,1
Isles,1
respect,1
estomac,1
carnivora,1
shell,1
Neoproterozoic,1
datingAstronomical,1
paste,1
IsiZulu,1
Gillespie,1
pageTalk,1
Tesem,1
Info,1
BLACKLOCKAs,1
NordfriiskNorskNorsk,1
ogeneNeogene,1
Bite,1
Sirius,1
Mesoproterozoic,1
Orient,1
script,1
animation,1
silver,1
Justice,1
Flint,1
CASCADE,1
olEuskara,1
Astronomical,1
Gwi,1
Gesellschaft,1
monotypic,1
amicusSwift,1
polar,1
Indeed,1
Paperback,1
copied,1
unlocked,1
points,1
copies,1
Voelker,1
Carpathian,1
Miwa,1
documentBFBFAFEBBCFADForg,1
canavus,1
prompted,1
real,1
sediment,1
Mioritic,1
unit,1
substantive,1
organisms,1
Lunisolar,1
Brace,1
Formal,1
Format,1
scagliarum,1
saying,1
blunt,1
truetrue,1
Mallorquin,1
Circa,1
productive,1
AsturianuCatal,1
tricolor,1
puppets,1
profuse,1
mmScene,1
Panama,1
jam,1
jaw,1
platensis,1
Irion,1
containing,1
EarthCenozoic,1
rings,1
letter,1
alternatives,1
lobed,1
Pridobljeno,1
annually,1
pxHeight,1
oceneEoceneOligocenePlioceneMiocene,1
penis,1
shear,1
DavidCane,1
cyclesGeologic,1
Watchdog,1
danceGroups,1
jhered,1
Parragon,1
Revised,1
acridens,1
Patricia,1
numberingOthers,1
racemisation,1
CanidsMammal,1
Greyhound,1
Pennsylvania,1
Johnsen,1
parties,1
Greco,1
leaving,1
Genera,1
Linda,1
malicious,1
domesticus,1
vanished,1
Garafian,1
nineteenth,1
Knowles,1
modeAuto,1
Unported,1
delicate,1
Sovada,1
Ikeda,1
Database,1
CommonsWikispecies,1
Utilisateur,1
coryphaeus,1
hollow,1
Redolta,1
Princesa,1
Module,1
ungulate,1
ensenadensis,1
Teblick,1
consulted,1
interwiki,1
Associates,1
Newly,1
Galician,1
Armanaziz,1
cushioned,1
mature,1
spissidens,1
vandalismWikipedia,1
Paulmcdonald,1
episodes,1
Italiana,1
ListsClassification,1
joy,1
imitation,1
jpa,1
Axis,1
sheep,1
adds,1
rest,1
AsturianuAva,1
differ,1
Anchor,1
investigation,1
borophagines,1
jqs,1
MIME,1
Phillip,1
Divisions,1
Hot,1
lling,1
PratyushSinha,1
Cerdocyonina,1
thermo,1
vomited,1
difficulties,1
pillars,1
crossbreedsReferences,1
TimeThumbnailDimensionsUserCommentcurrent,1
differentiate,1
defamation,1
BooksCriteria,1
Kallio,1
Granting,1
Laskar,1
Sannse,1
Oxfordshire,1
Norsk,1
Ediacaran,1
Airport,1
CORPORATIONCamera,1
gezi,1
party,1
visiting,1
relates,1
KeeperIMG,1
candid,1
aisHrvatskiBahasa,1
Rice,1
SuomiSvenskaTagalog,1
unacceptable,1
lowercase,1
KyfishfishfishEdited,1
Morally,1
appealing,1
corridor,1
Tzolk,1
inactive,1
unincorporated,1
Carbyn,1
chasing,1
intermedius,1
Happysmileman,1
pursuit,1
YellowLabradorLooking,1
timeConcepts,1
Flynn,1
Heptner,1
indirectly,1
Ochotorena,1
Sinope,1
subpages,1
auto,1
srpskiBasa,1
sign,1
ratioFocal,1
Tyler,1
Moyes,1
publication,1
officially,1
Miacoidea,1
poker,1
Smoky,1
Hegiri,1
roots,1
compositionRGBOrientationNormalNumber,1
belongs,1
Lopingian,1
Advice,1
errors,1
kac,1
artistScience,1
QuaternaryPal,1
Wendell,1
Synchronoptic,1
Scale,1
declined,1
Friends,1
sequencing,1
Gina,1
renaming,1
megamastoides,1
africanus,1
remaining,1
accept,1
orcuttiC,1
Biomarkers,1
hind,1
referring,1
herbivorous,1
Markers,1
Protectedpages,1
Master,1
Gasow,1
fourth,1
conspicuously,1
UploadedwithderivativeFX,1
estimations,1
contexts,1
ProtectionPolicy,1
sector,1
extreme,1
Cuvac,1
Obsidian,1
Kansas,1
Automatictaxobox,1
Britannica,1
Richmond,1
montanensis,1
CalibrationDates,1
SMcCandlish,1
skinneriCanis,1
Picard,1
kit,1
NordfriiskNorsk,1
typeA,1
morbidity,1
allocation,1
Tierbezeichnungen,1
Dobrynin,1
transmit,1
ones,1
Gaming,1
geringensis,1
Dogspotting,1
sight,1
breedsCross,1
Medford,1
Barstovian,1
habitats,1
unsuccessful,1
SILVERLOCKSemi,1
Anatoly,1
McHenry,1
regular,1
informed,1
fraction,1
metersMetering,1
highlights,1
SvenskaTi,1
cranium,1
Ile,1
describing,1
mechanisms,1
Ordovician,1
continents,1
Vertebrate,1
Brave,1
namespaces,1
Ballantine,1
Amino,1
informational,1
greatest,1
player,1
mediated,1
studied,1
resembled,1
boxesShortcuts,1
Lynn,1
Gender,1
approved,1
endorses,1
Lyme,1
solid,1
galaticus,1
applies,1
accessible,1
Iro,1
thousGenus,1
Institute,1
Diogenes,1
jpeg,1
Clarify,1
Malinois,1
Harris,1
abbreviation,1
consisting,1
Layout,1
Bquote,1
Mivart,1
implement,1
Rawlence,1
Leathlobhair,1
Keith,1
soles,1
Unique,1
uLatinaLatvie,1
Fiber,1
methodOne,1
controlNoneContrastNormalSaturationNormalSharpnessNormalSubject,1
disclaimers,1
ACPERM,1
expanded,1
crossbreedsMixed,1
Dogbreed,1
Skeleton,1
blocks,1
Sutter,1
tundra,1
syntax,1
monobook,1
glandis,1
experiment,1
PCPPWP,1
Karakachan,1
Montana,1
Memoir,1
sardous,1
sSrpskohrvatski,1
Benji,1
SubpagesWMF,1
respectively,1
matter,1
Espilio,1
irons,1
Annie,1
ReadView,1
product,1
Bandipur,1
scientifically,1
changesPolicy,1
Metrological,1
Notability,1
Musiani,1
Suzie,1
frontiers,1
Daag,1
Vets,1
revert,1
ereurop,1
emptively,1
naming,1
avus,1
othmaniTribe,1
Bench,1
ungulates,1
TURQUOISELOCKCascading,1
Marshallsumter,1
opening,1
industrial,1
basilatus,1
quem,1
avius,1
sport,1
Dawgs,1
olFran,1
let,1
Code,1
Barrels,1
Icelandic,1
Raven,1
societiesAcronyms,1
graphic,1
coincident,1
Waggers,1
fashion,1
principle,1
unable,1
Ultimate,1
Pumi,1
dominated,1
converted,1
Bullets,1
KomarovWild,1
Aidi,1
Pseudo,1
Wide,1
convention,1
enlarged,1
Jin,1
subsecondsDateTimeDigitized,1
Blanc,1
Yurchenko,1
CANIF,1
colonize,1
PPINDEFWP,1
Kooyman,1
batter,1
suppressing,1
annectens,1
Dana,1
Kerstin,1
enterprise,1
hereUpload,1
Kruglyak,1
IndonesiaItalianoNederlands,1
merely,1
phases,1
dihydrate,1
Stable,1
tWalonWinaray,1
jasrep,1
Incorporated,1
Ephemeris,1
None,1
inappropriate,1
disappeared,1
Cardigan,1
saevus,1
Core,1
combination,1
Cope,1
LandracesGroups,1
Jos,1
hydration,1
Derek,1
Friendly,1
relied,1
thompsoni,1
mathematics,1
progesterone,1
SeinfeldCharacters,1
adoxus,1
Corn,1
zoom,1
Single,1
lithe,1
interaction,1
Wiki,1
sketched,1
Kpgjhpjm,1
Dawg,1
crack,1
bind,1
Mesoarchean,1
Lapponian,1
domain,1
assigned,1
muskoxen,1
Nichols,1
Called,1
gawnae,1
Increasing,1
Oryx,1
Falklands,1
Typically,1
Chart,1
Blue,1
familiesBartonian,1
Maiorino,1
MongrelA,1
operational,1
unilaterally,1
Duane,1
neodymium,1
Geologists,1
Accounts,1
Neutral,1
Jacqueline,1
Evad,1
boundaries,1
interferes,1
Protecting,1
tackle,1
Gaddi,1
marianae,1
aelurodontoides,1
JSON,1
hemisphere,1
Gobicyon,1
spelling,1
permission,1
xxxvi,1
Litt,1
Lourens,1
Even,1
Tralfalgar,1
served,1
usergroup,1
Magellan,1
sesnoni,1
inserted,1
Raffaele,1
Protectedpagetext,1
Pastore,1
uetulus,1
authorizing,1
Chailicyon,1
mcgrewi,1
recognition,1
feel,1
hodophilaxC,1
Nederlands,1
Chambers,1
Miniature,1
Byzantine,1
becomes,1
bottlenecks,1
conceive,1
nonsense,1
incursion,1
Elkhound,1
blurred,1
branching,1
graphique,1
stick,1
Konrad,1
avoided,1
Pbsouthwood,1
Suisse,1
Bernard,1
receives,1
Georgia,1
alloparental,1
Debra,1
Key,1
mil,1
umich,1
tinaCymraegDanskDeutsch,1
mix,1
tinaDanskDeutschDin,1
blacklist,1
appeal,1
descended,1
Fluorine,1
chronology,1
Santa,1
cooked,1
bears,1
Morden,1
Kim,1
Kil,1
temperate,1
Stela,1
Yibin,1
Weichselian,1
distinctiveness,1
proper,1
clusters,1
Schipperke,1
Tyrone,1
mnw,1
pxBits,1
Pixel,1
Conventions,1
reliably,1
arctic,1
Periodid,1
relation,1
Carlson,1
attempts,1
geochemistry,1
nicknamed,1
photographed,1
talon,1
Vidal,1
toward,1
Miklosi,1
persecution,1
Yearssince,1
Amaral,1
Doggie,1
PeriodPleistocene,1
Petz,1
Ancestry,1
emptive,1
cascade,1
componentY,1
capture,1
unreliable,1
mud,1
Manchego,1
Sock,1
nuchal,1
Assessment,1
jres,1
libel,1
incubator,1
distances,1
stirtoni,1
humid,1
controversy,1
revised,1
reversion,1
leading,1
mww,1
behaving,1
Wumbolo,1
Hoek,1
mya,1
Qian,1
Newcastle,1
matrix,1
Linking,1
Palaeontology,1
sleep,1
malamute,1
prohibition,1
toed,1
pushing,1
descent,1
appearancesExtant,1
namespaceProject,1
vteExtinct,1
Miguel,1
PREEMPTIVEApplying,1
layers,1
Aires,1
doesn,1
labrador,1
breedsRare,1
obligatory,1
Malgorzata,1
Benjamin,1
Greatedits,1
NGRIP,1
Ewen,1
Hendricks,1
Ewer,1
Measuring,1
arisen,1
VietnameseCalendarsPre,1
Sothic,1
atmosphere,1
UTRS,1
aisFryskGaeilgeGaelgG,1
nap,1
Pablo,1
typeStandardScene,1
Caucasian,1
crossing,1
Ancheta,1
Galactic,1
Parsesource,1
crossed,1
Hond,1
accreditation,1
Tara,1
Carboniferous,1
Lorenzo,1
stored,1
clubOther,1
uneditable,1
Lexicon,1
TRUE,1
Mississippian,1
PPLISTThe,1
Shearman,1
skullDentition,1
substage,1
positions,1
Themenliste,1
Fila,1
Isthmus,1
boundary,1
brachyurusGenus,1
influenced,1
Ithaca,1
Lea,1
risky,1
ring,1
shift,1
decided,1
Hunted,1
Mechanisms,1
Paleodb,1
perro,1
BLUELOCKExtended,1
Fringe,1
argonTephrochronology,1
Canon,1
permitted,1
tschPortugu,1
Reynolds,1
GFile,1
qiuzhudingi,1
Systematic,1
Liu,1
perru,1
resulted,1
documents,1
Jennifer,1
principlesNewPP,1
WikiProjectsUser,1
ASPRO,1
attractive,1
sannse,1
Trinitrobrick,1
preventative,1
Texas,1
digitizing,1
faeada,1
PERM,1
breaks,1
locking,1
Jean,1
criteria,1
fireDateTime,1
Devonian,1
Francis,1
give,1
Log,1
survived,1
CanidaeG,1
BusterD,1
invasions,1
Los,1
OsteologyAll,1
Feist,1
martini,1
purity,1
TempUndelete,1
cameracadLens,1
Mauro,1
Without,1
Quignon,1
Shalter,1
tinaCymraegDeutschEestiEspa,1
heads,1
WoRMS,1
secundus,1
spelled,1
notification,1
Cactus,1
camelDuring,1
Kangal,1
Microsatellite,1
Pagani,1
Mifflin,1
Auton,1
namespaceConduct,1
Cross,1
rocks,1
Oversight,1
Floruit,1
stimulus,1
Sardu,1
approaches,1
camels,1
ItalianoBahasa,1
Paradiso,1
Statherian,1
odessanus,1
Portugu,1
diversidens,1
recourse,1
disclaimer,1
Isle,1
corndog,1
essential,1
Helle,1
Stumpy,1
MelayuNederlandsNorskNorsk,1
mainland,1
dogsHerding,1
condoni,1
bulbus,1
WordWorldMusic,1
Dual,1
frame,1
mountains,1
srpskiSuomiSvenska,1
brightest,1
trouble,1
Cohen,1
preying,1
Damien,1
pottery,1
Qimugta,1
Beringian,1
NBN,1
NBS,1
kese,1
Nazhivin,1
Castellano,1
Andiron,1
Pantalla,1
metal,1
Durbin,1
Bermicourt,1
evasion,1
continuing,1
Map,1
Lorna,1
orcesi,1
BosanskiBrezhonegCatal,1
Israeli,1
alertness,1
woodworking,1
Laboreiro,1
unitsStandards,1
Georgian,1
camera,1
Djmirko,1
Anatolian,1
Mainother,1
articleStyle,1
Indefinite,1
Morris,1
Teeth,1
IATA,1
Alan,1
follows,1
chosen,1
Men,1
geochronologyGeological,1
Ludlow,1
Slater,1
timescale,1
pretty,1
PadlocksNotes,1
Included,1
radiation,1
psyDeutsch,1
Ruvinsky,1
strategic,1
tzebuergeschLietuvi,1
monticinensis,1
modelNIKON,1
lifespans,1
vetulusGenus,1
DExposure,1
Jones,1
variety,1
Agriculture,1
pump,1
Convert,1
galushai,1
cameraScene,1
connected,1
buying,1
Dutch,1
Aelurodontina,1
Neocynodesmus,1
Hemingfordian,1
Came,1
rulings,1
carcasses,1
regularly,1
Crow,1
taneo,1
Cane,1
genotype,1
opt,1
Conflict,1
Blackbuck,1
Prisco,1
Yang,1
resolutions,1
ische,1
Cplakidas,1
orc,1
Akbash,1
Mod,1
regime,1
filters,1
Mot,1
location,1
Luengos,1
UPPROTBase,1
software,1
Moon,1
displays,1
repository,1
Calabrian,1
Shortcut,1
Ectasian,1
connection,1
Carr,1
componentsHorizontal,1
Lancashire,1
exist,1
Vishalk,1
Those,1
Shirow,1
distribution,1
precise,1
Sisterproject,1
hoaxes,1
Cambrian,1
Louisiana,1
Permian,1
Pastor,1
unprotections,1
Perini,1
Ddstretch,1
realistic,1
activist,1
hilli,1
Isotope,1
Laekenois,1
glaciations,1
Natl,1
ShortcutsWP,1
Assume,1
forefeet,1
zhoui,1
lycaonoides,1
note,1
sexagenary,1
aims,1
confidence,1
microtisGenus,1
ScienceCourseware,1
Tornjak,1
McConnell,1
Eemian,1
megamostoides,1
Austin,1
Sardella,1
Garcez,1
Tyson,1
WHITELOCKPending,1
microformatsCommons,1
neutral,1
appearancesTaxa,1
concluded,1
MOVPWP,1
equator,1
sedimentary,1
cows,1
Timeline,1
licenses,1
component,1
Coile,1
Russo,1
brachygnathus,1
faces,1
discuss,1
Cooper,1
Biologies,1
perrosPolski,1
Balablitz,1
pacivorus,1
Nigos,1
rueppellii,1
Slambo,1
claims,1
Vallhund,1
EpochHolocene,1
anoestrus,1
medium,1
Over,1
producing,1
Plagiarism,1
ridge,1
Javert,1
Leonardo,1
Diana,1
UnderstandabilityDates,1
Cynomys,1
Arbcom,1
Municipal,1
RockMagnetist,1
Magazine,1
mmWidth,1
Interfertilidad,1
habitually,1
allozyme,1
Honghai,1
Floyd,1
Deep,1
Qimmiq,1
restriction,1
vandalized,1
assumes,1
contributionsPolicies,1
Pieter,1
rapper,1
cyclones,1
Karst,1
TPROTWP,1
Solar,1
Infrequently,1
depletion,1
Cwynar,1
imposed,1
Slovak,1
manner,1
clockLinguistic,1
stock,1
licensor,1
kings,1
Rorem,1
splayed,1
Changing,1
breedingPure,1
rarely,1
pagesPage,1
Klaus,1
jquery,1
grasslands,1
leucosteus,1
department,1
predator,1
transclude,1
editable,1
chief,1
sourceDigital,1
despite,1
formerly,1
Pilot,1
Dent,1
greyhound,1
Catalan,1
dpiSoftware,1
absorption,1
png,1
Aller,1
Dena,1
Cisuralian,1
exposureWhite,1
ShepherdLivestockguardian,1
scrutiny,1
ImFile,1
Adult,1
Subdivisions,1
Lawrence,1
Shackleton,1
Birmingham,1
retractile,1
davisi,1
Beach,1
continue,1
Robertgombos,1
Andres,1
Andrey,1
insufficient,1
Policyshortcut,1
Briard,1
employees,1
Bollettino,1
curved,1
ceremonial,1
processingNormal,1
Haab,1
retired,1
usertalk,1
curves,1
Nakagawa,1
Danish,1
Habj,1
AnthropoceneReferences,1
options,1
Afternoon,1
meets,1
apparently,1
artist,1
Rafeiro,1
macdonaldi,1
SKYBLUELOCKAdministrators,1
disclosure,1
supplanted,1
touching,1
Ascaridiose,1
Skulls,1
Pavel,1
Venkataraman,1
taxoides,1
Variation,1
hypercarnivore,1
Deleting,1
stomach,1
Technology,1
mariae,1
Rock,1
Cargill,1
archive,1
Altdeutsche,1
commandSee,1
Pyrenees,1
digitigrade,1
Licensing,1
Michele,1
cuspidatus,1
Kasia,1
philosopher,1
lupaster,1
Tervuren,1
Cornell,1
Danika,1
Majorero,1
taylori,1
agriculturists,1
enthusiasm,1
flexible,1
zygomatic,1
photoperiod,1
sourceUnknownFlashFlash,1
Cutler,1
uBio,1
Readers,1
Naumov,1
arches,1
Landseer,1
designated,1
metrologists,1
deciduous,1
mosbachensis,1
Orosirian,1
Citeencyclopedia,1
Finney,1
Roll,1
alphabets,1
Xiufeng,1
PDB,1
Rook,1
sole,1
strictly,1
IndonesiaItaliano,1
Insuffisance,1
Northamerica,1
josephi,1
soon,1
Pembroke,1
Abdelhamid,1
scholarly,1
classified,1
transcluding,1
underground,1
Gradstein,1
mesomelos,1
incidents,1
dioestrous,1
Bager,1
Whole,1
Ogg,1
asthenostylus,1
Stafford,1
Regnal,1
LatePleistocene,1
illustrate,1
sensorFile,1
experiences,1
Pink,1
BirdPeople,1
infer,1
Astronomic,1
operatively,1
valley,1
Brooksville,1
Andy,1
Reviewing,1
dispersal,1
delete,1
pollex,1
Renato,1
intentional,1
inaSuomiSvenskaT,1
nomenclature,1
contribution,1
sambar,1
constellation,1
Ivan,1
Permission,1
Highly,1
Chapman,1
numbered,1
Goya,1
cologneblue,1
GOLDLOCKA,1
fricki,1
Siderian,1
ISOdate,1
Lessinia,1
illinois,1
Created,1
perspective,1
Samarium,1
Hurricane,1
measurements,1
invade,1
accordance,1
transverse,1
Prototocyon,1
Inquiry,1
introgression,1
peninsula,1
Miaolingian,1
dewclaw,1
Traditional,1
mainly,1
Native,1
homogenization,1
eedcd,1
Jersey,1
datingRelative,1
Amanda,1
descriptionAll,1
spacesRGBSensing,1
cristaldii,1
Hiroshi,1
Nebraska,1
Phoenix,1
temnodonGenus,1
Pedigree,1
Lyenga,1
ratifies,1
lambdoidal,1
Hebrew,1
euthos,1
wisest,1
games,1
crest,1
Bowling,1
PWP,1
itself,1
geochronological,1
natal,1
IUGS,1
Examples,1
Thermoluminescence,1
thumb,1
Hijri,1
diets,1
uniform,1
causes,1
violate,1
grassland,1
evolving,1
Results,1
PREEMPTWP,1
reblocking,1
clues,1
astronomical,1
Hedges,1
ambox,1
bottom,1
travelers,1
balanceDigital,1
lvares,1
europaeusVulpes,1
DoctorWho,1
Rasmussen,1
Huntaway,1
currently,1
round,1
comic,1
paternal,1
civility,1
references,1
Aleksey,1
Harassment,1
CommonsWikibooksWikidataWikinewsWikiquoteWikisourceWikiversityWikivoyageWiktionary,1
renjiei,1
Fabricio,1
lighting,1
cultural,1
Principles,1
civets,1
Endangered,1
desiring,1
aao,1
arplaninac,1
rck,1
copyrights,1
signify,1
photo,1
AfroThundr,1
pagesAll,1
PREFERWhen,1
Deevey,1
copei,1
transmission,1
helpless,1
Walking,1
curator,1
ady,1
therefore,1
deletionEnforcement,1
Smoking,1
soldiers,1
Hilgen,1
Refer,1
Defrance,1
afd,1
Furongian,1
Nitrogen,1
Dthomsen,1
modify,1
otherversions,1
referenced,1
moves,1
accessed,1
faults,1
gestures,1
KrinkleBot,1
Songs,1
League,1
Rocky,1
journals,1
likelihood,1
spot,1
animated,1
Yuga,1
Diamondice,1
DescriptionCollage,1
air,1
Maladie,1
incisors,1
genomes,1
Lock,1
Wrong,1
future,1
Koolie,1
akc,1
AelurodonBorophagina,1
scissor,1
Bahb,1
Parliamentary,1
nafa,1
already,1
Crossing,1
Degenhardt,1
territorial,1
Remarkable,1
megalotisGenus,1
Brito,1
Encyclop,1
squirrelsPlaces,1
Dunarc,1
Habits,1
DogOne,1
accurate,1
anywhere,1
durations,1
Alderton,1
resort,1
margin,1
Make,1
erasGeochronology,1
Star,1
Netflix,1
noticed,1
suppress,1
describes,1
call,1
Sirenia,1
Music,1
olEsperanto,1
engagement,1
ast,1
mouse,1
Look,1
bulldog,1
bold,1
spoofing,1
Lohmueller,1
Places,1
Barron,1
Clark,1
analogous,1
PleistocenePleistocenePleistocene,1
duty,1
leader,1
Hawai,1
Schleidt,1
Zuwei,1
Bath,1
auditory,1
broad,1
participating,1
Serenesage,1
saving,1
Mosher,1
sinclairi,1
Members,1
card,1
Maremma,1
trespassing,1
azb,1
crvi,1
fireplace,1
Eoarchean,1
Extinction,1
Bryc,1
Moral,1
hunden,1
Flashpix,1
Sidebox,1
Lucherini,1
scavenger,1
Groenendael,1
Maya,1
Lowland,1
connections,1
Incremental,1
Nations,1
transfer,1
Brien,1
Flandres,1
heritable,1
archaeologists,1
Raymond,1
climatic,1
Protectiontable,1
Usedmydates,1
Zhao,1
Porter,1
scripts,1
Stockdog,1
Saeki,1
typeThe,1
Flats,1
latter,1
materialFood,1
Tarjei,1
assemblage,1
draft,1
Relative,1
faunal,1
bbf,1
procyonoidesGenus,1
Footrot,1
trueCPU,1
sec,1
Viking,1
Uranium,1
bdb,1
Kumaon,1
column,1
FileTalk,1
kelloggi,1
Year,1
BeforePresent,1
ADA,1
bee,1
superposition,1
Deployable,1
titleUse,1
Systematics,1
surgical,1
Dating,1
insupportable,1
Color,1
Magyar,1
Silurian,1
parallelism,1
Bucovina,1
nehringi,1
Perennial,1
Robinson,1
practical,1
breathing,1
football,1
AGU,1
select,1
husky,1
recommendation,1
Image,1
bit,1
convinced,1
ContentsAccessibility,1
conflicted,1
surface,1
Seriation,1
sighthoundThe,1
progressusCuon,1
exclusively,1
zerdaGenus,1
ovulated,1
table,1
excerpts,1
blp,1
Palestine,1
PokeAspect,1
motions,1
Dakota,1
padlocks,1
harmDeletion,1
Autobiography,1
constant,1
Alberta,1
scitulus,1
posts,1
TheriodictisUrocyon,1
lemur,1
Triassic,1
conferta,1
MultiReplace,1
Paleomagnetism,1
Damuth,1
Reassessing,1
relevant,1
spp,1
guideWikipedia,1
rewarded,1
gregarius,1
Desmond,1
box,1
Lorentzen,1
auxiliary,1
proviso,1
attribution,1
Steffensen,1
guild,1
Hills,1
Rendus,1
Archaeomagnetic,1
dens,1
interpreted,1
strictest,1
Responding,1
Burchell,1
preferred,1
Protect,1
vteThe,1
Physics,1
datingChronologicaldatingAbsolute,1
story,1
AUC,1
zero,1
Eesti,1
Redirects,1
Deutsche,1
Heeler,1
subspeciesRed,1
Chronicle,1
Snickers,1
Kruuk,1
Fixing,1
Fluctuation,1
StratigraphyGenetic,1
Carnivoramorphans,1
Grey,1
pahinsintewkpa,1
HrvatskiIlokanoBahasa,1
matthewi,1
canidsThis,1
commencement,1
Wallingford,1
Mbwa,1
Gado,1
Naturelle,1
lycanoidesCategoryvte,1
creativecommons,1
flag,1
Grid,1
bannerOn,1
Rage,1
flaw,1
SEMIWP,1
Reliable,1
vteQuaternary,1
JulianGregorian,1
Iazyges,1
exponential,1
cooki,1
Utente,1
Radiometric,1
Hunt,1
enlargement,1
Seranne,1
crossbreedA,1
centuries,1
vafer,1
tendon,1
Methods,1
Arikareean,1
covering,1
SubatlanticvteGeological,1
Egypt,1
Editing,1
geology,1
PINKLOCKA,1
Gale,1
Blytt,1
carried,1
coloradensis,1
motion,1
Persistent,1
BAN,1
crossbreed,1
Borophagina,1
Borophagine,1
Carnivoramorpha,1
Borophagini,1
