Reserve,1
dedicating,3
half,4
Recipe,3
owners,1
your,22
these,1
tea,1
would,2
pick,2
Michael,3
Outstanding,1
FAQs,1
solid,7
Small,1
hasClass,19
Orientation,1
cdn,1
Providing,1
Promise,1
Employee,3
Related,1
size,31
left,16
Excellence,6
Insider,1
professors,3
multicultural,2
much,1
A,19
accessible,1
B,9
C,1
fearless,8
F,1
I,11
J,3
Angeles,4
turn,4
M,4
N,3
greenhouses,3
Q,2
humanities,3
S,4
T,1
Institute,1
U,8
Jobs,12
Watch,3
Z,8
after,2
listing,13
connect,4
Directory,10
policy,1
Faculty,19
Social,11
Multimedia,1
a,97
Center,44
committed,2
b,8
committee,3
address,5
c,24
d,30
e,8
f,28
benches,3
g,1
h,16
i,16
j,44
k,14
l,60
m,11
beliefs,2
o,1
the,200
p,10
sale,3
Edits,1
s,82
t,5
Layout,2
v,1
w,30
x,20
days,1
information,5
z,1
wrap,8
adopted,1
Handshake,8
standard,2
Quartet,3
Start,1
SERVICES,3
Apply,12
reader,1
insertBefore,11
Angelenos,5
analytics,2
wish,1
others,1
area,15
making,1
sans,2
Financial,5
pay,2
createElement,13
check,2
list,6
Dean,1
About,17
aside,4
Video,4
State,11
success,2
End,1
Scholars,1
child,3
getTime,7
Directions,6
responseText,1
provided,4
proactive,2
widgettext,2
expanded,7
behavioral,3
provides,9
Virtually,1
BID,3
live,3
headers,1
ticket,2
definitively,1
Report,9
ehelp,1
perform,3
Tasting,6
realized,1
Initiative,1
uploads,1
ranging,3
with,43
service,4
there,2
backstretch,1
Lynda,1
well,1
Community,2
Magazine,1
rgba,3
Policies,2
Popular,8
catalog,1
focus,2
wpemojiSettings,1
loved,1
Microsoft,2
block,11
Aid,5
write,3
gtm,21
violist,3
musical,3
Calendars,4
enUS,1
million,1
orders,1
Styles,9
Americas,2
integrating,1
American,10
Academic,21
widgets,2
unforgettable,3
Payroll,1
top,20
Events,15
peer,3
have,8
Resumes,1
heading,2
hallowed,1
Join,3
Mathematical,6
biking,1
Manage,1
opportunities,4
ONLINE,3
php,1
communities,2
com,12
All,17
New,12
widgetfearlesstabs,4
col,4
Choice,1
upon,3
abilities,2
Education,11
academic,11
function,29
Archives,1
cpp,7
Tepper,3
IMPORTANT,1
Public,4
improve,1
Library,13
Speedway,1
Clubs,2
Reserved,10
Intervention,2
PolyTransfer,1
footer,50
university,11
Auto,1
pursue,1
intended,1
design,4
fillText,6
says,3
That,1
SSB,1
chief,1
Getting,3
Point,1
clearRect,4
Array,1
Major,1
breadcrumb,2
activities,3
Jan,1
Outfield,1
Sign,1
interested,1
formerly,3
attire,3
Document,10
eLearning,1
BSC,1
Petersen,6
meeting,6
welcome,1
events,4
Village,3
earns,1
night,1
want,1
png,8
javascript,4
each,1
input,3
Are,2
creating,1
entertainment,4
document,35
Would,1
Union,1
Connecting,1
moment,1
Athletics,21
found,1
does,1
Ask,4
graphic,3
hashtag,1
immigrants,3
receive,6
Express,2
consulting,1
Connection,1
services,11
team,1
They,1
Renaissance,1
ceremonies,5
Services,46
marketing,1
Growing,1
thing,1
slider,5
slides,5
Federal,1
attend,1
Forgot,1
Wellness,6
had,1
CLASS,1
source,1
Manager,3
align,13
instructors,1
unable,1
wasn,1
school,2
Search,9
Benardo,1
Enrollment,2
This,4
hat,1
has,4
offers,3
last,4
Andrew,3
campus,15
ultimate,4
weight,13
develop,4
Ave,1
Collins,7
Not,1
involved,2
mezzo,3
College,69
page,4
halls,1
full,7
utilityNav,1
away,1
cards,2
Hours,2
aspects,3
Tableau,1
video,1
updates,1
Continue,1
Council,1
eedcdGoogle,1
wellness,1
Dashboards,4
topbar,3
Password,11
centeredness,2
hours,1
center,9
start,7
libraries,2
Overview,3
DIRECTORY,3
Far,1
Clothes,3
Switkes,6
short,1
time,8
finance,1
applications,3
parking,1
Come,3
Support,3
shadow,3
Important,3
interactive,1
program,1
taxonomy,1
sfHover,1
Conference,6
three,3
Training,3
twitter,3
her,7
Holdings,3
Development,6
Special,9
options,4
season,1
Operations,1
gallery,6
asyncload,3
Kellogg,6
House,2
paging,4
creative,4
Drop,4
provide,10
GET,1
Life,15
Current,12
primary,19
Site,2
Help,2
Visitor,3
Diversity,8
presentations,3
computer,1
ways,1
grown,3
Presidents,12
Administration,10
Feb,1
Tomatozania,15
backgrounds,2
fellow,1
interests,3
Submissions,1
BuzzFeed,1
small,1
innerHTML,1
before,12
tell,1
Staples,1
experience,4
Update,3
launched,1
Send,1
his,4
shows,1
Creative,3
major,4
Technology,1
Cashiering,2
Job,1
day,2
group,1
Environmental,7
Pomona,104
Ecuadorian,1
format,1
Why,3
Arial,1
archive,6
water,1
Catalog,7
square,1
residents,1
Accessibility,10
critical,1
mathematics,3
York,1
part,7
rocking,1
their,11
envision,3
webkit,1
percent,1
Kings,3
Recent,1
sAId,1
editors,2
padding,23
process,1
Establishes,3
clear,2
Data,1
zoom,1
posting,3
Date,9
svgExt,1
jQuery,2
listed,2
third,1
Times,6
account,4
been,1
Left,1
Alumna,3
underline,1
Alumni,24
Success,5
advance,1
Dream,6
Design,8
widgetfearlesslayoutmodulef,5
trip,1
Picture,2
diverse,5
ALUM,1
you,17
beer,3
smiley,1
databases,1
impact,2
Tours,4
PeopleSoft,2
LIBRARY,3
active,4
California,15
Here,4
See,3
Experience,1
fines,1
Noto,1
Amenities,1
Sale,3
Set,1
Website,12
cppeoda,1
how,5
Sets,1
ICON,3
fearlesslayoutmoduleb,4
fearlesslayoutmoduled,2
Download,1
fearlesslayoutmodulef,2
mini,6
business,3
emotional,1
Columns,1
staff,6
right,15
Readers,10
Extraordinary,1
counselors,3
Holiday,1
returning,3
complicated,1
showcase,3
Your,15
Hall,3
Career,17
Accounts,3
quarter,1
passions,1
fearlesslocalizedstrings,1
branding,1
Around,3
questions,8
enjoying,3
hold,3
Recruitment,4
faculty,3
fears,2
div,4
trail,2
later,1
Sans,5
radius,4
info,1
Empathia,1
Searches,7
For,8
Careers,2
Observances,1
parentNode,11
take,4
vision,3
Because,1
University,60
month,1
immediate,2
Early,4
Lopez,10
some,4
polycentric,9
analytical,1
Mathematics,3
JSON,1
title,11
School,1
PDF,1
load,1
podcast,1
Children,2
Room,1
just,1
International,4
Korea,1
Polly,1
inset,1
custom,2
length,1
Matters,1
complimentary,1
tangible,1
home,5
Villiers,3
schedule,2
print,1
baseUrl,1
emptymonth,1
hub,1
FivePoint,3
Good,1
articles,1
GTM,7
lunch,1
Queries,1
Idenity,1
answers,3
hope,1
internships,4
navigation,14
Majors,6
text,27
letters,3
Google,1
Citizenship,1
sense,4
being,1
Japanese,3
field,3
biological,3
opens,1
baseball,1
Higher,1
Quad,1
don,3
Rose,7
Off,1
file,5
known,3
may,3
Government,2
max,6
could,1
health,2
Educational,4
Roman,3
menu,32
culmination,2
Mobile,2
url,8
trusted,1
evening,1
return,5
CPP,11
fees,1
emoji,6
use,3
main,6
PolyAlumni,1
Returns,3
revenue,3
solution,1
reviews,1
find,2
ManageMyID,1
logo,1
ffffff,1
Serif,1
TwitterFacebookYouTubeInstagramLinkedInGoogle,1
indexOf,1
selected,1
Fontana,1
everythingExceptFlag,1
Box,9
Have,3
includes,4
MyPlanner,1
picking,3
Advisory,3
friends,4
Browse,3
professor,1
null,1
background,42
true,10
header,18
position,2
oriented,3
PLUS,1
Walk,1
Graduation,4
KoppArchival,3
best,3
Information,9
transform,7
hour,1
leadership,1
physical,2
CSS,2
Closet,3
West,10
waving,1
online,7
coming,9
Overall,1
Connected,1
Old,1
Staff,17
about,16
Extended,9
scrollHeight,1
instagram,3
cover,3
accessing,1
Department,2
Pace,1
shepherded,1
goals,3
Classes,2
height,32
resident,1
based,8
Construction,2
pointer,2
module,3
undertakes,3
Absence,1
wonderful,3
Workshops,1
vcard,3
something,3
benefit,3
labor,1
Later,1
Float,2
meta,5
unique,1
Expand,1
programs,2
Georgia,3
ContentSEARCH,1
Office,15
Psychological,1
religious,2
getElementById,13
Inspiration,1
functional,1
Bookstore,2
onreadystatechange,1
Immigrant,2
Metadata,3
March,21
industry,1
Provide,1
into,6
outline,1
min,1
fade,1
plants,12
supports,4
Team,3
free,4
workers,1
Military,4
But,1
star,2
Stables,1
Calendar,9
Angelinos,1
many,3
people,5
face,1
Baltimore,3
Guests,3
Barbara,3
RSCA,3
Event,12
invite,1
experts,3
open,5
Philadelphia,1
DEFAULTSEARCH,2
dataLayer,14
Facilitating,1
Eric,1
Partnerships,4
Page,7
Arts,7
Learning,7
Last,4
attachEvent,4
Santa,1
First,1
streamed,1
Clay,1
Program,5
elected,1
Maria,1
Options,3
LLC,3
defer,1
Inclusion,2
Prime,1
Slider,1
expandable,1
needed,4
Transportation,3
Equity,3
Icons,1
recap,1
assistance,3
Whether,1
auction,3
Disability,4
Integrative,7
common,1
Arvo,4
Breaking,1
dGoogle,1
byline,4
summary,4
univesrity,1
navigating,1
Title,11
DataWarehouse,1
lemonade,1
icons,2
Stein,1
layout,17
money,1
comment,2
Editor,1
Check,1
during,7
Security,9
Automotive,6
Discounted,1
Lanterman,6
sidebar,10
safety,1
Outreach,5
moz,1
Child,1
decoration,3
profession,1
currentpageitem,1
var,32
work,8
collaborative,1
Trolley,1
Our,3
Out,2
degreed,1
toward,1
books,3
wines,3
among,1
Get,12
pride,5
registration,2
spectate,2
Society,4
math,1
word,2
Blackboard,9
Hospitality,7
architect,1
enjoy,4
Computing,2
Shola,1
across,1
event,15
established,3
include,2
ebb,1
Allows,1
facebook,6
jsoup,7
Housing,10
gathering,3
ages,2
Tag,3
Pledge,1
thumbnails,1
first,3
span,18
perfect,3
Night,2
Outlook,2
craft,3
Posted,7
float,12
space,2
myElem,2
Interactive,4
Strategic,1
from,21
html,7
Testing,2
Sports,1
discover,3
ver,1
edb,4
blockquote,1
bottom,18
Americans,2
Resource,11
published,3
Ways,2
Cal,85
concerts,3
Fields,3
preparing,1
Content,10
speaker,1
edu,4
Tabs,1
honored,6
Basic,1
img,14
tickets,1
solving,1
Opens,1
DDD,1
Science,7
linkedin,3
error,1
Ihnen,3
network,2
getFullYear,2
Rideshare,2
public,2
Feedback,10
array,1
walking,1
clubs,2
LINK,1
track,1
Ombuds,1
February,2
Technician,3
tinynav,2
advantage,4
assistant,1
resources,27
Zervakos,1
Service,1
Change,8
Contact,11
ins,1
async,9
Convention,1
DEV,1
currently,1
Bicycling,1
Future,3
serif,4
slash,2
getContext,2
hands,3
fairs,3
DFDFDF,1
String,4
resolution,1
building,1
via,6
themes,7
music,3
opts,2
Richards,1
Street,1
because,1
Tags,2
navigate,3
appendChild,1
AB,1
SEARCH,9
AG,1
google,5
Discover,3
community,12
AM,13
packages,1
Cultural,2
exam,1
planning,3
stop,1
Haimo,3
science,4
restaurants,3
Author,1
guest,3
Planning,2
poster,3
Where,3
charged,1
Building,3
weeks,1
Accounting,2
socioeconomic,2
An,1
posted,2
The,59
Newsletter,1
MESSAGE,1
jssdk,1
Graduate,4
close,3
CA,9
themed,1
Path,1
learn,2
Parking,3
Personality,1
Facilities,1
Putting,1
Register,1
Organizations,2
spin,1
By,3
Submit,8
setAccount,2
register,1
Take,4
Email,12
notes,1
generates,3
Legacy,1
orientations,2
toDataURL,5
spring,4
agricultural,3
post,22
Test,1
leave,4
incorporated,1
Extraordinaire,1
Southern,3
rem,7
add,1
need,4
its,7
Do,2
Dr,3
users,1
article,15
Fiscal,1
Walking,1
Diverse,1
parser,7
http,5
hesitate,3
Chapters,1
technical,2
Bird,3
searching,3
wpcf,1
directory,1
During,1
Annual,12
fromCharCode,1
Registrar,5
showcases,1
csupomona,3
Home,3
Activities,11
Applications,3
citizenship,3
Talk,3
label,5
Info,11
message,1
Launch,6
onload,2
Pizza,12
soprano,3
Ryan,1
Buying,1
Club,1
visited,1
Previous,3
family,11
college,6
career,23
release,1
caption,10
Prospective,14
newly,1
xmlhttp,6
Back,1
Bouza,4
Hidden,1
xfbml,1
Memoriam,1
businesses,1
nav,5
Student,46
MAA,3
script,15
IX,11
askASI,1
Academics,4
Senior,1
Official,1
If,1
other,3
In,2
city,4
savor,3
air,3
It,6
local,1
healthcare,1
share,1
Menu,3
Study,2
powerful,1
LA,5
future,1
Mayor,1
rating,1
screen,3
body,43
Aratani,3
Spread,1
readyState,1
links,2
Trajectory,1
net,1
addClass,2
all,16
keynote,1
border,22
Concept,1
new,13
took,1
markup,2
below,1
conducted,1
Polytechnic,10
real,2
tool,1
April,1
Greenberg,3
driving,1
races,2
Skip,11
Organizational,1
inconvenience,1
indent,1
Visit,13
media,5
Committee,3
My,1
around,1
and,188
today,3
define,1
Safety,32
attr,1
Topic,2
Behavioral,1
Collapse,1
Bronco,37
Fees,3
any,1
minute,1
application,1
Award,4
Mexico,1
semester,8
until,1
strategy,1
Main,11
PM,3
collapse,4
On,6
Franklin,3
Soraya,7
reason,1
fearlesssocialicons,1
taste,3
expertise,1
anywhere,1
searchsubmit,1
professional,3
skills,1
enrichment,3
Follow,1
Students,43
annual,11
initiatives,1
hired,1
fully,1
shopping,3
ext,1
margin,48
using,1
Hour,4
dining,2
Spring,4
Two,1
LinkedIn,1
wanted,1
Highlights,3
bucks,1
increased,1
housing,2
students,34
Nursery,3
Open,1
default,2
Association,4
rss,2
gray,1
posttag,7
fruits,1
are,27
Proceeds,3
Undeclared,1
Portal,2
where,4
disabled,1
Many,1
takes,1
popular,4
Stay,1
PSKJRNV,7
art,1
Abroad,2
such,2
Music,3
absolute,1
ask,1
Learn,13
Has,1
fabulous,3
Other,4
through,8
Pre,1
featured,3
becoming,1
Compliance,3
Jennifer,3
centered,1
offices,2
developing,1
Photo,1
individuals,3
UA,2
research,3
Parade,3
escalating,1
sciences,6
features,3
view,1
Maps,10
Quizzes,1
neighbors,1
Drive,1
Tickets,3
Dreamers,1
To,12
Evaluation,1
might,1
Dargan,1
engineering,3
bold,9
Free,1
Continuing,3
improving,1
museum,3
leads,1
name,3
Class,3
fields,3
Announcements,1
Us,9
Beauty,3
benefits,3
pagination,2
submit,2
color,41
hidden,3
show,2
Leave,1
Featured,2
Conduct,1
summit,1
Linda,4
System,2
button,1
Photos,1
not,2
central,2
pizza,2
FAFAFA,1
supporting,3
beGoogle,1
Notes,1
ensures,1
news,1
delivery,1
Affairs,7
learned,6
was,9
Interested,1
We,8
what,8
Deadlines,3
guidance,1
detailed,1
window,15
athletics,1
Greek,2
container,4
iced,1
Math,3
issues,3
Matt,1
Privacy,11
cast,1
Work,4
broad,3
plan,1
case,2
openMenu,1
images,9
canvas,1
item,3
Log,1
admissions,1
Login,4
utilizes,1
Studies,8
Los,4
metro,1
style,14
Module,2
Jenny,3
card,1
care,1
study,1
widget,21
EBB,4
flags,1
Research,8
Minute,1
physics,3
trackPageview,2
Begin,1
sCId,1
architecture,3
proxystylesheet,2
nth,1
explore,3
Scholarships,5
Associated,1
more,21
fdd,1
display,30
Fowler,1
His,3
width,34
Family,1
accounts,1
Day,10
Share,2
board,3
economic,1
EDB,2
Turning,1
simple,1
section,8
wrapper,4
used,1
cloud,1
protocol,3
authorbox,4
overflow,2
presented,3
Behavior,1
Impact,2
rain,3
EEE,2
Channel,1
fff,1
Media,11
both,3
most,3
important,59
undocumented,1
viewers,5
outside,3
keep,2
topic,9
Fall,1
job,6
daughter,1
who,1
largest,3
searchform,1
Message,1
contribute,1
why,1
Poly,84
droid,1
America,4
win,3
textBaseline,1
jpg,1
rest,2
album,1
also,2
enough,1
increase,1
Spirit,1
shine,3
Colleges,13
inline,6
Brick,1
organizations,3
guests,1
Links,3
uses,1
Mentoring,6
Assist,1
user,3
BroncoBucks,1
You,1
Integrity,1
parent,1
mentor,1
projects,3
Store,2
hamburger,1
onmessage,1
Rights,10
complex,1
Story,7
ab,1
sure,2
ancestor,1
Communications,1
empowering,1
an,17
fjs,3
How,5
as,16
at,29
submitted,1
plant,3
Transfer,2
Museum,3
Chamber,3
breadcrumbs,2
Centers,3
MyCPP,26
deal,1
be,11
icon,9
admire,1
tomato,12
bs,4
see,2
search,4
communications,2
Garcetti,1
systems,1
by,7
national,5
getElementsByTagName,12
cb,1
Bucks,4
completion,1
outstanding,1
charge,1
contain,1
Degrees,6
Randy,1
jobs,4
column,19
adobe,1
wnd,1
Shpachenko,3
sample,3
food,4
Thursday,4
partner,3
Year,2
Listing,3
Farm,1
opacity,9
Place,1
font,56
rooms,1
dl,14
Giving,10
Index,8
do,3
resumes,3
Teaching,7
baking,3
Need,1
accomplished,2
Friday,3
xmlnodtd,2
Business,7
which,9
BBBBBB,2
image,4
PolyCentric,20
em,13
Advising,8
she,3
fa,1
Sidebar,2
party,1
fe,4
cursor,3
Alexander,3
for,50
content,29
enticing,3
hover,12
related,25
alert,3
Admissions,23
client,2
ga,12
PlusRSS,1
EOF,7
Dining,10
class,3
views,5
over,4
digital,1
Garden,6
Nutrition,3
Post,4
EOP,1
go,3
false,2
Broncos,4
parse,1
calpolypomona,1
Restaurants,1
form,2
obj,3
eHelp,13
Schedule,10
renew,1
he,2
Advancement,1
addEventListener,3
Professor,6
askColey,1
select,2
concatemoji,1
Token,7
hr,5
nations,2
output,2
President,12
upgraded,1
Helps,3
Sakaguchi,1
else,3
model,1
https,16
id,10
join,1
portal,1
if,16
Don,8
in,74
advisors,4
index,1
is,36
it,7
transactions,1
announce,1
Perfect,1
traditional,1
lively,3
eventer,2
Recreation,5
Application,1
Escort,2
Map,4
Ride,1
Mar,15
become,1
Schedules,4
works,6
js,25
thinking,1
world,4
Commencement,8
library,2
Sciences,7
immigrant,3
everything,1
table,7
affordable,1
side,1
immigration,1
Use,1
knew,1
change,1
Rudolph,3
off,5
contentAbout,1
hide,2
getfocus,1
Temple,9
BRIC,2
report,1
oral,3
Toll,1
complete,2
li,31
fun,1
accomplishment,4
Fitness,8
ll,1
auto,9
Veterans,5
moderator,1
several,1
sign,3
political,3
office,3
while,6
posts,2
Read,21
that,17
high,2
www,10
than,7
publication,1
documented,1
Real,1
me,1
directly,1
communication,1
level,1
author,5
Spotlight,1
greenhouse,3
City,1
Range,3
plus,3
pathname,1
Droid,5
entry,36
Caltrans,1
dream,1
Achievements,1
announcements,2
dozens,1
passionate,3
student,10
mixed,3
box,6
demo,4
switch,1
head,1
Engagement,1
enjoys,1
of,169
on,43
allows,1
Departments,6
or,19
Ursa,1
src,12
social,10
Auction,6
control,4
Coley,7
Emergency,15
Undergraduate,4
Archive,2
nation,1
Friends,4
Needs,1
px,118
ssl,3
BroncoName,2
BroncoDirect,9
engines,1
Counseling,2
January,7
brand,2
they,8
breaking,1
vibrant,3
Setters,1
them,3
Transit,2
secondary,6
ethnicities,2
hentry,16
mission,4
rd,4
re,14
Close,12
singular,12
starting,1
sub,3
access,11
Kick,1
widgetcategories,1
LSMeta,1
teens,1
extended,1
current,6
artists,3
variety,6
ASI,6
origins,2
Question,5
Agriculture,7
so,2
Shuttle,3
btn,4
email,3
flexslider,9
NASCAR,3
st,1
Distinguished,6
svg,2
one,10
manages,1
launch,3
himg,1
quell,1
Megan,3
single,2
Master,1
td,2
th,8
XMLHttpRequest,1
to,144
but,2
country,3
joint,3
svgUrl,1
available,8
interviews,3
resizeIframe,1
ul,24
details,1
up,4
Programs,4
query,1
this,6
degree,2
Frequencies,1
ve,3
addthisbutton,1
MAPS,3
purchased,1
googletagmanager,7
once,1
know,6
General,1
Instagram,1
support,5
changed,1
coll,2
changes,1
Inside,1
Twitter,2
tickertitle,1
learning,3
vertical,1
What,6
we,1
Plant,3
gaq,8
News,22
wp,21
Veteran,1
successful,1
prestigious,3
Billy,3
normal,3
wide,2
org,10
Health,9
Request,3
reading,1
genders,2
View,1
menubar,2
FeedPOPULAR,1
ones,3
location,6
Admission,1
Account,3
Platform,1
held,1
competition,3
contentWindow,1
none,44
type,8
displays,1
commencement,4
Give,9
feedback,1
problem,2
review,7
Book,1
href,1
Identity,4
guide,1
surrounding,3
Huntley,7
Campus,42
Officially,1
goal,4
Compass,1
push,11
Care,2
YouTube,1
fabric,1
Next,3
following,1
messageEvent,2
headings,4
CALENDAR,3
Show,1
Resources,18
sexual,2
flag,2
eventMethod,3
range,2
our,7
tools,3
out,1
alumni,8
More,19
Avenue,8
get,1
alumna,1
course,1
place,4
picturesque,3
Portfolium,2
Electronic,1
Custom,1
Plan,8
apologize,1
help,7
expect,1
site,10
mingle,3
self,2
located,1
minted,1
quizzes,1
Online,9
connecting,1
date,3
uppercase,3
Policy,1
data,1
Most,1
FFF,1
Central,3
leaders,3
World,2
hosted,1
growing,1
tab,1
should,1
only,3
tassels,4
Facebook,1
tap,1
thumbnail,7
development,1
resource,1
like,2
Letters,7
removeClass,3
Deborah,3
core,2
Senate,1
Professional,1
interim,1
safe,2
rssfeed,1
Notifications,2
send,1
Inc,1
here,1
youtube,3
week,1
line,7
link,3
scale,1
Videos,1
aware,1
inclusion,3
can,3
Engineering,7
award,3
Credit,2
ready,9
flex,5
categoryid,49
stories,1
will,22
limited,1
Signon,1
widgetarchive,1
cuisine,3
setSelectedPage,1
Management,14
Police,3
follow,1
really,2
response,3
Welcome,1
category,6
