px,13057
flex,5545
webkit,5295
display,4388
box,3710
ms,3444
height,3282
align,2905
font,2770
color,2558
width,2490
center,2428
margin,2387
border,1914
direction,1637
sc,1454
id,1437
size,1434
component,1422
line,1420
background,1387
transform,1283
top,1209
padding,1189
none,1186
text,1097
weight,1095
row,1054
left,1042
position,1030
flexbox,999
items,918
spacing,912
letter,905
fill,886
right,865
radius,781
inline,728
bottom,712
auto,674
s,660
block,653
hover,547
vertical,544
StyledHtml,528
overflow,523
relative,470
FFFFFF,450
video,446
normal,442
media,438
solid,417
max,416
D,410
orient,406
absolute,401
button,401
min,398
decoration,396
nowrap,392
space,386
justify,385
scale,370
pack,368
rgba,367
hidden,355
cursor,354
autoplay,344
content,340
container,332
column,330
resolution,328
horizontal,326
opacity,320
AC,307
transition,305
efRzLC,304
family,301
white,300
sizing,289
translateY,288
outline,286
focus,280
irWZcG,272
pointer,269
sans,256
serif,256
middle,251
wrap,250
Arial,248
moz,248
uppercase,238
word,230
ccc,222
EDEFF,216
child,215
a,210
rotate,200
m,194
to,192
break,189
h,176
ease,174
animation,174
transparent,173
flow,171
zHadr,168
deg,166
disabled,166
keyframes,160
set,160
grow,158
d,155
underline,153
translate,152
positive,150
inherit,148
fcpilS,144
svg,144
Noto,140
active,135
ellipsis,134
bNhwTD,133
not,127
end,123
the,121
Sans,120
FFF,118
last,111
infinite,110
db,110
em,108
XEkFoehJNxIHWlrIlzd,104
z,101
css,101
index,101
sxkh,97
first,97
between,97
pre,96
TRUE,96
map,93
sourceMappingURL,93
fff,92
AAB,92
capitalize,89
k,88
after,85
blockquote,80
currentColor,78
default,77
style,77
visibility,76
code,74
P,72
aria,72
zXcOfggYIWnLEfXUHP,72
start,72
shohr,72
fktwzclmi,72
from,72
osVySJ,72
dNtGQj,72
user,72
vh,72
jkaxTgOffvnHpG,70
com,69
HwtYpMr,69
xNU,69
TFPC,69
reddit,67
linear,66
before,66
Reddit,65
turn,64
checked,64
fbce,64
calc,64
description,64
select,64
filter,64
QxbBCGOwVZeeJ,63
KyJ,63
IMaqkpQwasYgxLzCd,63
allowed,62
of,62
rZYMDxYgRcSSpODO,61
Posted,58
byu,58
p,57
swxlfq,56
thf,56
slider,56
jiriKeNery,56
shadow,56
cSWVVU,56
roWIFM,56
perfMark,56
all,56
RvLtAcdRtbOQbhFBMDT,56
sfg,56
ol,56
fbjcbG,56
ul,56
and,55
events,54
reverse,54
I,53
hours,53
repeat,53
Frontpage,53
table,52
data,52
bntPDP,49
y,48
kufqoz,48
saNpcHve,48
fixed,48
DJXORCrmcNpPTSqLqLi,48
nxEQlDBxjxDILRHemb,48
ccccca,48
dRneNb,48
mIbMnl,48
zjaacbIxW,48
hthgXjzYhFyRZgBPv,48
effa,48
dqQ,48
OnOGEbEMRXa,48
dZnYgFFpifT,48
woff,48
obgdFzGvpqpuXQCsNK,48
bbrPKk,48
cxohrUAqARaXTXuYN,48
neg,48
lgXxJqS,48
QgupMNE,48
MVsFAq,48
zoWOQnpWuhEugRSwfw,48
eqioci,48
flXoup,48
cPZUMx,48
SLDAWwVpxZysgrdeBe,48
ModListing,47
ModQueuePages,47
sokktje,46
sticky,46
visible,45
dKyFdj,45
contain,45
ff,45
commentssharesavehidereport,43
visited,43
GglzDtpgY,42
kQxwvgkqc,42
NbKFInwPMpgfAPEsN,42
fOgrRz,42
in,42
body,41
q,40
crRgdDZOsVDmMM,40
nmBIZ,40
gnyPAq,40
CollectionCommentsPage,40
smwmn,40
initial,40
CommentsPage,40
fcyhGn,40
performance,40
ModerationPages,40
shkq,40
GnYgsF,40
https,40
LrKisMtCYUGWSEMGiR,40
hByYfq,40
FFB,40
player,40
miAEojrCvxFQxP,39
you,39
selected,39
aff,39
sqtbe,39
www,39
szkczq,38
url,38
redditstatic,38
on,38
desktopx,38
out,38
object,36
buiwVR,36
kr,36
iOztCSiYhWRFWylyN,35
subscribersSubscriber,35
btzcXFBIRWcfSNwbmJ,35
x,34
clip,34
for,34
both,33
shrink,33
th,33
tmRmxaFMjRRrvwcYJmY,32
blur,32
J,32
g,32
root,32
nNpARtWvzxcstONuzMH,32
swpae,32
input,32
efzPUf,32
crvsRovLrijl,32
Object,32
vlzsw,32
IgkrvvpjIfVHteKzFd,32
lmNAfI,32
qVZaEJdkNSZDxMjK,32
menu,32
TJuQGHgWvqfnkVcPNd,32
gjzQTo,32
CoqrCAwteJsqqSRqB,32
placeholder,32
mark,32
CE,32
aLURPNLdvfcbaNdcNx,32
tAmgkgGzccAahJsRa,32
rect,32
HTtcITrR,32
sakftvf,32
KjTxLhBmrJEnlBUuxb,32
csXO,32
sehdxx,32
ilQMve,32
KcmdMRnJzlAPzZsE,32
srrfz,32
HidRXdGNrtrAIOMGK,32
faQExXGjztMBBaIzB,32
hd,32
td,32
bqxCsD,32
jgyHsD,32
YMkVrtrrdypfZVUkpIA,32
baseline,32
props,32
FVCfsIPxXtlS,32
sfocs,32
PIKFetxHNIbedMhP,32
will,32
Multireddit,31
chqseWEvRuWPDq,31
cYUyoUMwmgRXEHvLlZv,31
ZhONavplThBNFwuJn,31
no,31
gradient,30
bbb,30
u,29
cover,29
cEsUS,28
hppjTS,28
IvqNecqNVXcMFxFWFxx,28
div,27
ffb,27
t,26
fade,26
negative,26
H,25
r,25
section,25
that,25
details,25
N,24
hgroup,24
policy,24
tKgJJTprOVVIOrtSJP,24
EfduMApYawdvLZhdhv,24
list,24
aside,24
figcaption,24
xhiXHicnrBGmFJH,24
dlTXDaXJuLbekTwhV,24
footer,24
OtPHobvDiVD,24
iZTATn,24
IFgFhRCAWaJoUrILE,24
format,24
mybTIhgVfBCOakd,24
jIrfozTNquTBeY,24
Regular,24
hAEwhD,24
VCFGgxIBQjwsycq,24
header,24
NFddqqrzfMnoBESQcy,24
monospace,24
var,24
AJZwpZtFJGdcUCUew,24
appearance,24
JNAuUgWAkRoykwfUWhY,24
NotoMono,24
gFkiFS,24
iheKDM,24
SMlgACTEszAAQfs,24
article,24
aee,24
stretch,24
tbHPZydRpjIJsyuqC,24
nav,24
Jb,24
aqHn,24
esz,24
wEjxCdsIeXWAMjj,24
OwiiYzjyVpDqYbCdJY,24
nhTfmUMmYibxNohr,24
nGuUHAnxPua,24
using,24
kSzFYHZZGL,24
kceiAQnjpWOpuqZRjD,24
hCoGzhwFdfFvGbtIjSy,24
jOxDPIQKaOWpzvSQo,24
reset,24
mcXKZUhFvUMLSvAHyXs,24
important,24
dNbgrk,24
fonts,24
YsZUGQHAWfxmTNwbFYPd,24
snjir,24
nowfa,24
firstLoaded,24
change,24
focused,24
keys,24
jEmGBe,24
eMLfYp,24
tr,24
IEDcFIIsTeXsZtKZGzUd,24
cRyTPG,24
vw,24
MBCfn,24
figure,24
elHrJryfAxBUzuHsIhE,24
dQcRmW,24
ylTUHkQIcmdCq,23
undefined,23
UoeAeSRhOKSNdYhiSO,23
ceUotpOVIcrrXHfY,23
yHYJ,23
poyrkZgPawDueRza,23
SQnoCObvgnGjWtzDZ,23
sdhaav,22
img,22
label,22
nth,22
ffa,22
cc,22
is,22
i,21
OQLFCABfgIghHHgV,21
dZdk,21
mQpwUbTbGOYNuquCwf,21
vLgmyOZfvXkCMxaap,21
RQKDFEcDSPoSjqHJ,21
xvhS,20
iscrBN,20
vDtiNRsRHMeqFmX,20
fvfo,20
mask,20
indLgi,20
tafiv,20
image,20
Mono,20
role,18
c,18
twj,18
NqhcIOgxJWusCRfnu,18
are,18
name,18
rdJjqmXwosOQkLlN,18
my,18
scroll,18
b,17
best,17
ea,17
sub,17
DOLBAFWXMQXQErGOI,16
IhbzeELRlIAWeW,16
wpDzoykykevfZWu,16
jNGCaB,16
R,16
cgU,16
rmPDRyjaULjwDrWH,16
DocsNGlVUjAtAmZZLi,16
VDLlBYsWOXWSZfhomw,16
wiDtToNkxoIVzm,16
Press,16
eWwmfL,16
EcSQjzVrdtzkXOcydX,16
GyPfdsi,16
SUPPORTSTIMINGAPI,16
rOixIHGmpfZBihJswV,16
Multi,16
fBBfyNGOVbLSkveXXk,16
function,16
translateX,16
swap,16
Menlo,16
abhgu,16
ftjuQd,16
ZHUYBUsGOBOtdmHZS,16
iGjzOvLtPUHev,16
hdDhVEGWEdVJcgyXQEq,16
csviRGjIxOrcsmpbfwt,16
bSprja,16
gPGkoz,16
BWwnLLrXnxcXciyD,16
bttOCq,16
xomvNxKaHGoGa,16
thead,16
FLmrx,16
YOOrMRYYMeHtyMw,16
wTfnMegrXJ,16
HTMLStreamPlayervideofullscreen,16
eYcMvF,16
ZlkVrZpuYZylJOfz,16
DdjdvOeNlJqkdothNe,16
JZyhJ,16
PrKco,16
del,16
getStyles,16
iYVwtThaZqsLsqDBCh,16
vnQZcNtNn,16
title,16
TMMvbwyehyuHKmQWHrE,16
OkAiXwAeYlSsUBaxgPC,16
RMVOgKORJyRSRErT,16
WnMeTcerodKoT,16
xIUOKrMy,16
gNxoOexKaMkmmYMQCGs,16
YdfrzLlrygH,16
NpICHyFK,16
vyzdpfnySBJJyBFIqH,16
tcFDbDzgVrLf,16
NIuZ,16
HhjobkyyqVjBXutSTgU,16
pvnouWnsoKKlQSyI,16
DAEE,16
typeahead,16
lCTVNjDjmzXDiiSgTL,16
YAIzNYR,16
nFy,16
zWJjbRJMIMkexZPrus,16
NMqUkD,16
iqnOYYwmetuMAjiId,16
IbETWbVVDcfk,16
bWuGssqPqyxyy,16
MMQAYzdkuRhIKTklf,16
open,16
playable,16
kJsNNHNqugbRuUIgB,16
SCzViTnlIekCABqFo,16
pinned,16
gpZHFb,16
eZQoPrhRwkAtPbxMU,16
Rpbq,16
dVXqcOidDLNRRKOPb,16
navIcon,16
LXuYlbElLCRExXpdG,16
Explore,16
vaxHFhEXUiwmcExfLrx,16
float,16
qcLSetOlJluPWWDdsJ,16
html,16
gWXVVu,16
etMGhl,16
polishedWEBPACKIMPORTEDMODULE,16
oHfgPOjOvFu,16
nSJCQrnLYCzwTtTsNO,16
ulegyMhoTEWCFyBC,16
redditmodelsThemeNewColorSystemWEBPACKIMPORTEDMODULE,16
MVepkxZHzpNvcuAAJA,16
htoXoQEzFLCMkHO,16
EcaBUorIHC,16
CF,16
YDwMc,16
kLHoqYVgmdy,16
MbQFyHRECoGO,16
hsugzJ,16
eQgJJIfdYJNXamNj,16
kYSumWdyUJxlhEpQf,16
wbuVaYGMXkqaQJhI,16
yWPgXviSAfinzQB,16
ddbd,16
guZWUAROueftTPPGDZ,16
cElNxHftdWnZtcGzf,16
IU,16
huWPQf,16
bLAhB,16
collapse,16
ZQJrMufwPMvNNasOV,16
KEempMbRbAYioOfqNE,16
jlrhi,16
IBx,16
vdDwjMECrKPWOzGvwtX,16
mpclx,16
bsfRLa,16
sayxy,16
swajot,16
iblvRCq,16
DHxzlUnsgzYXJjCSD,16
brightness,16
fCzxBEdlMhOFcBDun,16
XDITKxljyMthqyCsO,16
older,16
JisrPypsoRKiDgDdke,16
Monaco,16
Consolas,16
CGUhXHI,16
XELgmTJetc,16
WSiHJwZqbXuvrDn,16
scb,16
isjMjC,16
jBHKihljBAqaU,16
yuFRnBRJLOSSTsoXcC,16
strong,16
GumWz,16
dd,16
QbtfDsrsj,16
AED,16
jFtZBV,16
browsers,16
bnqWWFOMSexVBxfHU,16
origin,16
vkeRJojnVcbpMlPHyd,16
smoittWDxpPuCSXJT,16
hh,16
aklZuhHMmXJcsidEeP,16
li,16
unset,16
GieMuLljOrqnVpRAwzVP,16
HJpaEPiVNqSsAddp,16
GoDEUydl,16
knRNIIXdSFCIeFNJL,16
sup,16
JBkpBFOZMZIPrFyNfH,16
lJpVPojFSARusRZh,16
xGvCUdyxRoHrBdgiFw,16
PfYuDtunAwYpvtmvOb,16
qwaDrnfRAzcZzb,16
agFJIMydbnUQiQTv,16
GnWcYGPzeZrzsiQfo,16
YnhQ,16
fvJBCHcPNvMwoqKMJ,16
DDUUwhIWiQZZtZLBnv,16
kCqBrs,16
qdjUWMt,16
FFD,16
HTML,16
MkcRHDnYngvlVWgMMa,16
VBuRiYmNRfa,16
mnkowSpWfalqpF,16
your,15
S,15
with,15
FF,15
be,15
it,15
hcEwgJFkGtodozz,14
VkdikQklBEhhAlRKE,14
yylOQSSTbgJKQ,14
GnAYAsdHSxeatvbcFfb,14
ljVzcQigvinOMChAh,14
png,14
lABGsba,14
cards,14
vdAsQKSbwADjoRcCpI,14
VMogXvVAUMIbLxII,14
txdeDztLnDaaXujTQ,14
nIqwDdLjCpstcuSuzAO,14
SYkaLMM,14
mrOaloUClNwpCvuWU,14
hknfXmlfBFUkdzqp,14
Premium,14
OrwUVDTQzfcwoGchDN,14
NccHBCdvqnVOevV,14
bRRRU,14
eGjjbHtkgFc,14
StGS,14
EJwEFAUIlMSUYEHQEpX,14
wBIRCyBuaNPTzZBVMkb,14
span,14
FceGCwdOKKUGPAaSj,14
SRiahKBodhRWPhmYn,14
ZtUGBgjFmLMGdLdx,14
FvwmnUnZInOU,14
ffaf,14
mmJGWMWurrNWGlAosDIq,14
uZDFpBkclKxCYaLJCdiV,14
JeruqexkXCxIJwj,14
NsklM,14
see,14
aPJzuSXNyPQvHMxGsdTF,14
zWvtbBdJl,14
posts,14
me,14
OhjSaXQOG,14
UxT,14
OtOUaGIjjpcNJMUxme,14
smWohactkPgSOwTF,14
DsZfIARfX,14
GPdXBODxJwehVvRx,14
but,14
lRfnlEvwmRPfDweNRR,13
order,13
internet,13
zBOlIcx,13
sleg,13
QJCPDOHmfGlUHZf,13
most,13
he,13
UiOKrdA,13
this,13
Trending,13
sscmfqc,12
cjxBQY,12
sakuz,12
wZRpJfWFAtuXSTqR,12
BnWIHqVcPjiZxWCbc,12
CUIwofwL,12
KRhCrqepOddBtzwByU,12
fRmpkX,12
face,12
setting,12
The,12
EzoWqgiVprNLcVeSPR,12
ZYSoi,12
el,12
src,12
aMmEyKElEvJ,12
View,12
DPgxLRkxAKKLhMiFbPHK,12
GmDmzZpGZkSCQT,12
eApJFbdrJzYJzLCkgj,12
time,11
account,11
just,11
was,11
if,11
v,10
home,10
favorite,10
acc,10
today,10
through,10
UdFPgUNgPdcoPGzC,10
M,9
e,9
communities,9
All,9
him,9
jump,9
kiAEUp,9
people,9
progress,9
bar,9
at,9
big,9
clamp,9
here,9
GOrkmyIeDeyzXdyUD,8
UBjmJUGO,8
withBorder,8
WMC,8
QmFuvhBVubkCR,8
PWRCHaFjwOFABRlBL,8
sawasw,8
dJALELQYjabIqglEoW,8
B,8
samp,8
K,8
nLQULLgrkVdSxxLe,8
RkdCOQoaErMgkkAsEc,8
jsRHbLSHKVqUFCVIhb,8
kdvWGD,8
fheswP,8
address,8
j,8
empty,8
dvznaG,8
VemFsujoJ,8
jnqAtA,8
aqYoQYcO,8
expanded,8
CXkFfcvNxFrFRVdKxcx,8
hjxxdC,8
esUKm,8
cZPZhMe,8
ZdMbp,8
License,8
YFVTgvDYEazrERUw,8
AbuRZfMg,8
PLBXRXvipwRcH,8
ughYiKbGasPORCsbasV,8
gAPvOd,8
ebGXPK,8
yhrlWAjdxOskPWqG,8
dkCPUHQTdBWUBdYnkRb,8
fmooeZUmdUXdnKBjgX,8
ONQRwoXoeRXFlFZXt,8
OEP,8
Profile,8
kOOKEOZraWGZ,8
question,8
Governance,8
QbzcbC,8
QdDOANxqcMkzCOmsm,8
hIvPROxzrnLXAJXYDa,8
ohNtfAurjgUhnNjLi,8
dikVDQ,8
kddyLv,8
KDCjWsdQYYZDOHjib,8
getEntriesByType,8
WgTKuuPmyWOMWsYF,8
GQDWqbF,8
jjkbmpveUVpamkPBm,8
reservedback,8
fiIRtMpITeCAzXccANKp,8
rWvOyeOipRnkEPRRe,8
drpZUCkKfJ,8
kjVmBwjxriyYFAErhLcT,8
seosf,8
uGYeFdYJnvjkf,8
OjTk,8
sjiyd,8
NIVQWStkLTRXnwKpKNuT,8
ProfilePostComments,8
kDrxWy,8
xKxnscCnPjBiXhorZef,8
sivpdx,8
smoothing,8
lvJBSaoWUqdHyOufnmZ,8
deWcub,8
dropdown,8
lbXAFU,8
spkFGVnKMHZpDAhWMx,8
ewFcKUZiybWkIGG,8
Highlight,8
KFB,8
STitdLageRsayRteb,8
hhbUeW,8
grrSIKwiyCOcvu,8
jKtPjnxLmoGCSqxAgkZ,8
YKCRAHpaqTkNLBvZA,8
kukhgD,8
JgI,8
EqzUDIulwnZ,8
kYEcZTxF,8
Ccamv,8
firstposttitleimageloaded,8
cbhcaToRzSvSAZHJJvLi,8
SxdIdVSgMWcIFGQskQ,8
gBRFDBCUWyxEeUmD,8
eric,8
xuHuBzYxSPAGVxI,8
measure,8
VIxsCuYBOR,8
Now,8
dNrhli,8
YwktEDfNWINeTrlPH,8
aKYLemFWuSTYVoshHn,8
MgAHlPDdKvXiG,8
hUblLBzmbXjyiYhOS,8
camSYk,8
syqtomj,8
fRrLNy,8
cUgKq,8
iiqd,8
textarea,8
hOprre,8
NqIrO,8
sdqsdhz,8
kpXQ,8
lrTcBGkrrlZxEN,8
ChtktBCZQrufLtmFgc,8
azLenSsUgxeZrJX,8
UvArRmhUw,8
ZyxIIlFPgHGrJDzNpUC,8
wiKjmhpIpoTErKCmo,8
fhgKHO,8
sfaukw,8
small,8
jhHSlKR,8
XGVEYXuPeFqHqAfDqHaM,8
italic,8
ibYpIM,8
loamRPHwMxXhdqxVP,8
xjCRzBWhOCrrkwceHRs,8
IiRk,8
applet,8
xvda,8
dce,8
gQbKOf,8
ItwLZGfPrsdE,8
fnfHa,8
COAjvFMbtRTTAInxufG,8
hsla,8
cSdiUi,8
okjiYlId,8
tzMaZnxdfQCMXndJn,8
IANzAn,8
abbr,8
tabindex,8
RCommentsPage,8
dfn,8
domain,8
lrzZbLAzLkQjWwH,8
ANgfBxjU,8
tfoot,8
iaYXFpGyyEGqrpclw,8
junIdA,8
efbdfccfe,8
hTdYDp,8
kEJruH,8
ivoPEQVlryCmH,8
wDtOnYnqsrmXIsNnv,8
ybjan,8
eEVuIz,8
UOLMgvssWenwbRxziEn,8
bIaziM,8
AStxqlmQsrZuUIFPxSg,8
dIPuuuwFUTaQNmF,8
uGwXKrmPOljxIhbSCOjc,8
GygedlJRORrsORhsAq,8
WVLaridFHpaSaIPXM,8
upUser,8
SZJLlayH,8
cXpeRf,8
cEanMJ,8
jhINmB,8
ssgsQQidkqeycIhlBa,8
uQwMnfXrOfzkLCFxHfd,8
eATTzTEVE,8
yhZOfeFNoKlPVe,8
bxJluC,8
within,8
ntJEAiwKXBGvxrJiqxx,8
strike,8
vrPYFjifVGMCfOhdOl,8
return,8
cdmZ,8
PQdoTCWgLrackKgI,8
QSwHlkZPQHGlQmi,8
host,8
KVFBKuTNsLNWcOGX,8
LLqoNXrOsaIkMtOuTBmO,8
feed,8
rsZgIAMPbcDGNPnNIBy,8
contenteditable,8
gsGHaDMRAxBmQS,8
Create,8
ztUGzdIoCR,8
dQWElMHF,8
RListing,8
RRVRSPeM,8
zHrjuRkP,8
iFstRIvWlWlOGyrY,8
ruby,8
vOGtEDdhmVbkqinhgOv,8
JxkqXsDaXwsNyyHA,8
quotes,8
RQFCKHRDPDOJ,8
ZrfDuvQDBNfBgpXdntb,8
bcdebbfec,8
HTMLStreamPlayervideoregular,8
sdccme,8
eVVguaBVMeKljYRDZV,8
yeMRoZWFtJxVPeZC,8
fePAzF,8
qYqbEJnsm,8
kCxZdn,8
zKTPl,8
AnfrhrAPGcBKFkM,8
qgDkGQIoFEpMMeNtfIBY,8
hSAKYw,8
scurnh,8
tbody,8
jNlDkY,8
RedesignSystemFonts,8
OhABuIsYJLbCpGJUM,8
hHCtqy,8
summary,8
YgWdffoKyCpUaGAEQpoo,8
cAaFtO,8
layout,8
fGjVuX,8
mod,8
oWdez,8
ixeCaq,8
eWrAeX,8
hptobI,8
ProfileHomepage,8
dplx,8
ryytzBnldjGGOrsmCw,8
uLqkbMtzdlpblMFbJq,8
cjHfhXYWuAKzRGNxePHy,8
premiumreddit,8
thumb,8
RqhAo,8
arrfa,8
pmAVgWGFUKVeYIE,8
edeff,8
BNJYEyQmTHFZJwjoXJ,8
juutRX,8
COGitU,8
bVluRM,8
QBYrruihZVRhvwrKuMS,8
sBFMqVphJMfhtnVIiv,8
ilw,8
FRrbwuHyZmlubpnowLZ,8
bzwxr,8
etEbbRBaxAqFuXS,8
IWtwvqkALfRSJBuB,8
public,8
xdiBHPBP,8
track,8
fZYUqO,8
iaAYGvTNtknkTxuHArCzL,8
ins,8
IBMPlexSans,8
zzxnpwcarJXfzzjr,8
FKej,8
enclosure,8
DZKwdUyXAaWF,8
agreement,8
selection,8
markFirstPostVisible,8
dZdSKc,8
JtCjodbIVzVEgbZNn,8
learn,8
highlighted,8
zBYvOwHPxdPEXGCYhKB,8
sukwo,8
csebgIdGwTfBJkUTaQ,8
controls,8
DLEcFoxsqUQBXnJ,8
OaTHmZfiZXAQhBJk,8
EA,8
effaec,8
gifts,8
jsdepsfetchstart,8
bpTFNw,8
volume,8
fdQMudKssWgeznOrR,8
eEEbxk,8
rybpsf,8
eSXStTBAPMYt,8
http,8
decimal,8
zUaWg,8
nBPOfpQDgTmzRFqaVult,8
uZcUQgumllsYgnTxSizG,8
eLvIdOmICVOfguTG,8
jvKTHE,8
giMEpI,8
xPPPHdELF,8
caption,8
vXXDqKLnHetdKvisFzBD,8
scrolling,8
insign,8
BkkYahLrqvrnZoHHBHpU,8
BljeYsli,8
KyXHJZdRPMDVyUjOWp,8
BentonSans,8
BbATRhFvVDHNDjJAO,8
hYctxm,8
unxyUrMEFHC,8
XRPXqL,8
fffc,8
rights,8
nUJen,8
fkcbSO,8
jpZMnH,8
cite,8
iAifspMzPoJzYrErUW,8
fieldset,8
oAzKCYwbVOQ,8
BiinhWHcVTEfDytVnNn,8
vuhvmd,8
touch,8
sygfb,8
fcbjOW,8
hSgJDM,8
bszba,8
wrPeyPxLyLbBNCEZP,8
rootfullscreen,8
attr,8
knZrjAYiwAjhvK,8
super,8
bcbce,8
verdana,8
isNqYD,8
hLJiwUwJJ,8
ring,8
legend,8
caJFgF,8
XCKBYzBTZpjOAFEWvtSy,8
xepUB,8
iKdbqnqObFvSHiCQ,8
dCDmgs,8
xtxTl,8
Ppg,8
iframe,8
typeof,8
black,8
kfLJdE,8
dBqrgO,8
iTtZoeYXChKtb,8
bmnsEB,8
MIDgJfubZOngkhERh,8
yViwSIynOfI,8
TwwXFy,8
dhFVFchWAAFXfLFTan,8
ZOvQhQdAqwdxPdz,8
xsinePdvDKjbf,8
slwz,8
effff,8
rjmej,8
llXCWT,8
yJxUsPnm,8
RfkQFuxjgUzNJqCtC,8
hbcgEe,8
embed,8
YT,8
cLecKT,8
cuXnOdiXHbTttAaGgKr,8
canvas,8
iWoimk,8
jvvbAYwIrxbyXuNQhn,8
HTMLStreamPlayer,8
reduxjsonstart,8
dnbqzWJTFCsswlWlk,8
acronym,8
siufq,8
iCQYbp,8
NUsONhDCErsNLCHk,8
apphtmlstart,8
safabjy,8
eeefaaeae,8
nQrATUwHdVk,8
hXjiwi,8
hoverable,8
ebwjqI,8
rest,8
maNCypRrNM,8
oYNNWiAvmmFIRdwVX,8
BIWlNltjJVgcKynL,8
dHUYIZ,8
front,8
wkYWbrpmOvjqJ,8
LpdcPftJyljHIKR,8
spknqd,8
fit,8
cqsTeCPCGIUNPdClD,8
iXWYbc,8
sipnbl,8
izXubMqeVhQ,8
vjuMdFFaGmELBeiJr,8
raTMCWx,8
YQlWKQuEEEqkm,8
tIvlmIAasOfzHMZzr,8
bfeedfdf,8
dZ,8
srcgrht,8
noPostTitle,8
dl,8
dt,8
dv,8
ef,8
OriginalContent,8
fcfcf,8
tJL,8
bGwsrC,8
hELZctjzdizaWjWalDZ,8
siz,8
FALSE,8
sdqrjy,8
form,8
imyGpC,8
adsdotjsfetchstart,8
ixsUoQRnNfZjhBUy,8
sbxnj,8
BlOfZWJXRIYYm,8
output,8
efdccfc,8
bFtNdL,8
iVAWdqazdcIHXNEQXX,8
bffdd,8
qwwJKKzsDeDOBvvU,8
gEeUEF,8
GZBSYZEtEzLJQ,8
JVvMYgRBHtfCszMdV,8
kq,8
UFRqDAQhricbaNXSuf,8
OqQYc,8
sqoss,8
dYDuCS,8
afeffc,8
zGpD,8
eLfEZO,8
gsAkihQliBnDybgyjghy,8
cXWsSf,8
disc,8
KYCJNwYmvpFMozcn,8
ny,8
daff,8
FcpdQwjwRwkXNiZubx,8
kiEVp,8
bfhcbz,8
keyboard,8
YygLa,8
edwOQM,8
kbd,8
qIQBUOWeEZoeAxNe,8
tErWIxEKrIOkozPsJ,8
qc,8
nMkzHmBctirluJKfGFl,8
biYoFBDCLgOvrrHinV,8
BOHMLKbTXNddgEre,8
them,8
coinsreddit,8
fuGY,8
IyvWL,8
tDEnGMLxpMuOakaDB,8
GCoZTwJWHSwNZwlHk,8
bcFbiE,8
sj,8
audio,8
hxpTao,8
soulv,8
xXaBnLDbsDtzrE,8
headtagstart,8
tt,8
UCZhtPodMyJ,8
swh,8
jEbHrUmHtMsZcfN,8
dbcff,8
YMDoIltkTaZemWTSYki,8
jLUpnQtcAFXywKvq,8
WXYqFVBTdrhCPpARDB,8
privacy,8
byA,8
appreddit,8
cShXro,8
fJQRaL,8
orm,8
nvXgRFhSQlYbbWFW,8
PgjqaVJtqkFQznMX,8
type,8
dLslIwlkKHqIyKz,8
SRZNbVXzHIIMqGwlZD,8
dafedaec,8
PaSGhFVpZeIaYPl,8
CPGEglbIACwQAnP,8
TtGNMQuRdiYPaxSOiIL,8
jRVdNbfaLusfbHre,8
tools,8
EcDxvD,8
wVayyJvIMIDheMYra,8
antialiased,8
hLrLjnEGRBCNcNMVQf,8
xvmxia,8
iRkLLvxarfGucHxhW,8
jmRbSx,8
meyerweb,8
Inc,8
dwmvbJ,8
HxWPuHAzOW,8
UebPof,8
wFkqXecxkPkwrAHk,8
uBDFR,7
f,7
hPQ,7
n,7
JVp,7
hPBsDfNcLKOHu,7
TSdLZMpyzfQbfdcBSc,7
snoo,7
Akj,7
KCRPtfEoiXHCsPPDn,7
vCuMDznHrMjxVeQlBk,7
bdcfbfae,7
DMxsEeoABpUfbcmcofA,7
ProfileOverview,7
YCOmnWpGeRBWPsdWMPR,7
dqeUfW,7
IKjxSiUhxVfaK,7
fhlou,7
NUuT,7
page,7
coythryIQubARHmUc,7
YVauGrkWUYPzKHiy,7
RPJhHnfFohktLZcaJ,7
OSpYRUTaGazfjrnWP,7
fDElwzneJToKzSCkejE,7
hqaYrA,7
YifbTTdeXeZybixmFR,7
dqJfGILUOOpycsUuG,7
ZNfZZMmSFZUWWm,7
experience,7
his,7
commentsharesavehidereport,7
gsiiIaWHfpJJysD,7
banner,7
dek,7
path,7
xjDGPywQfbEuUczh,7
aGquNrZXqcvqv,7
dLKqjSfFMeiOZxA,7
rnKPthtFxyeAFfdJ,7
gjsiea,7
JEVfXVltDgH,7
bBNZZu,7
kNBLAYYqYdySfpqfi,7
PUokUAvLYJxEyPdDd,7
WvWGBpNLkDJVCFdzzn,7
cKeZQpkUQAbRdMX,7
TPTU,7
pIlxiRadWdcEAlZpZw,7
nHK,7
ZGfZpVitkYqnsiTO,7
eXI,7
BlAvWVMCHrKukaBiDrO,7
ccqVWsdQoQlEl,7
BjKXRfAV,7
Communitiesr,7
GfQhFWIubWuHuFqgPhn,7
kYufDD,7
jgwegeMTJ,7
oJIMuVHZP,7
GoodDudes,7
fAVHJE,7
XbVvl,7
kGgzwkJvWmHQjDRfEZla,7
UvQsAqQDZaeOwhydmq,7
sMPcfA,7
PraiseTheCameraMank,7
KWSZXqSMBLhBzkPyJFGR,7
FRRHdGrCdfUWkfqSgn,7
FJaaHMeOjV,7
wcnJRvYkbVflIjjKlLUQ,7
MvAbjWWpggduxPTpBA,7
eizoOTAwtGDgH,7
accidentaltopgear,7
zLepBH,7
QBgKr,7
fLTQnOxtJpKvmnJhATHh,7
IV,7
CgrkekvLcCoaCP,7
JH,7
iZfF,7
gWdCEyVxHUEmBMBOW,7
IfhFuQEhPEmkj,7
monthly,7
SdGgakyQQwVBGKpS,7
NoECtTwmoRhGhLT,7
XJvPvYIEYtcSORsDXwa,7
RT,7
eeVpQqNBni,7
EMItyJFgJKDvcDtXBWN,7
eZUSuvzQlHeJM,7
sggAEfRQLyoAlJtwU,7
bgtLjReMxalPiPzPhR,7
kUftBJ,7
vnIPkjFgBaGNXFL,7
bdMsJobTLMnjONGB,7
TmgZYtDcdErbEdEHJ,7
news,7
TVzxvLEbFphHfZhyU,7
CoinsTry,7
hvzVyOQzOKUlbLIvc,7
zJDbcDeEdSgxV,7
mwgtia,7
PostReddit,7
ukrPzSZdgYfjin,7
XPLqFSZAmYC,7
FiGntc,7
SchoolSystemBroke,7
fcsFaQ,7
jEYsBR,7
do,7
YkOWxKheHpQbgAgYkP,7
never,7
LofvgShcWAGgRJOaIRlf,7
mVwTrTmgMkNGKgvDGVm,7
fkTxaaWwKgRCawvegijy,7
appKObqWfRHreWBKV,7
XmngqAPKZOlDBwcQrR,7
then,7
cmrYJI,7
ProfileComments,7
lILakmfAauhnUzHzjLJ,7
up,7
cdVyWKBXRxSNULLJt,7
News,7
subscribersSubscribeaboutcareerspressadvertisebloghelpthe,7
QgBKECuqpeRumRjYcP,7
bJalgnxAZ,7
MvcJWtVfXEuOFsdyUn,7
oFobGDmMTlVOWUWEzg,7
can,7
EuXvlGwlpnzkivasG,7
wQQNkVRqNpQCzAXB,7
iEZQGtwWmZbBpEdRzdb,6
shortcutsPopularlog,6
rZQhHgLYvKFGJ,6
Popular,6
cfcdf,6
have,6
ewSvGu,6
bJBAtI,6
krkle,6
dXbtHGOyoErideVczSihW,6
funny,6
xbYfCVkDLcL,6
ordinal,6
jjYLFp,6
UPrxw,6
WmexeM,6
shkjs,6
JZZKihymfU,6
nbcnews,6
hvbjXB,6
ykL,6
group,6
their,6
comComments,6
APuwJcYtzuC,6
bbbaeeecc,6
unicode,6
scymkf,6
eefdacedaaf,6
made,6
blenUs,6
dbdafaf,6
rouxlxGy,6
dshSNC,6
make,6
shared,6
ebbcdddbddbbcbdcab,6
CohPKJ,6
sbvbdp,6
qvUnf,6
QfHpWIJiMAUCMaBPI,6
Check,6
books,6
oYxAOTrSESaPjeTluz,6
commentsharesave,6
upvoted,6
mCYorxWwoMlryLTEOtzn,6
wGfnWsTOKvDrrQQh,6
pulled,6
OoDUyBhEpgzdHjnvT,6
hbUOTtGgIZiuYusNJvg,6
RedesignContentFonts,6
cNNwiJilpinVfBxEf,6
commented,6
SKaTTXsEmnJfVOjoj,6
advertisement,6
ZfeBKtWHTImyn,6
aww,6
pRhtIEZYEimHWhnn,6
eYrWvz,6
dgWhMFiTjhxQDdplJbh,6
fauFKjghEmBVr,6
promoted,6
by,6
cf,6
sdrr,6
WOANniVdfPgOcw,6
sjoiip,6
yrwqAzAOwGsvPfZRXr,6
dcruvF,6
commentssharesavehidereportr,6
eAXMmR,6
VukYxlUdnQsNHYigv,6
popularThe,6
eeIiOR,6
lfgtnI,6
PEugEpCjwdrGhDpWxgPL,6
know,6
ddcdbbcbdcfe,6
JDtWiKygmlDDOxmx,6
lltrhL,6
xZnOQmSlVijYuqHxGV,6
range,6
HUZgjPtZfTmrPzKQhn,6
gaming,5
Sign,5
xqoc,5
back,5
don,5
Email,5
rjlIRqkCnmBoSlEQu,5
He,5
squdme,5
politics,5
You,5
as,5
over,5
fltJwe,5
or,5
old,5
re,5
ve,5
qEUIrGnKgnRiFcrko,5
ghost,5
really,5
eYOrPb,4
eghWMc,4
agoYou,4
too,4
SrGrafo,4
soruwm,4
dszVrW,4
think,4
ilLfdU,4
This,4
tech,4
hhyks,4
bEKxZz,4
beat,4
throwaway,4
been,4
swvc,4
nvusn,4
dAfmou,4
some,4
iJCrt,4
eRbXWCebKIuLXdJIwNjK,4
vEtkc,4
skin,4
appears,4
agoHALO,4
about,4
wants,4
dHfIeC,4
gFvWbk,4
agoI,4
ecPIad,4
yypgw,4
ILikeMondayz,4
agoMichael,4
username,4
Go,4
Justice,4
Trump,4
Showing,4
nymag,4
wanted,4
Has,4
those,4
what,4
fde,4
iFSoSK,4
bLpVgt,4
original,4
delay,4
smaq,4
iQdHyy,4
Dangling,4
Cohen,4
go,4
CommentsPlay,4
elqz,4
agoCan,4
ejhhi,4
nlSSvSuwdSdhODOLD,4
YIRdG,4
emmawiiwiiwii,4
Obstructed,4
so,4
one,4
mUmrgWesSKSmZhQEjWV,4
UJGTKmHdTVKyOdhiMAJ,4
kid,4
we,4
location,4
Epic,4
comLearn,4
intell,4
Pardon,4
scwfoiu,4
More,4
get,4
like,4
would,3
pics,3
sdydj,3
got,3
dakotanebraskanew,3
conversation,3
islandsouth,3
well,3
period,3
says,3
oaSdfHfI,3
cut,3
SortHothotHothotnewcontroversialtoprisingunited,3
things,3
mexiconevadanew,3
cygzza,3
zealandphilippinespolandportugalpuerto,3
dakotatennesseetexasutahvirginiavermontwashingtonwisconsinwest,3
videos,3
going,3
how,3
yorkohiooklahomaoregonpennsylvaniarhode,3
kingdomall,3
UQtcgIcbtFTSSHqiH,3
stateseverywhereunited,3
bmnXsi,3
being,3
fivemoretimes,3
ricoromaniaserbiasingaporeswedentaiwanthailandturkeyunited,3
jerseynew,3
statesargentinaaustraliabulgariacanadachilecolombiacroatiaczech,3
cheating,3
tougher,3
something,3
gNfqYT,3
sxko,3
columbiadelawarefloridageorgiahawaiiiowaidahoillinoisindianakansaskentuckylouisianamassachusettsmarylandmainemichiganminnesotamissourimississippimontananorth,3
Content,3
RoastMe,3
statesall,3
year,3
stop,3
least,3
couple,3
couldn,3
need,3
hETaaJ,3
college,3
ringleader,3
If,3
other,3
It,3
iWiVmZ,3
removes,3
points,3
OC,3
any,3
autism,3
Playbar,3
pyciUPyJIviGSkASOu,3
noticed,3
worst,3
agoMore,3
window,3
when,3
misinformation,3
foFZXF,3
cures,3
snowflakes,3
more,3
veteran,3
didn,3
promoting,3
af,3
vZgjIOmc,3
JqNsQRTEcAPCqGOmO,3
scheme,3
lockedAmazon,3
bTTQou,3
benefited,3
fclIrcoRuSJ,3
millennial,3
carolinasouth,3
fott,3
agoDesert,3
off,3
sign,3
republicfinlandgreecehungaryicelandindiairelandjapanmalaysiamexiconew,3
than,3
months,3
virginiawyoming,3
carolinanorth,3
families,3
they,3
sP,3
storm,3
Cowboybenbob,3
vaccine,3
Next,3
our,3
seeing,3
baTchWulJGRusWn,3
SAT,3
jrARZj,3
agoComments,3
said,3
statesalaskaalabamaarkansasarizonacaliforniacoloradoconnecticutdistrict,3
hampshirenew,3
Craftsr,2
RQcMmFRTNAtvfd,2
premeds,2
nfyOsQxmVlxXdxuwfH,2
gone,2
speahe,2
room,2
agofromtriplebyte,2
service,2
there,2
fbIVTSoSVjfzjWnMf,2
hate,2
jZQFVY,2
guy,2
bought,2
Join,2
umasked,2
Screwdriver,2
were,2
devilmaycry,2
WbHqicmobscrxcNoRMz,2
want,2
two,2
found,2
team,2
PWARIYmlsbZulrsGQAVC,2
They,2
lALHNsLYdsFaqmv,2
medical,2
Forgot,2
had,2
Deals,2
There,2
has,2
warm,2
away,2
anything,2
cImSnpSGzCnaj,2
Password,2
disease,2
purchase,2
eyEQiTeoMfPFHKZsVTk,2
her,2
VcroXmJSStZnIiJODq,2
season,2
light,2
ZqUmCpQPjeqfTOLu,2
LsydDOPfsUYWswn,2
oOsLNMxpdzuDH,2
tell,2
gRopyW,2
worldwide,2
Why,2
part,2
point,2
startups,2
cIyovR,2
imgur,2
down,2
ZMpGOwwzQLQDmjsycd,2
take,2
month,2
RDCFfelKrhJHKKZkPPD,2
SettingsFullscreen,2
Good,2
sense,2
BsUesxluKyCHnP,2
equipment,2
LGkFCIsPLVchglGmP,2
falling,2
attempting,2
agofromwww,2
drawing,2
based,2
Triplebyte,2
into,2
HKTCjlTGSwYqr,2
But,2
PBhQhuscBSLOIyHPz,2
inside,2
PkuENlFnVlvkkfqFrwK,2
felt,2
CcMbAIxqarVdGR,2
DXzqFfRPHDAAhSJMbTxi,2
FNQkNYl,2
Away,2
still,2
work,2
fzRrQizqlZaoPrzGIN,2
Triplebyteofficial,2
itookapicture,2
fEgMiB,2
snpjfr,2
NneWLWrvekWBZYLULA,2
AzDFyWlGpoFWxH,2
BAgjhNwLExUvXTAvxR,2
Dome,2
speaker,2
death,2
CRJCAZUtszmWPxUTUqP,2
Thanks,2
instead,2
fOKXAY,2
Spirited,2
fBgYYD,2
because,2
community,2
happening,2
beware,2
Paintingr,2
DIY,2
By,2
adb,2
ceef,2
laser,2
Username,2
movie,2
ago,2
years,2
Back,2
judge,2
gifs,2
Top,2
trackerkey,2
share,2
signing,2
etc,2
net,2
new,2
MO,2
weren,2
Daddy,2
No,2
Find,2
thought,2
companies,2
SdYLjrolYVxzulo,2
Bathhouse,2
came,2
where,2
Choose,2
shit,2
To,2
next,2
show,2
delivery,2
Wf,2
play,2
HYKLhLnHINSXTtdsP,2
Log,2
AWtVAjseFZoaWxp,2
disability,2
constantly,2
trackersecret,2
lyBMdpYVMHQASCSYGiO,2
triplebyte,2
qRfEA,2
who,2
why,2
TXHiCvqoKnRDIqehB,2
also,2
GoqoM,2
customer,2
rant,2
kDIY,2
an,2
AccountManager,2
bMbIUs,2
config,2
bed,2
trackerendpoint,2
won,2
which,2
little,2
ocD,2
very,2
EJnvhRIxLBgLxFi,2
NrsaSmaOBeqrNuPb,2
knew,2
fQCZOQ,2
WMXjyXL,2
joke,2
kDrawing,2
places,2
hide,2
while,2
mrITcnODXcvMfoonBXeD,2
faster,2
VFpZFlMlZpZTJaWVyMWFpchhaGhvaHNoZWl,2
LjXejbQUGZLYHYO,2
ZVRJCHgekfYoZE,2
amazon,2
kPhotographyr,2
agoThere,2
started,2
YXvxrWbsDZuEvIuRKo,2
life,2
cases,2
seconds,2
come,2
zf,2
saat,2
dark,2
baowkToROGVNRtMR,2
help,2
Policy,2
only,2
should,2
accepted,2
week,2
siFJBkXtYGgVfEgR,2
JhbrLSCwywCqswsjUAzS,2
MackWeldon,2
rQURIyWXPMKyzTsJVhS,2
Think,1
pick,1
agoDon,1
investment,1
Having,1
much,1
A,1
C,1
E,1
DahDopePope,1
talking,1
example,1
arrived,1
same,1
V,1
quiet,1
FMwepWD,1
hand,1
ordered,1
yyPZbzMoNrAUtQOSktBd,1
iLWXns,1
o,1
JackmanWorksu,1
w,1
exciting,1
days,1
Gonna,1
bbbdbf,1
comShop,1
JackmanWorks,1
MacMiller,1
YoutubeMisleading,1
SortnewHothotnewcontroversialtoprising,1
miffythebunny,1
weekSubway,1
nowBlown,1
FJTuqjNuqeiQGAj,1
TadeuszSynZygmuntaFollowaboutcareerspressadvertisebloghelpthe,1
ilHJMlHzKppQleJjuboQ,1
AmazonOfficial,1
society,1
normalcy,1
aAoswTeXSPDOjbLMm,1
multiple,1
lockedHere,1
iRayBf,1
Subreddit,1
taking,1
gunVhj,1
agoMy,1
heroes,1
qyTYZFvfUHEGXrFRm,1
atlantamagazine,1
understand,1
ZzXnnvViWcNiyJDAwQDt,1
ever,1
yIBLJHBlFgtecGofE,1
million,1
even,1
scritches,1
appearing,1
wait,1
hundred,1
fuck,1
GSTksfwbmDEmcA,1
agoPositano,1
product,1
famous,1
appyqukOnbvdWjaL,1
aHXX,1
didnteventri,1
Smart,1
picture,1
jaded,1
verge,1
PaintingEntertainmentGamingMusicPhotographyVideosWritingJoin,1
Galaxy,1
tonight,1
New,1
almost,1
rMsu,1
agoIn,1
cow,1
prevents,1
abilities,1
CraftsDrawing,1
wake,1
members,1
everyone,1
Three,1
agofly,1
chatted,1
QyJR,1
And,1
nowWhat,1
try,1
rising,1
djiktxthr,1
Williams,1
extra,1
PuBrWWoR,1
grantedtoast,1
bVJFyzdpBBFtNXMsZt,1
interested,1
TadeuszSynZygmuntau,1
SortcontroversialHothotnewcontroversialtoprisingpast,1
vWDDpepKDRWqekBvJEi,1
password,1
championship,1
Then,1
let,1
Thank,1
Mindy,1
Stanford,1
Are,1
IPxgawQfrpKawcnvftu,1
offering,1
fkrlbB,1
HnhAFvqdYxeLgLqRXfK,1
probably,1
STduBQV,1
killing,1
Buyer,1
pencils,1
VlkCIiHFreHYIEjcO,1
latest,1
pointless,1
Run,1
watch,1
Morning,1
agoPolitician,1
wasn,1
paying,1
school,1
lEtHX,1
basically,1
tSmLt,1
Micheal,1
realize,1
offers,1
NatureIsFuckingLit,1
chest,1
AlbumCN,1
kWritingr,1
house,1
MeewptrCQrmobGNee,1
Glamor,1
iYbSYPwjAdVGAKs,1
stare,1
vote,1
early,1
pain,1
lockedNew,1
Fan,1
nUinO,1
rsENdHzxqXJjqSdUylB,1
short,1
RkMDIZRsFtsuIm,1
lockedIntroducing,1
Come,1
happy,1
golden,1
wKSJJGETSxZVlkChNX,1
VzoSMLMhwwIxRIpp,1
savings,1
SeTreUiuhQYZKmggj,1
cBHGzAvbCcbRbvPStY,1
okay,1
having,1
Kudos,1
jBymLZmAmsMelhCFZsUI,1
iyICXG,1
Lover,1
Opinion,1
artist,1
lazy,1
bnGgxf,1
lot,1
computer,1
premium,1
Amsterdam,1
low,1
meant,1
blown,1
nowUnmasked,1
TQairstrike,1
fetch,1
AskReddit,1
nowPorn,1
choice,1
None,1
ecefdc,1
daa,1
gfycat,1
jXootc,1
day,1
jkODaD,1
absolutely,1
CityPorn,1
hbdtmpLuhCRSK,1
SortHothotHothotnewcontroversialtopBest,1
auhCt,1
Saw,1
iltsaw,1
subscribe,1
Designated,1
clear,1
third,1
Second,1
nowFound,1
suggestions,1
Bay,1
jQsJcU,1
apartment,1
smiles,1
apexlegends,1
WdzooppcYXYlpjKZZRj,1
GMA,1
fortnite,1
happen,1
pass,1
uPyUGlwdDzPsqiOwG,1
agoLeaving,1
easy,1
buyer,1
Here,1
GreenTeaPikeFollow,1
haunts,1
KZqWvdlRDNmHXcrUX,1
NCoxnf,1
evCORfYPgobOPAKBH,1
rdDPLmnfPIFKHbLCyRn,1
Your,1
BIJIDdDHemkRdSgYtS,1
did,1
giphy,1
sometimes,1
cloudfront,1
eWeivE,1
adding,1
talk,1
qlaSPPzynVHzRnmFA,1
Fox,1
succulent,1
Area,1
Because,1
occasions,1
Early,1
allThe,1
Patch,1
With,1
miss,1
OMGIdontcarejust,1
company,1
RIdh,1
Room,1
agoSome,1
Already,1
deems,1
Even,1
sharpies,1
funniest,1
Ltwjj,1
Oel,1
dog,1
POLARIZATION,1
acting,1
upset,1
PixelArt,1
BkEgkwxWFSWuVUk,1
Vietnam,1
SnobbyDobbyjust,1
overpriced,1
wouldn,1
man,1
qlCLvAherNBsvBIMR,1
pixelart,1
may,1
Survivor,1
topics,1
Adams,1
forward,1
health,1
YrPtUZyIgZmtBoCIOjC,1
eRb,1
able,1
todayd,1
UtDCPIoyQnqx,1
use,1
feel,1
ffffff,1
credit,1
oxygen,1
terrible,1
EUFMSWWx,1
hoops,1
difficult,1
PhWjTZJk,1
sort,1
CpYCxMGuxCYjrtTgDTR,1
trash,1
Fuck,1
svPjrTufAABoINCKRN,1
since,1
vsEqtCPdekfIaLfBZp,1
sammyr,1
Monny,1
dominoes,1
scandinavia,1
hour,1
met,1
JfhQhZqpLgByZUbKyD,1
melanthonu,1
wkCuPcL,1
pulling,1
woke,1
commentsd,1
PZpCplhcmXmVN,1
mKraSoIJUnWOEEgnuC,1
goals,1
boxes,1
PoopDoktor,1
fluent,1
kObOhg,1
PostBest,1
Sincerely,1
MiKBKJCDaPRJr,1
religious,1
gLHOfq,1
comics,1
long,1
fell,1
remember,1
Bun,1
free,1
XFXYNdeJEGFwKDLXpX,1
bothers,1
oiLmBSRAULcOPEtjXSh,1
stay,1
everyday,1
xepMiAQvt,1
jsprVHhqOaPlN,1
sfGjDaEBhmeClAyBo,1
CapcomOfficial,1
SettingsFullscreenwww,1
hLQmik,1
rNrHniwBXNWMVe,1
funded,1
commentssharesavehidereportOriginal,1
wood,1
nowDisabled,1
subscribersSubscribeRecent,1
UTXxzSwbREWHksSeh,1
please,1
look,1
Fuhrer,1
sucked,1
unlocks,1
allow,1
dLxzWW,1
Chucky,1
needed,1
father,1
muxiv,1
Aside,1
XeA,1
interest,1
themselves,1
HoOlmppFDBCsXWY,1
NdJvzR,1
answered,1
recently,1
again,1
Title,1
oPTBVCRAKkjXQHRYu,1
uyRQYCofMUyoRkjCl,1
healthy,1
comment,1
forever,1
tQrDQoIjVVCMgrLYXU,1
dubtJAHgSzJVAiRzk,1
bYfdkh,1
iBuIXhlaetHvSYZBq,1
NiaGBoPzRxNSyeCck,1
SorttopHothotnewcontroversialtoprisingpast,1
qxO,1
agofromMackWeldon,1
humor,1
controlling,1
slate,1
eVKEiEgNTHopUFDqZhu,1
cBJStdYxmiRjSgSeH,1
isaac,1
otZuDhYTrYmgFArRm,1
agree,1
gDkOygsikCeyubcVg,1
MsQgmnKXnwElZFAjCbV,1
bxbYlP,1
lockedGet,1
Amazon,1
love,1
unpopularopinion,1
vbz,1
across,1
yiICy,1
Overwatch,1
DhCOMdXYJ,1
ftWcrq,1
nice,1
opinion,1
iiTygerty,1
kmled,1
perfect,1
ptPrxWpxDTQJcmVNe,1
WnHenbLKwTkOLWFD,1
gZLJghZHrkIQlPvwZYDE,1
dirtnastysuicidejust,1
commentshMovie,1
imbadajust,1
expensive,1
fans,1
CORRECT,1
serial,1
vyJFDQjwCWmhvljSan,1
hands,1
desperate,1
WCZvfrkaO,1
Oofiojust,1
score,1
adaacb,1
woodOC,1
vhAgVPJZWyd,1
shortcutsAlllog,1
weekr,1
providing,1
posted,1
BS,1
RYEEcDNnAX,1
Flubber,1
pICIigBUFPt,1
evenings,1
IUkrxucpVcbGPl,1
kAzaGqRMTChm,1
XaNoGArgCjyyzXqzVRI,1
Bx,1
krImGLmMtiacZJX,1
sonos,1
Take,1
senses,1
red,1
grecaptchaSiteKey,1
leave,1
helped,1
Obsessed,1
VNbdMdEXhCajLS,1
Dr,1
Popeye,1
zYCekbwl,1
commentsdI,1
ride,1
peaceful,1
dGYZAzXHXXDcLtLVuv,1
SettingsFullscreensamsung,1
Doubtfire,1
gWkHloKRuxIPqEBqAlk,1
agoLITERALLY,1
special,1
SpurredSnakejust,1
backup,1
told,1
Astley,1
BHhTG,1
Resin,1
eryjvx,1
nothing,1
IS,1
mtomskyFollow,1
QMHsvahMyVPnDIDo,1
gGHOXO,1
agoRobin,1
JC,1
eLLsfJ,1
Guinea,1
FjVXxeuKSKMTO,1
Danmark,1
defeat,1
asked,1
CategoriesBETABestComicsDIY,1
Hook,1
ByfelsDisciple,1
filled,1
sxpoaln,1
powerful,1
removed,1
future,1
scaled,1
ZqvsDKOAdS,1
vSQxU,1
Try,1
pisses,1
always,1
took,1
read,1
Mommy,1
disabilitiesRant,1
parody,1
tlJjQOChCIsgQU,1
real,1
agoTIL,1
Cry,1
My,1
toro,1
premed,1
OS,1
golem,1
emteeone,1
until,1
Let,1
Beto,1
Or,1
GMEZqDsSvKVyjGIz,1
Sonos,1
Bateleur,1
NOTHING,1
iLrKmvoKpJoZHGbz,1
dance,1
Instant,1
shouldn,1
FZfzFmmtRTyUcoORtW,1
Handle,1
OnBTLhwkjTqbjDZaNk,1
blatantly,1
tarPeMzZuRMfsrQrx,1
referencing,1
LeTnxkTAAAAANQEuDZRpnWwKkRTRWg,1
maybe,1
another,1
students,1
VDWkydkrndR,1
JKQYYtQFdjMQJhVbDGe,1
DSgZoQLneHjWEldVvDG,1
GROUP,1
pockets,1
taken,1
AskOuija,1
CommercialArticlejust,1
Abuse,1
stalker,1
palpable,1
call,1
TQairstrikeFollow,1
such,1
diagnostics,1
classic,1
stayed,1
CnsxnxOVDjZh,1
ask,1
So,1
understood,1
solicitors,1
TV,1
agoGive,1
graphite,1
ObtlU,1
horrifically,1
view,1
either,1
YGvHlEfRAzConab,1
might,1
agoWhen,1
mATOvmcQpFcfcBXjFol,1
bold,1
significant,1
HimChild,1
eradicate,1
KKNujBNA,1
Up,1
blind,1
shop,1
ejHFUxTCKhKZVrkYM,1
todayilearned,1
wBaYnTsmQh,1
now,1
DPJsuYE,1
factor,1
Contentlog,1
aVXYLWktPHYxXbOJbfEg,1
way,1
TcsvuOZyGvAhSmS,1
kKIFhx,1
Within,1
gRDrBnBUdM,1
PixelArtk,1
UmGeNsebZteyKdDL,1
crayola,1
GwEHkRpaPT,1
Epoxy,1
quickly,1
qkGVKHdAOslCbSge,1
Privacy,1
subscribed,1
MrLovensFollow,1
dressing,1
slice,1
far,1
fat,1
Worm,1
filmography,1
case,1
generation,1
item,1
phone,1
WIlKaqHMMqzIuQXRY,1
completely,1
card,1
TadeuszSynZygmunta,1
enabled,1
lBXRQYCCGVZfQJODL,1
inhibits,1
zDhTpkqcIWcTCW,1
TheLoremann,1
tJGHTVRmdk,1
tothetenthpower,1
born,1
jkRl,1
great,1
oHnTSlh,1
alot,1
Day,1
wondered,1
Froggmann,1
dice,1
used,1
rain,1
XdjckgSGhgpGEGUohLw,1
IZUO,1
vSJGYbytdlYDhANolyh,1
GROUPTHINK,1
bSVCQTRdxwyIGqCjf,1
eagle,1
job,1
daughter,1
stigma,1
game,1
solicitation,1
QAmOEgKAW,1
commentsharesavehidereportr,1
inspiration,1
NBLngjYvGcqlXJIk,1
giigIncPELawjdJQbkq,1
alone,1
Jack,1
authentication,1
jpm,1
album,1
sat,1
saw,1
PMbulVzccnHrwDDPiqto,1
gets,1
Original,1
shortcutsOriginal,1
bzdpBA,1
bad,1
boys,1
losing,1
skins,1
iqpBYJ,1
complex,1
honest,1
ZuNdJfJvpojDMILP,1
nowHistorien,1
CrappyDesign,1
TQairstrikeu,1
giiXBn,1
agoDear,1
dcYAIoQvZtLsiIQLT,1
BunBoiFollow,1
haunted,1
Devil,1
looking,1
drive,1
PrQgtZKPkQhsYwrdYga,1
deaf,1
offered,1
ormore,1
Did,1
keeping,1
words,1
mtomskyu,1
breathe,1
food,1
battle,1
awesome,1
agoAfter,1
Qcd,1
Underwear,1
interview,1
MuBinCihyNgBycpr,1
dPygXwKlmlGuxfWMhJ,1
bee,1
Communities,1
dk,1
Guys,1
language,1
dr,1
XwEPWDBmYH,1
digit,1
needs,1
FortCollins,1
Birdcage,1
realesed,1
garbage,1
piece,1
Italy,1
however,1
ejSRpH,1
explained,1
trouble,1
Rick,1
QSeaIjJDpEJnGoGIR,1
digital,1
gk,1
fxCCqGIRW,1
wreath,1
FortNiteBR,1
hf,1
UCOjEBwHnvHkzBrjPsR,1
ECZWRoEKV,1
cqtJaS,1
Image,1
thanks,1
President,1
warranty,1
model,1
Don,1
large,1
hella,1
crafts,1
Ready,1
xUo,1
agofromsamsung,1
become,1
RsomDBMRmzJwQoMAHI,1
works,1
May,1
blJHXrhpaDTreUa,1
world,1
ability,1
everything,1
seemed,1
Use,1
suggestion,1
Tonight,1
KghweVAiFiXRIsylQ,1
GreenTeaPikeu,1
disabilities,1
wSKgZiuaUZtqPKuzM,1
complete,1
fun,1
hZWQWB,1
NguloWafMcMDmz,1
UeyY,1
different,1
locked,1
mj,1
SamsungMobileUS,1
SGDuagzxDwpseKWa,1
Terms,1
Redditor,1
relevant,1
nc,1
Giant,1
recipe,1
bDfMgc,1
total,1
loser,1
om,1
pretty,1
cTrNkD,1
kgjZeqYSkBzbGwBt,1
social,1
yjYnCjkWtjpibBncel,1
cross,1
pY,1
control,1
zLylbOLqdzGCJhdkEVQ,1
agoThis,1
pSfbdtavABCVdrie,1
Friends,1
mnNoVlcxHul,1
REdLXFmpSjmoeNFnQI,1
KNDLfQliLnvydBdNi,1
Craftsman,1
Remember,1
Never,1
agoITAP,1
remaining,1
notreallyryannjust,1
rd,1
concepts,1
Anyways,1
Boiu,1
lstWgw,1
seek,1
cfqttCbwNBqdqxRi,1
seen,1
Saddle,1
se,1
Flames,1
current,1
unfunny,1
MrLovensu,1
st,1
Nero,1
pull,1
rBuuOwPxb,1
Ghost,1
story,1
tv,1
QOQumYHGIfrXAxK,1
interviews,1
TmKFfsfcWIwUcmgnjfU,1
us,1
cringy,1
LdXA,1
AdYo,1
Calgary,1
styleDISCUSSION,1
yViozmzcYBVJyNXzRj,1
purchased,1
sees,1
What,1
Toys,1
missing,1
wp,1
amns,1
gay,1
elMVRYfkbHdFTihhlUK,1
bLZqei,1
DnDk,1
ya,1
oEWBXnmxccycbOzIeZ,1
Give,1
iEIcegvYgWgAjTR,1
VKXVQvAXOci,1
fMmdnUYPUbZGhGWbC,1
asleep,1
gysLtkFcLBGUySVF,1
Haunting,1
ZseEDtQarFcCdCsPE,1
wife,1
smdsZEYcHZojNFUVR,1
tJdrumngcuEpDk,1
YouTube,1
YXwyU,1
DmpnT,1
scared,1
Posters,1
maebydroid,1
galler,1
Mrs,1
oMZWtiIZfhIvZbyOR,1
place,1
Mork,1
ierARodrVMGHkKwTPE,1
foofighter,1
bigger,1
nosleep,1
SortHothotHothotnewcontroversialtoprising,1
site,1
When,1
mtomsky,1
pXBOlTiSAMVSDuOrT,1
Disease,1
jsNcHmrnNEHRpSqktT,1
TBCGK,1
own,1
melanthonFollow,1
lockedDante,1
dnkMjLeThyGPEboAf,1
Smallpox,1
kjKnQFVUVrujMRQFJcM,1
xdViN,1
goes,1
vpolgVjVUdNQBlNsBS,1
ztaAHYqZbZbLYMI,1
lLjEPPyxAGwTuk,1
agoHead,1
safe,1
eKSQVO,1
send,1
JackmanWorksFollow,1
youtube,1
BxsVlFspHwPlgMaHt,1
Oqfmv,1
Hopkins,1
Reason,1
wildcard,1
Donald,1
AmqaWXRxqXAjmjQwE,1
wild,1
